speaker_dir,character_name,subset,filename,path,label,primary_alias,alias_count,kind,sample_rate,channels,duration_sec,has_frq,has_oto,error
maoto,消臭妖精ノール,単独音,あ.wav,research/data/raw/reference/utau-samples/maoto/単独音/あ.wav,あ,,1,vowel,44100,1,1.624853,true,true,
maoto,消臭妖精ノール,単独音,い.wav,research/data/raw/reference/utau-samples/maoto/単独音/い.wav,い,,1,vowel,44100,1,1.749841,true,true,
maoto,消臭妖精ノール,単独音,いぇ.wav,research/data/raw/reference/utau-samples/maoto/単独音/いぇ.wav,いぇ,,1,cv,44100,1,1.687347,true,true,
maoto,消臭妖精ノール,単独音,う.wav,research/data/raw/reference/utau-samples/maoto/単独音/う.wav,う,,1,vowel,44100,1,1.749841,true,true,
maoto,消臭妖精ノール,単独音,うぁ.wav,research/data/raw/reference/utau-samples/maoto/単独音/うぁ.wav,うぁ,,1,cv,44100,1,1.749841,true,true,
maoto,消臭妖精ノール,単独音,うぃ.wav,research/data/raw/reference/utau-samples/maoto/単独音/うぃ.wav,うぃ,,1,cv,44100,1,1.624853,true,true,
maoto,消臭妖精ノール,単独音,うぇ.wav,research/data/raw/reference/utau-samples/maoto/単独音/うぇ.wav,うぇ,,1,cv,44100,1,1.749841,true,true,
maoto,消臭妖精ノール,単独音,うぉ.wav,research/data/raw/reference/utau-samples/maoto/単独音/うぉ.wav,うぉ,,1,cv,44100,1,1.749841,true,true,
maoto,消臭妖精ノール,単独音,え.wav,research/data/raw/reference/utau-samples/maoto/単独音/え.wav,え,,1,vowel,44100,1,1.624853,true,true,
maoto,消臭妖精ノール,単独音,お.wav,research/data/raw/reference/utau-samples/maoto/単独音/お.wav,お,を,1,vowel,44100,1,1.624853,true,true,
maoto,消臭妖精ノール,単独音,か.wav,research/data/raw/reference/utau-samples/maoto/単独音/か.wav,か,,1,cv,44100,1,1.624853,true,true,
maoto,消臭妖精ノール,単独音,が.wav,research/data/raw/reference/utau-samples/maoto/単独音/が.wav,が,,0,cv,44100,1,1.687347,true,true,
maoto,消臭妖精ノール,単独音,き.wav,research/data/raw/reference/utau-samples/maoto/単独音/き.wav,き,,1,cv,44100,1,1.750930,true,true,
maoto,消臭妖精ノール,単独音,きぇ.wav,research/data/raw/reference/utau-samples/maoto/単独音/きぇ.wav,きぇ,,1,cv,44100,1,1.749841,true,true,
maoto,消臭妖精ノール,単独音,きゃ.wav,research/data/raw/reference/utau-samples/maoto/単独音/きゃ.wav,きゃ,,1,cv,44100,1,1.624853,true,true,
maoto,消臭妖精ノール,単独音,きゅ.wav,research/data/raw/reference/utau-samples/maoto/単独音/きゅ.wav,きゅ,,1,cv,44100,1,1.624853,true,true,
maoto,消臭妖精ノール,単独音,きょ.wav,research/data/raw/reference/utau-samples/maoto/単独音/きょ.wav,きょ,,1,cv,44100,1,1.687347,true,true,
maoto,消臭妖精ノール,単独音,ぎ.wav,research/data/raw/reference/utau-samples/maoto/単独音/ぎ.wav,ぎ,,0,cv,44100,1,1.562358,true,true,
maoto,消臭妖精ノール,単独音,ぎぇ.wav,research/data/raw/reference/utau-samples/maoto/単独音/ぎぇ.wav,ぎぇ,,0,cv,44100,1,1.749841,true,true,
maoto,消臭妖精ノール,単独音,ぎゃ.wav,research/data/raw/reference/utau-samples/maoto/単独音/ぎゃ.wav,ぎゃ,,0,cv,44100,1,1.687347,true,true,
maoto,消臭妖精ノール,単独音,ぎゅ.wav,research/data/raw/reference/utau-samples/maoto/単独音/ぎゅ.wav,ぎゅ,,0,cv,44100,1,1.749841,true,true,
maoto,消臭妖精ノール,単独音,ぎょ.wav,research/data/raw/reference/utau-samples/maoto/単独音/ぎょ.wav,ぎょ,,0,cv,44100,1,1.687347,true,true,
maoto,消臭妖精ノール,単独音,く.wav,research/data/raw/reference/utau-samples/maoto/単独音/く.wav,く,,1,cv,44100,1,1.749841,true,true,
maoto,消臭妖精ノール,単独音,くぁ.wav,research/data/raw/reference/utau-samples/maoto/単独音/くぁ.wav,くぁ,,1,cv,44100,1,1.624853,true,true,
maoto,消臭妖精ノール,単独音,くぃ.wav,research/data/raw/reference/utau-samples/maoto/単独音/くぃ.wav,くぃ,,1,cv,44100,1,1.624853,true,true,
maoto,消臭妖精ノール,単独音,くぇ.wav,research/data/raw/reference/utau-samples/maoto/単独音/くぇ.wav,くぇ,,1,cv,44100,1,1.749841,true,true,
maoto,消臭妖精ノール,単独音,くぉ.wav,research/data/raw/reference/utau-samples/maoto/単独音/くぉ.wav,くぉ,,1,cv,44100,1,1.624853,true,true,
maoto,消臭妖精ノール,単独音,ぐ.wav,research/data/raw/reference/utau-samples/maoto/単独音/ぐ.wav,ぐ,,0,cv,44100,1,1.687347,true,true,
maoto,消臭妖精ノール,単独音,ぐぁ.wav,research/data/raw/reference/utau-samples/maoto/単独音/ぐぁ.wav,ぐぁ,,0,cv,44100,1,1.624853,true,true,
maoto,消臭妖精ノール,単独音,ぐぃ.wav,research/data/raw/reference/utau-samples/maoto/単独音/ぐぃ.wav,ぐぃ,,0,cv,44100,1,1.624853,true,true,
maoto,消臭妖精ノール,単独音,ぐぇ.wav,research/data/raw/reference/utau-samples/maoto/単独音/ぐぇ.wav,ぐぇ,,0,cv,44100,1,1.624853,true,true,
maoto,消臭妖精ノール,単独音,ぐぉ.wav,research/data/raw/reference/utau-samples/maoto/単独音/ぐぉ.wav,ぐぉ,,0,cv,44100,1,1.687347,true,true,
maoto,消臭妖精ノール,単独音,け.wav,research/data/raw/reference/utau-samples/maoto/単独音/け.wav,け,,1,cv,44100,1,1.624853,true,true,
maoto,消臭妖精ノール,単独音,げ.wav,research/data/raw/reference/utau-samples/maoto/単独音/げ.wav,げ,,0,cv,44100,1,1.624853,true,true,
maoto,消臭妖精ノール,単独音,こ.wav,research/data/raw/reference/utau-samples/maoto/単独音/こ.wav,こ,,1,cv,44100,1,1.749841,true,true,
maoto,消臭妖精ノール,単独音,ご.wav,research/data/raw/reference/utau-samples/maoto/単独音/ご.wav,ご,,0,cv,44100,1,1.749841,true,true,
maoto,消臭妖精ノール,単独音,さ.wav,research/data/raw/reference/utau-samples/maoto/単独音/さ.wav,さ,,1,cv,44100,1,1.624853,true,true,
maoto,消臭妖精ノール,単独音,ざ.wav,research/data/raw/reference/utau-samples/maoto/単独音/ざ.wav,ざ,,0,cv,44100,1,1.624853,true,true,
maoto,消臭妖精ノール,単独音,し.wav,research/data/raw/reference/utau-samples/maoto/単独音/し.wav,し,,1,cv,44100,1,1.624853,true,true,
maoto,消臭妖精ノール,単独音,しぇ.wav,research/data/raw/reference/utau-samples/maoto/単独音/しぇ.wav,しぇ,,1,cv,44100,1,1.749841,true,true,
maoto,消臭妖精ノール,単独音,しゃ.wav,research/data/raw/reference/utau-samples/maoto/単独音/しゃ.wav,しゃ,,1,cv,44100,1,1.624853,true,true,
maoto,消臭妖精ノール,単独音,しゅ.wav,research/data/raw/reference/utau-samples/maoto/単独音/しゅ.wav,しゅ,,1,cv,44100,1,1.687347,true,true,
maoto,消臭妖精ノール,単独音,しょ.wav,research/data/raw/reference/utau-samples/maoto/単独音/しょ.wav,しょ,,1,cv,44100,1,1.624853,true,true,
maoto,消臭妖精ノール,単独音,じ.wav,research/data/raw/reference/utau-samples/maoto/単独音/じ.wav,じ,,0,cv,44100,1,1.749841,true,true,
maoto,消臭妖精ノール,単独音,じぇ.wav,research/data/raw/reference/utau-samples/maoto/単独音/じぇ.wav,じぇ,,0,cv,44100,1,1.624853,true,true,
maoto,消臭妖精ノール,単独音,じゃ.wav,research/data/raw/reference/utau-samples/maoto/単独音/じゃ.wav,じゃ,,0,cv,44100,1,1.749841,true,true,
maoto,消臭妖精ノール,単独音,じゅ.wav,research/data/raw/reference/utau-samples/maoto/単独音/じゅ.wav,じゅ,,0,cv,44100,1,1.624853,true,true,
maoto,消臭妖精ノール,単独音,じょ.wav,research/data/raw/reference/utau-samples/maoto/単独音/じょ.wav,じょ,,0,cv,44100,1,1.624853,true,true,
maoto,消臭妖精ノール,単独音,す.wav,research/data/raw/reference/utau-samples/maoto/単独音/す.wav,す,,1,cv,44100,1,1.687347,true,true,
maoto,消臭妖精ノール,単独音,すぁ.wav,research/data/raw/reference/utau-samples/maoto/単独音/すぁ.wav,すぁ,,1,cv,44100,1,1.749841,true,true,
maoto,消臭妖精ノール,単独音,すぃ.wav,research/data/raw/reference/utau-samples/maoto/単独音/すぃ.wav,すぃ,,1,cv,44100,1,1.687347,true,true,
maoto,消臭妖精ノール,単独音,すぇ.wav,research/data/raw/reference/utau-samples/maoto/単独音/すぇ.wav,すぇ,,1,cv,44100,1,1.624853,true,true,
maoto,消臭妖精ノール,単独音,すぉ.wav,research/data/raw/reference/utau-samples/maoto/単独音/すぉ.wav,すぉ,,1,cv,44100,1,1.687347,true,true,
maoto,消臭妖精ノール,単独音,ず.wav,research/data/raw/reference/utau-samples/maoto/単独音/ず.wav,ず,,0,cv,44100,1,1.749841,true,true,
maoto,消臭妖精ノール,単独音,ずぁ.wav,research/data/raw/reference/utau-samples/maoto/単独音/ずぁ.wav,ずぁ,,0,cv,44100,1,1.749841,true,true,
maoto,消臭妖精ノール,単独音,ずぃ.wav,research/data/raw/reference/utau-samples/maoto/単独音/ずぃ.wav,ずぃ,,0,cv,44100,1,1.687347,true,true,
maoto,消臭妖精ノール,単独音,ずぇ.wav,research/data/raw/reference/utau-samples/maoto/単独音/ずぇ.wav,ずぇ,,0,cv,44100,1,1.749841,true,true,
maoto,消臭妖精ノール,単独音,ずぉ.wav,research/data/raw/reference/utau-samples/maoto/単独音/ずぉ.wav,ずぉ,,0,cv,44100,1,1.624853,true,true,
maoto,消臭妖精ノール,単独音,せ.wav,research/data/raw/reference/utau-samples/maoto/単独音/せ.wav,せ,,1,cv,44100,1,1.749841,true,true,
maoto,消臭妖精ノール,単独音,ぜ.wav,research/data/raw/reference/utau-samples/maoto/単独音/ぜ.wav,ぜ,,0,cv,44100,1,1.687347,true,true,
maoto,消臭妖精ノール,単独音,そ.wav,research/data/raw/reference/utau-samples/maoto/単独音/そ.wav,そ,,1,cv,44100,1,1.687347,true,true,
maoto,消臭妖精ノール,単独音,ぞ.wav,research/data/raw/reference/utau-samples/maoto/単独音/ぞ.wav,ぞ,,0,cv,44100,1,1.687347,true,true,
maoto,消臭妖精ノール,単独音,た.wav,research/data/raw/reference/utau-samples/maoto/単独音/た.wav,た,,1,cv,44100,1,1.624853,true,true,
maoto,消臭妖精ノール,単独音,だ.wav,research/data/raw/reference/utau-samples/maoto/単独音/だ.wav,だ,,0,cv,44100,1,1.624853,true,true,
maoto,消臭妖精ノール,単独音,ち.wav,research/data/raw/reference/utau-samples/maoto/単独音/ち.wav,ち,,1,cv,44100,1,1.687347,true,true,
maoto,消臭妖精ノール,単独音,ちぇ.wav,research/data/raw/reference/utau-samples/maoto/単独音/ちぇ.wav,ちぇ,,1,cv,44100,1,1.687347,true,true,
maoto,消臭妖精ノール,単独音,ちゃ.wav,research/data/raw/reference/utau-samples/maoto/単独音/ちゃ.wav,ちゃ,,1,cv,44100,1,1.624853,true,true,
maoto,消臭妖精ノール,単独音,ちゅ.wav,research/data/raw/reference/utau-samples/maoto/単独音/ちゅ.wav,ちゅ,,1,cv,44100,1,1.624853,true,true,
maoto,消臭妖精ノール,単独音,ちょ.wav,research/data/raw/reference/utau-samples/maoto/単独音/ちょ.wav,ちょ,,1,cv,44100,1,1.687347,true,true,
maoto,消臭妖精ノール,単独音,ぢ.wav,research/data/raw/reference/utau-samples/maoto/単独音/ぢ.wav,ぢ,,0,cv,44100,1,1.749841,true,true,
maoto,消臭妖精ノール,単独音,ぢぇ.wav,research/data/raw/reference/utau-samples/maoto/単独音/ぢぇ.wav,ぢぇ,,0,cv,44100,1,1.624853,true,true,
maoto,消臭妖精ノール,単独音,ぢゃ.wav,research/data/raw/reference/utau-samples/maoto/単独音/ぢゃ.wav,ぢゃ,,0,cv,44100,1,1.687347,true,true,
maoto,消臭妖精ノール,単独音,ぢゅ.wav,research/data/raw/reference/utau-samples/maoto/単独音/ぢゅ.wav,ぢゅ,,0,cv,44100,1,1.687347,true,true,
maoto,消臭妖精ノール,単独音,ぢょ.wav,research/data/raw/reference/utau-samples/maoto/単独音/ぢょ.wav,ぢょ,,0,cv,44100,1,1.687347,true,true,
maoto,消臭妖精ノール,単独音,つ.wav,research/data/raw/reference/utau-samples/maoto/単独音/つ.wav,つ,,1,cv,44100,1,1.749841,true,true,
maoto,消臭妖精ノール,単独音,つぁ.wav,research/data/raw/reference/utau-samples/maoto/単独音/つぁ.wav,つぁ,,1,cv,44100,1,1.687347,true,true,
maoto,消臭妖精ノール,単独音,つぃ.wav,research/data/raw/reference/utau-samples/maoto/単独音/つぃ.wav,つぃ,,1,cv,44100,1,1.749841,true,true,
maoto,消臭妖精ノール,単独音,つぇ.wav,research/data/raw/reference/utau-samples/maoto/単独音/つぇ.wav,つぇ,,1,cv,44100,1,1.624853,true,true,
maoto,消臭妖精ノール,単独音,つぉ.wav,research/data/raw/reference/utau-samples/maoto/単独音/つぉ.wav,つぉ,,1,cv,44100,1,1.624853,true,true,
maoto,消臭妖精ノール,単独音,づ.wav,research/data/raw/reference/utau-samples/maoto/単独音/づ.wav,づ,,0,cv,44100,1,1.687347,true,true,
maoto,消臭妖精ノール,単独音,づぁ.wav,research/data/raw/reference/utau-samples/maoto/単独音/づぁ.wav,づぁ,,0,cv,44100,1,1.749841,true,true,
maoto,消臭妖精ノール,単独音,づぃ.wav,research/data/raw/reference/utau-samples/maoto/単独音/づぃ.wav,づぃ,,0,cv,44100,1,1.749841,true,true,
maoto,消臭妖精ノール,単独音,づぇ.wav,research/data/raw/reference/utau-samples/maoto/単独音/づぇ.wav,づぇ,,0,cv,44100,1,1.624853,true,true,
maoto,消臭妖精ノール,単独音,づぉ.wav,research/data/raw/reference/utau-samples/maoto/単独音/づぉ.wav,づぉ,,0,cv,44100,1,1.624853,true,true,
maoto,消臭妖精ノール,単独音,て.wav,research/data/raw/reference/utau-samples/maoto/単独音/て.wav,て,,1,cv,44100,1,1.749841,true,true,
maoto,消臭妖精ノール,単独音,てぃ.wav,research/data/raw/reference/utau-samples/maoto/単独音/てぃ.wav,てぃ,,1,cv,44100,1,1.624853,true,true,
maoto,消臭妖精ノール,単独音,てゅ.wav,research/data/raw/reference/utau-samples/maoto/単独音/てゅ.wav,てゅ,,1,cv,44100,1,1.687347,true,true,
maoto,消臭妖精ノール,単独音,で.wav,research/data/raw/reference/utau-samples/maoto/単独音/で.wav,で,,0,cv,44100,1,1.687347,true,true,
maoto,消臭妖精ノール,単独音,でぃ.wav,research/data/raw/reference/utau-samples/maoto/単独音/でぃ.wav,でぃ,,0,cv,44100,1,1.687347,true,true,
maoto,消臭妖精ノール,単独音,でゅ.wav,research/data/raw/reference/utau-samples/maoto/単独音/でゅ.wav,でゅ,,0,cv,44100,1,1.624853,true,true,
maoto,消臭妖精ノール,単独音,と.wav,research/data/raw/reference/utau-samples/maoto/単独音/と.wav,と,,1,cv,44100,1,1.624853,true,true,
maoto,消臭妖精ノール,単独音,とぅ.wav,research/data/raw/reference/utau-samples/maoto/単独音/とぅ.wav,とぅ,,1,cv,44100,1,1.624853,true,true,
maoto,消臭妖精ノール,単独音,ど.wav,research/data/raw/reference/utau-samples/maoto/単独音/ど.wav,ど,,0,cv,44100,1,1.624853,true,true,
maoto,消臭妖精ノール,単独音,どぅ.wav,research/data/raw/reference/utau-samples/maoto/単独音/どぅ.wav,どぅ,,0,cv,44100,1,1.624853,true,true,
maoto,消臭妖精ノール,単独音,な.wav,research/data/raw/reference/utau-samples/maoto/単独音/な.wav,な,,1,cv,44100,1,1.624853,true,true,
maoto,消臭妖精ノール,単独音,に.wav,research/data/raw/reference/utau-samples/maoto/単独音/に.wav,に,,1,cv,44100,1,1.749841,true,true,
maoto,消臭妖精ノール,単独音,にぇ.wav,research/data/raw/reference/utau-samples/maoto/単独音/にぇ.wav,にぇ,,1,cv,44100,1,1.687347,true,true,
maoto,消臭妖精ノール,単独音,にゃ.wav,research/data/raw/reference/utau-samples/maoto/単独音/にゃ.wav,にゃ,,1,cv,44100,1,1.749841,true,true,
maoto,消臭妖精ノール,単独音,にゅ.wav,research/data/raw/reference/utau-samples/maoto/単独音/にゅ.wav,にゅ,,1,cv,44100,1,1.749841,true,true,
maoto,消臭妖精ノール,単独音,にょ.wav,research/data/raw/reference/utau-samples/maoto/単独音/にょ.wav,にょ,,1,cv,44100,1,1.624853,true,true,
maoto,消臭妖精ノール,単独音,ぬ.wav,research/data/raw/reference/utau-samples/maoto/単独音/ぬ.wav,ぬ,,1,cv,44100,1,1.749841,true,true,
maoto,消臭妖精ノール,単独音,ね.wav,research/data/raw/reference/utau-samples/maoto/単独音/ね.wav,ね,,1,cv,44100,1,1.749841,true,true,
maoto,消臭妖精ノール,単独音,の.wav,research/data/raw/reference/utau-samples/maoto/単独音/の.wav,の,,1,cv,44100,1,1.624853,true,true,
maoto,消臭妖精ノール,単独音,は.wav,research/data/raw/reference/utau-samples/maoto/単独音/は.wav,は,,1,cv,44100,1,1.624853,true,true,
maoto,消臭妖精ノール,単独音,ば.wav,research/data/raw/reference/utau-samples/maoto/単独音/ば.wav,ば,,0,cv,44100,1,1.624853,true,true,
maoto,消臭妖精ノール,単独音,ぱ.wav,research/data/raw/reference/utau-samples/maoto/単独音/ぱ.wav,ぱ,,0,cv,44100,1,1.687347,true,true,
maoto,消臭妖精ノール,単独音,ひ.wav,research/data/raw/reference/utau-samples/maoto/単独音/ひ.wav,ひ,,1,cv,44100,1,1.687347,true,true,
maoto,消臭妖精ノール,単独音,ひぇ.wav,research/data/raw/reference/utau-samples/maoto/単独音/ひぇ.wav,ひぇ,,1,cv,44100,1,1.624853,true,true,
maoto,消臭妖精ノール,単独音,ひゃ.wav,research/data/raw/reference/utau-samples/maoto/単独音/ひゃ.wav,ひゃ,,1,cv,44100,1,1.687347,true,true,
maoto,消臭妖精ノール,単独音,ひゅ.wav,research/data/raw/reference/utau-samples/maoto/単独音/ひゅ.wav,ひゅ,,1,cv,44100,1,1.687347,true,true,
maoto,消臭妖精ノール,単独音,ひょ.wav,research/data/raw/reference/utau-samples/maoto/単独音/ひょ.wav,ひょ,,1,cv,44100,1,1.749841,true,true,
maoto,消臭妖精ノール,単独音,び.wav,research/data/raw/reference/utau-samples/maoto/単独音/び.wav,び,,0,cv,44100,1,1.749841,true,true,
maoto,消臭妖精ノール,単独音,びぇ.wav,research/data/raw/reference/utau-samples/maoto/単独音/びぇ.wav,びぇ,,0,cv,44100,1,1.749841,true,true,
maoto,消臭妖精ノール,単独音,びゃ.wav,research/data/raw/reference/utau-samples/maoto/単独音/びゃ.wav,びゃ,,0,cv,44100,1,1.749841,true,true,
maoto,消臭妖精ノール,単独音,びゅ.wav,research/data/raw/reference/utau-samples/maoto/単独音/びゅ.wav,びゅ,,0,cv,44100,1,1.624853,true,true,
maoto,消臭妖精ノール,単独音,びょ.wav,research/data/raw/reference/utau-samples/maoto/単独音/びょ.wav,びょ,,0,cv,44100,1,1.624853,true,true,
maoto,消臭妖精ノール,単独音,ぴ.wav,research/data/raw/reference/utau-samples/maoto/単独音/ぴ.wav,ぴ,,0,cv,44100,1,1.687347,true,true,
maoto,消臭妖精ノール,単独音,ぴぇ.wav,research/data/raw/reference/utau-samples/maoto/単独音/ぴぇ.wav,ぴぇ,,0,cv,44100,1,1.687347,true,true,
maoto,消臭妖精ノール,単独音,ぴゃ.wav,research/data/raw/reference/utau-samples/maoto/単独音/ぴゃ.wav,ぴゃ,,0,cv,44100,1,1.624853,true,true,
maoto,消臭妖精ノール,単独音,ぴゅ.wav,research/data/raw/reference/utau-samples/maoto/単独音/ぴゅ.wav,ぴゅ,,0,cv,44100,1,1.749841,true,true,
maoto,消臭妖精ノール,単独音,ぴょ.wav,research/data/raw/reference/utau-samples/maoto/単独音/ぴょ.wav,ぴょ,,0,cv,44100,1,1.624853,true,true,
maoto,消臭妖精ノール,単独音,ふ.wav,research/data/raw/reference/utau-samples/maoto/単独音/ふ.wav,ふ,,1,cv,44100,1,1.687370,true,true,
maoto,消臭妖精ノール,単独音,ふぁ.wav,research/data/raw/reference/utau-samples/maoto/単独音/ふぁ.wav,ふぁ,,1,cv,44100,1,1.749841,true,true,
maoto,消臭妖精ノール,単独音,ふぃ.wav,research/data/raw/reference/utau-samples/maoto/単独音/ふぃ.wav,ふぃ,,1,cv,44100,1,1.687347,true,true,
maoto,消臭妖精ノール,単独音,ふぇ.wav,research/data/raw/reference/utau-samples/maoto/単独音/ふぇ.wav,ふぇ,,1,cv,44100,1,1.624853,true,true,
maoto,消臭妖精ノール,単独音,ふぉ.wav,research/data/raw/reference/utau-samples/maoto/単独音/ふぉ.wav,ふぉ,,1,cv,44100,1,1.687347,true,true,
maoto,消臭妖精ノール,単独音,ぶ.wav,research/data/raw/reference/utau-samples/maoto/単独音/ぶ.wav,ぶ,,0,cv,44100,1,1.687347,true,true,
maoto,消臭妖精ノール,単独音,ぶぁ.wav,research/data/raw/reference/utau-samples/maoto/単独音/ぶぁ.wav,ぶぁ,,0,cv,44100,1,1.687347,true,true,
maoto,消臭妖精ノール,単独音,ぶぃ.wav,research/data/raw/reference/utau-samples/maoto/単独音/ぶぃ.wav,ぶぃ,,0,cv,44100,1,1.624853,true,true,
maoto,消臭妖精ノール,単独音,ぶぇ.wav,research/data/raw/reference/utau-samples/maoto/単独音/ぶぇ.wav,ぶぇ,,0,cv,44100,1,1.749841,true,true,
maoto,消臭妖精ノール,単独音,ぶぉ.wav,research/data/raw/reference/utau-samples/maoto/単独音/ぶぉ.wav,ぶぉ,,0,cv,44100,1,1.687347,true,true,
maoto,消臭妖精ノール,単独音,ぷ.wav,research/data/raw/reference/utau-samples/maoto/単独音/ぷ.wav,ぷ,,0,cv,44100,1,1.749841,true,true,
maoto,消臭妖精ノール,単独音,へ.wav,research/data/raw/reference/utau-samples/maoto/単独音/へ.wav,へ,,1,cv,44100,1,1.687347,true,true,
maoto,消臭妖精ノール,単独音,べ.wav,research/data/raw/reference/utau-samples/maoto/単独音/べ.wav,べ,,0,cv,44100,1,1.687347,true,true,
maoto,消臭妖精ノール,単独音,ぺ.wav,research/data/raw/reference/utau-samples/maoto/単独音/ぺ.wav,ぺ,,0,cv,44100,1,1.624853,true,true,
maoto,消臭妖精ノール,単独音,ほ.wav,research/data/raw/reference/utau-samples/maoto/単独音/ほ.wav,ほ,,1,cv,44100,1,1.687347,true,true,
maoto,消臭妖精ノール,単独音,ぼ.wav,research/data/raw/reference/utau-samples/maoto/単独音/ぼ.wav,ぼ,,0,cv,44100,1,1.624853,true,true,
maoto,消臭妖精ノール,単独音,ぽ.wav,research/data/raw/reference/utau-samples/maoto/単独音/ぽ.wav,ぽ,,0,cv,44100,1,1.624853,true,true,
maoto,消臭妖精ノール,単独音,ま.wav,research/data/raw/reference/utau-samples/maoto/単独音/ま.wav,ま,,1,cv,44100,1,1.624853,true,true,
maoto,消臭妖精ノール,単独音,み.wav,research/data/raw/reference/utau-samples/maoto/単独音/み.wav,み,,1,cv,44100,1,1.687347,true,true,
maoto,消臭妖精ノール,単独音,みぇ.wav,research/data/raw/reference/utau-samples/maoto/単独音/みぇ.wav,みぇ,,1,cv,44100,1,1.624853,true,true,
maoto,消臭妖精ノール,単独音,みゃ.wav,research/data/raw/reference/utau-samples/maoto/単独音/みゃ.wav,みゃ,,1,cv,44100,1,1.749841,true,true,
maoto,消臭妖精ノール,単独音,みゅ.wav,research/data/raw/reference/utau-samples/maoto/単独音/みゅ.wav,みゅ,,1,cv,44100,1,1.624853,true,true,
maoto,消臭妖精ノール,単独音,みょ.wav,research/data/raw/reference/utau-samples/maoto/単独音/みょ.wav,みょ,,1,cv,44100,1,1.624853,true,true,
maoto,消臭妖精ノール,単独音,む.wav,research/data/raw/reference/utau-samples/maoto/単独音/む.wav,む,,1,cv,44100,1,1.749841,true,true,
maoto,消臭妖精ノール,単独音,め.wav,research/data/raw/reference/utau-samples/maoto/単独音/め.wav,め,,1,cv,44100,1,1.687347,true,true,
maoto,消臭妖精ノール,単独音,も.wav,research/data/raw/reference/utau-samples/maoto/単独音/も.wav,も,,1,cv,44100,1,1.624853,true,true,
maoto,消臭妖精ノール,単独音,や.wav,research/data/raw/reference/utau-samples/maoto/単独音/や.wav,や,,1,cv,44100,1,1.749841,true,true,
maoto,消臭妖精ノール,単独音,ゆ.wav,research/data/raw/reference/utau-samples/maoto/単独音/ゆ.wav,ゆ,,1,cv,44100,1,1.624853,true,true,
maoto,消臭妖精ノール,単独音,よ.wav,research/data/raw/reference/utau-samples/maoto/単独音/よ.wav,よ,,1,cv,44100,1,1.749841,true,true,
maoto,消臭妖精ノール,単独音,ら.wav,research/data/raw/reference/utau-samples/maoto/単独音/ら.wav,ら,,1,cv,44100,1,1.687347,true,true,
maoto,消臭妖精ノール,単独音,り.wav,research/data/raw/reference/utau-samples/maoto/単独音/り.wav,り,,1,cv,44100,1,1.687347,true,true,
maoto,消臭妖精ノール,単独音,りぇ.wav,research/data/raw/reference/utau-samples/maoto/単独音/りぇ.wav,りぇ,,1,cv,44100,1,1.749841,true,true,
maoto,消臭妖精ノール,単独音,りゃ.wav,research/data/raw/reference/utau-samples/maoto/単独音/りゃ.wav,りゃ,,1,cv,44100,1,1.749841,true,true,
maoto,消臭妖精ノール,単独音,りゅ.wav,research/data/raw/reference/utau-samples/maoto/単独音/りゅ.wav,りゅ,,1,cv,44100,1,1.749841,true,true,
maoto,消臭妖精ノール,単独音,りょ.wav,research/data/raw/reference/utau-samples/maoto/単独音/りょ.wav,りょ,,1,cv,44100,1,1.624853,true,true,
maoto,消臭妖精ノール,単独音,る.wav,research/data/raw/reference/utau-samples/maoto/単独音/る.wav,る,,1,cv,44100,1,1.687347,true,true,
maoto,消臭妖精ノール,単独音,れ.wav,research/data/raw/reference/utau-samples/maoto/単独音/れ.wav,れ,,1,cv,44100,1,1.624853,true,true,
maoto,消臭妖精ノール,単独音,ろ.wav,research/data/raw/reference/utau-samples/maoto/単独音/ろ.wav,ろ,,1,cv,44100,1,1.624853,true,true,
maoto,消臭妖精ノール,単独音,わ.wav,research/data/raw/reference/utau-samples/maoto/単独音/わ.wav,わ,,1,cv,44100,1,1.687347,true,true,
maoto,消臭妖精ノール,単独音,ん.wav,research/data/raw/reference/utau-samples/maoto/単独音/ん.wav,ん,,1,cv,44100,1,1.749841,true,true,
maoto,消臭妖精ノール,単独音,ヴ.wav,research/data/raw/reference/utau-samples/maoto/単独音/ヴ.wav,ヴ,,0,cv,44100,1,1.624853,true,true,
maoto,消臭妖精ノール,単独音,ヴぁ.wav,research/data/raw/reference/utau-samples/maoto/単独音/ヴぁ.wav,ヴぁ,,0,cv,44100,1,1.687347,true,true,
maoto,消臭妖精ノール,単独音,ヴぃ.wav,research/data/raw/reference/utau-samples/maoto/単独音/ヴぃ.wav,ヴぃ,,0,cv,44100,1,1.749841,true,true,
maoto,消臭妖精ノール,単独音,ヴぇ.wav,research/data/raw/reference/utau-samples/maoto/単独音/ヴぇ.wav,ヴぇ,,0,cv,44100,1,1.624853,true,true,
maoto,消臭妖精ノール,単独音,ヴぉ.wav,research/data/raw/reference/utau-samples/maoto/単独音/ヴぉ.wav,ヴぉ,,0,cv,44100,1,1.624853,true,true,
maoto,消臭妖精ノール,単独音soft,あ.wav,research/data/raw/reference/utau-samples/maoto/単独音soft/あ.wav,あ,あS,1,vowel,44100,1,1.624853,true,true,
maoto,消臭妖精ノール,単独音soft,い.wav,research/data/raw/reference/utau-samples/maoto/単独音soft/い.wav,い,いS,1,vowel,44100,1,1.687347,true,true,
maoto,消臭妖精ノール,単独音soft,いぇ.wav,research/data/raw/reference/utau-samples/maoto/単独音soft/いぇ.wav,いぇ,いぇS,1,cv,44100,1,1.687347,true,true,
maoto,消臭妖精ノール,単独音soft,う.wav,research/data/raw/reference/utau-samples/maoto/単独音soft/う.wav,う,うS,1,vowel,44100,1,1.687347,true,true,
maoto,消臭妖精ノール,単独音soft,うぁ.wav,research/data/raw/reference/utau-samples/maoto/単独音soft/うぁ.wav,うぁ,うぁS,1,cv,44100,1,1.624853,true,true,
maoto,消臭妖精ノール,単独音soft,うぃ.wav,research/data/raw/reference/utau-samples/maoto/単独音soft/うぃ.wav,うぃ,うぃS,1,cv,44100,1,1.624853,true,true,
maoto,消臭妖精ノール,単独音soft,うぇ.wav,research/data/raw/reference/utau-samples/maoto/単独音soft/うぇ.wav,うぇ,うぇS,1,cv,44100,1,1.687347,true,true,
maoto,消臭妖精ノール,単独音soft,うぉ.wav,research/data/raw/reference/utau-samples/maoto/単独音soft/うぉ.wav,うぉ,うぉS,1,cv,44100,1,1.749841,true,true,
maoto,消臭妖精ノール,単独音soft,え.wav,research/data/raw/reference/utau-samples/maoto/単独音soft/え.wav,え,えS,1,vowel,44100,1,1.687347,true,true,
maoto,消臭妖精ノール,単独音soft,お.wav,research/data/raw/reference/utau-samples/maoto/単独音soft/お.wav,お,おS,2,vowel,44100,1,1.687347,true,true,
maoto,消臭妖精ノール,単独音soft,か.wav,research/data/raw/reference/utau-samples/maoto/単独音soft/か.wav,か,かS,1,cv,44100,1,1.749841,true,true,
maoto,消臭妖精ノール,単独音soft,が.wav,research/data/raw/reference/utau-samples/maoto/単独音soft/が.wav,が,,0,cv,44100,1,1.687347,true,true,
maoto,消臭妖精ノール,単独音soft,き.wav,research/data/raw/reference/utau-samples/maoto/単独音soft/き.wav,き,きS,1,cv,44100,1,1.624853,true,true,
maoto,消臭妖精ノール,単独音soft,きぇ.wav,research/data/raw/reference/utau-samples/maoto/単独音soft/きぇ.wav,きぇ,きぇS,1,cv,44100,1,1.749841,true,true,
maoto,消臭妖精ノール,単独音soft,きゃ.wav,research/data/raw/reference/utau-samples/maoto/単独音soft/きゃ.wav,きゃ,きゃS,1,cv,44100,1,1.687347,true,true,
maoto,消臭妖精ノール,単独音soft,きゅ.wav,research/data/raw/reference/utau-samples/maoto/単独音soft/きゅ.wav,きゅ,きゅS,1,cv,44100,1,1.624853,true,true,
maoto,消臭妖精ノール,単独音soft,きょ.wav,research/data/raw/reference/utau-samples/maoto/単独音soft/きょ.wav,きょ,きょS,1,cv,44100,1,1.687347,true,true,
maoto,消臭妖精ノール,単独音soft,ぎ.wav,research/data/raw/reference/utau-samples/maoto/単独音soft/ぎ.wav,ぎ,,0,cv,44100,1,1.687347,true,true,
maoto,消臭妖精ノール,単独音soft,ぎぇ.wav,research/data/raw/reference/utau-samples/maoto/単独音soft/ぎぇ.wav,ぎぇ,,0,cv,44100,1,1.749841,true,true,
maoto,消臭妖精ノール,単独音soft,ぎゃ.wav,research/data/raw/reference/utau-samples/maoto/単独音soft/ぎゃ.wav,ぎゃ,,0,cv,44100,1,1.624853,true,true,
maoto,消臭妖精ノール,単独音soft,ぎゅ.wav,research/data/raw/reference/utau-samples/maoto/単独音soft/ぎゅ.wav,ぎゅ,,0,cv,44100,1,1.687347,true,true,
maoto,消臭妖精ノール,単独音soft,ぎょ.wav,research/data/raw/reference/utau-samples/maoto/単独音soft/ぎょ.wav,ぎょ,,0,cv,44100,1,1.624853,true,true,
maoto,消臭妖精ノール,単独音soft,く.wav,research/data/raw/reference/utau-samples/maoto/単独音soft/く.wav,く,くS,1,cv,44100,1,1.749841,true,true,
maoto,消臭妖精ノール,単独音soft,くぁ.wav,research/data/raw/reference/utau-samples/maoto/単独音soft/くぁ.wav,くぁ,くぁS,1,cv,44100,1,1.749841,true,true,
maoto,消臭妖精ノール,単独音soft,くぃ.wav,research/data/raw/reference/utau-samples/maoto/単独音soft/くぃ.wav,くぃ,くぃS,1,cv,44100,1,1.624853,true,true,
maoto,消臭妖精ノール,単独音soft,くぇ.wav,research/data/raw/reference/utau-samples/maoto/単独音soft/くぇ.wav,くぇ,くぇS,1,cv,44100,1,1.624853,true,true,
maoto,消臭妖精ノール,単独音soft,くぉ.wav,research/data/raw/reference/utau-samples/maoto/単独音soft/くぉ.wav,くぉ,くぉS,1,cv,44100,1,1.624853,true,true,
maoto,消臭妖精ノール,単独音soft,ぐ.wav,research/data/raw/reference/utau-samples/maoto/単独音soft/ぐ.wav,ぐ,,0,cv,44100,1,1.687347,true,true,
maoto,消臭妖精ノール,単独音soft,ぐぁ.wav,research/data/raw/reference/utau-samples/maoto/単独音soft/ぐぁ.wav,ぐぁ,,0,cv,44100,1,1.687347,true,true,
maoto,消臭妖精ノール,単独音soft,ぐぃ.wav,research/data/raw/reference/utau-samples/maoto/単独音soft/ぐぃ.wav,ぐぃ,,0,cv,44100,1,1.749841,true,true,
maoto,消臭妖精ノール,単独音soft,ぐぇ.wav,research/data/raw/reference/utau-samples/maoto/単独音soft/ぐぇ.wav,ぐぇ,,0,cv,44100,1,1.624853,true,true,
maoto,消臭妖精ノール,単独音soft,ぐぉ.wav,research/data/raw/reference/utau-samples/maoto/単独音soft/ぐぉ.wav,ぐぉ,,0,cv,44100,1,1.687347,true,true,
maoto,消臭妖精ノール,単独音soft,け.wav,research/data/raw/reference/utau-samples/maoto/単独音soft/け.wav,け,けS,1,cv,44100,1,1.624853,true,true,
maoto,消臭妖精ノール,単独音soft,げ.wav,research/data/raw/reference/utau-samples/maoto/単独音soft/げ.wav,げ,,0,cv,44100,1,1.687347,true,true,
maoto,消臭妖精ノール,単独音soft,こ.wav,research/data/raw/reference/utau-samples/maoto/単独音soft/こ.wav,こ,こS,1,cv,44100,1,1.687347,true,true,
maoto,消臭妖精ノール,単独音soft,ご.wav,research/data/raw/reference/utau-samples/maoto/単独音soft/ご.wav,ご,,0,cv,44100,1,1.687347,true,true,
maoto,消臭妖精ノール,単独音soft,さ.wav,research/data/raw/reference/utau-samples/maoto/単独音soft/さ.wav,さ,さS,1,cv,44100,1,1.749841,true,true,
maoto,消臭妖精ノール,単独音soft,ざ.wav,research/data/raw/reference/utau-samples/maoto/単独音soft/ざ.wav,ざ,,0,cv,44100,1,1.687347,true,true,
maoto,消臭妖精ノール,単独音soft,し.wav,research/data/raw/reference/utau-samples/maoto/単独音soft/し.wav,し,しS,1,cv,44100,1,1.687347,true,true,
maoto,消臭妖精ノール,単独音soft,しぇ.wav,research/data/raw/reference/utau-samples/maoto/単独音soft/しぇ.wav,しぇ,しぇS,1,cv,44100,1,1.624853,true,true,
maoto,消臭妖精ノール,単独音soft,しゃ.wav,research/data/raw/reference/utau-samples/maoto/単独音soft/しゃ.wav,しゃ,しゃS,1,cv,44100,1,1.687347,true,true,
maoto,消臭妖精ノール,単独音soft,しゅ.wav,research/data/raw/reference/utau-samples/maoto/単独音soft/しゅ.wav,しゅ,しゅS,1,cv,44100,1,1.749841,true,true,
maoto,消臭妖精ノール,単独音soft,しょ.wav,research/data/raw/reference/utau-samples/maoto/単独音soft/しょ.wav,しょ,しょS,1,cv,44100,1,1.687347,true,true,
maoto,消臭妖精ノール,単独音soft,じ.wav,research/data/raw/reference/utau-samples/maoto/単独音soft/じ.wav,じ,,0,cv,44100,1,1.624853,true,true,
maoto,消臭妖精ノール,単独音soft,じぇ.wav,research/data/raw/reference/utau-samples/maoto/単独音soft/じぇ.wav,じぇ,,0,cv,44100,1,1.624853,true,true,
maoto,消臭妖精ノール,単独音soft,じゃ.wav,research/data/raw/reference/utau-samples/maoto/単独音soft/じゃ.wav,じゃ,,0,cv,44100,1,1.624853,true,true,
maoto,消臭妖精ノール,単独音soft,じゅ.wav,research/data/raw/reference/utau-samples/maoto/単独音soft/じゅ.wav,じゅ,,0,cv,44100,1,1.687347,true,true,
maoto,消臭妖精ノール,単独音soft,じょ.wav,research/data/raw/reference/utau-samples/maoto/単独音soft/じょ.wav,じょ,,0,cv,44100,1,1.687347,true,true,
maoto,消臭妖精ノール,単独音soft,す.wav,research/data/raw/reference/utau-samples/maoto/単独音soft/す.wav,す,すS,1,cv,44100,1,1.687347,true,true,
maoto,消臭妖精ノール,単独音soft,すぁ.wav,research/data/raw/reference/utau-samples/maoto/単独音soft/すぁ.wav,すぁ,すぁS,1,cv,44100,1,1.687347,true,true,
maoto,消臭妖精ノール,単独音soft,すぃ.wav,research/data/raw/reference/utau-samples/maoto/単独音soft/すぃ.wav,すぃ,すぃS,1,cv,44100,1,1.624853,true,true,
maoto,消臭妖精ノール,単独音soft,すぇ.wav,research/data/raw/reference/utau-samples/maoto/単独音soft/すぇ.wav,すぇ,すぇS,1,cv,44100,1,1.687347,true,true,
maoto,消臭妖精ノール,単独音soft,すぉ.wav,research/data/raw/reference/utau-samples/maoto/単独音soft/すぉ.wav,すぉ,すぉS,1,cv,44100,1,1.687347,true,true,
maoto,消臭妖精ノール,単独音soft,ず.wav,research/data/raw/reference/utau-samples/maoto/単独音soft/ず.wav,ず,,0,cv,44100,1,1.687347,true,true,
maoto,消臭妖精ノール,単独音soft,ずぁ.wav,research/data/raw/reference/utau-samples/maoto/単独音soft/ずぁ.wav,ずぁ,,0,cv,44100,1,1.687347,true,true,
maoto,消臭妖精ノール,単独音soft,ずぃ.wav,research/data/raw/reference/utau-samples/maoto/単独音soft/ずぃ.wav,ずぃ,,0,cv,44100,1,1.624853,true,true,
maoto,消臭妖精ノール,単独音soft,ずぇ.wav,research/data/raw/reference/utau-samples/maoto/単独音soft/ずぇ.wav,ずぇ,,0,cv,44100,1,1.687347,true,true,
maoto,消臭妖精ノール,単独音soft,ずぉ.wav,research/data/raw/reference/utau-samples/maoto/単独音soft/ずぉ.wav,ずぉ,,0,cv,44100,1,1.624853,true,true,
maoto,消臭妖精ノール,単独音soft,せ.wav,research/data/raw/reference/utau-samples/maoto/単独音soft/せ.wav,せ,せS,1,cv,44100,1,1.687347,true,true,
maoto,消臭妖精ノール,単独音soft,ぜ.wav,research/data/raw/reference/utau-samples/maoto/単独音soft/ぜ.wav,ぜ,,0,cv,44100,1,1.624853,true,true,
maoto,消臭妖精ノール,単独音soft,そ.wav,research/data/raw/reference/utau-samples/maoto/単独音soft/そ.wav,そ,そS,1,cv,44100,1,1.624853,true,true,
maoto,消臭妖精ノール,単独音soft,ぞ.wav,research/data/raw/reference/utau-samples/maoto/単独音soft/ぞ.wav,ぞ,,0,cv,44100,1,1.624853,true,true,
maoto,消臭妖精ノール,単独音soft,た.wav,research/data/raw/reference/utau-samples/maoto/単独音soft/た.wav,た,たS,1,cv,44100,1,1.624853,true,true,
maoto,消臭妖精ノール,単独音soft,だ.wav,research/data/raw/reference/utau-samples/maoto/単独音soft/だ.wav,だ,,0,cv,44100,1,1.624853,true,true,
maoto,消臭妖精ノール,単独音soft,ち.wav,research/data/raw/reference/utau-samples/maoto/単独音soft/ち.wav,ち,ちS,1,cv,44100,1,1.624853,true,true,
maoto,消臭妖精ノール,単独音soft,ちぇ.wav,research/data/raw/reference/utau-samples/maoto/単独音soft/ちぇ.wav,ちぇ,ちぇS,1,cv,44100,1,1.624853,true,true,
maoto,消臭妖精ノール,単独音soft,ちゃ.wav,research/data/raw/reference/utau-samples/maoto/単独音soft/ちゃ.wav,ちゃ,ちゃS,1,cv,44100,1,1.624853,true,true,
maoto,消臭妖精ノール,単独音soft,ちゅ.wav,research/data/raw/reference/utau-samples/maoto/単独音soft/ちゅ.wav,ちゅ,ちゅS,1,cv,44100,1,1.749841,true,true,
maoto,消臭妖精ノール,単独音soft,ちょ.wav,research/data/raw/reference/utau-samples/maoto/単独音soft/ちょ.wav,ちょ,ちょS,1,cv,44100,1,1.749841,true,true,
maoto,消臭妖精ノール,単独音soft,ぢ.wav,research/data/raw/reference/utau-samples/maoto/単独音soft/ぢ.wav,ぢ,,0,cv,44100,1,1.687347,true,true,
maoto,消臭妖精ノール,単独音soft,ぢぇ.wav,research/data/raw/reference/utau-samples/maoto/単独音soft/ぢぇ.wav,ぢぇ,,0,cv,44100,1,1.687347,true,true,
maoto,消臭妖精ノール,単独音soft,ぢゃ.wav,research/data/raw/reference/utau-samples/maoto/単独音soft/ぢゃ.wav,ぢゃ,,0,cv,44100,1,1.624853,true,true,
maoto,消臭妖精ノール,単独音soft,ぢゅ.wav,research/data/raw/reference/utau-samples/maoto/単独音soft/ぢゅ.wav,ぢゅ,,0,cv,44100,1,1.749841,true,true,
maoto,消臭妖精ノール,単独音soft,ぢょ.wav,research/data/raw/reference/utau-samples/maoto/単独音soft/ぢょ.wav,ぢょ,,0,cv,44100,1,1.624853,true,true,
maoto,消臭妖精ノール,単独音soft,つ.wav,research/data/raw/reference/utau-samples/maoto/単独音soft/つ.wav,つ,つS,1,cv,44100,1,1.749841,true,true,
maoto,消臭妖精ノール,単独音soft,つぁ.wav,research/data/raw/reference/utau-samples/maoto/単独音soft/つぁ.wav,つぁ,つぁS,1,cv,44100,1,1.624853,true,true,
maoto,消臭妖精ノール,単独音soft,つぃ.wav,research/data/raw/reference/utau-samples/maoto/単独音soft/つぃ.wav,つぃ,つぃS,1,cv,44100,1,1.749841,true,true,
maoto,消臭妖精ノール,単独音soft,つぇ.wav,research/data/raw/reference/utau-samples/maoto/単独音soft/つぇ.wav,つぇ,つぇS,1,cv,44100,1,1.687347,true,true,
maoto,消臭妖精ノール,単独音soft,つぉ.wav,research/data/raw/reference/utau-samples/maoto/単独音soft/つぉ.wav,つぉ,つぉS,1,cv,44100,1,1.687347,true,true,
maoto,消臭妖精ノール,単独音soft,づ.wav,research/data/raw/reference/utau-samples/maoto/単独音soft/づ.wav,づ,,0,cv,44100,1,1.749841,true,true,
maoto,消臭妖精ノール,単独音soft,づぁ.wav,research/data/raw/reference/utau-samples/maoto/単独音soft/づぁ.wav,づぁ,,0,cv,44100,1,1.749841,true,true,
maoto,消臭妖精ノール,単独音soft,づぃ.wav,research/data/raw/reference/utau-samples/maoto/単独音soft/づぃ.wav,づぃ,,0,cv,44100,1,1.749841,true,true,
maoto,消臭妖精ノール,単独音soft,づぇ.wav,research/data/raw/reference/utau-samples/maoto/単独音soft/づぇ.wav,づぇ,,0,cv,44100,1,1.749841,true,true,
maoto,消臭妖精ノール,単独音soft,づぉ.wav,research/data/raw/reference/utau-samples/maoto/単独音soft/づぉ.wav,づぉ,,0,cv,44100,1,1.624853,true,true,
maoto,消臭妖精ノール,単独音soft,て.wav,research/data/raw/reference/utau-samples/maoto/単独音soft/て.wav,て,てS,1,cv,44100,1,1.624853,true,true,
maoto,消臭妖精ノール,単独音soft,てぃ.wav,research/data/raw/reference/utau-samples/maoto/単独音soft/てぃ.wav,てぃ,てぃS,1,cv,44100,1,1.624853,true,true,
maoto,消臭妖精ノール,単独音soft,てゅ.wav,research/data/raw/reference/utau-samples/maoto/単独音soft/てゅ.wav,てゅ,てゅS,1,cv,44100,1,1.749841,true,true,
maoto,消臭妖精ノール,単独音soft,で.wav,research/data/raw/reference/utau-samples/maoto/単独音soft/で.wav,で,,0,cv,44100,1,1.624853,true,true,
maoto,消臭妖精ノール,単独音soft,でぃ.wav,research/data/raw/reference/utau-samples/maoto/単独音soft/でぃ.wav,でぃ,,0,cv,44100,1,1.624853,true,true,
maoto,消臭妖精ノール,単独音soft,でゅ.wav,research/data/raw/reference/utau-samples/maoto/単独音soft/でゅ.wav,でゅ,,0,cv,44100,1,1.749841,true,true,
maoto,消臭妖精ノール,単独音soft,と.wav,research/data/raw/reference/utau-samples/maoto/単独音soft/と.wav,と,とS,1,cv,44100,1,1.687347,true,true,
maoto,消臭妖精ノール,単独音soft,とぅ.wav,research/data/raw/reference/utau-samples/maoto/単独音soft/とぅ.wav,とぅ,とぅS,1,cv,44100,1,1.687347,true,true,
maoto,消臭妖精ノール,単独音soft,ど.wav,research/data/raw/reference/utau-samples/maoto/単独音soft/ど.wav,ど,,0,cv,44100,1,1.749841,true,true,
maoto,消臭妖精ノール,単独音soft,どぅ.wav,research/data/raw/reference/utau-samples/maoto/単独音soft/どぅ.wav,どぅ,,0,cv,44100,1,1.624853,true,true,
maoto,消臭妖精ノール,単独音soft,な.wav,research/data/raw/reference/utau-samples/maoto/単独音soft/な.wav,な,なS,1,cv,44100,1,1.624853,true,true,
maoto,消臭妖精ノール,単独音soft,に.wav,research/data/raw/reference/utau-samples/maoto/単独音soft/に.wav,に,にS,1,cv,44100,1,1.624853,true,true,
maoto,消臭妖精ノール,単独音soft,にぇ.wav,research/data/raw/reference/utau-samples/maoto/単独音soft/にぇ.wav,にぇ,にぇS,1,cv,44100,1,1.749841,true,true,
maoto,消臭妖精ノール,単独音soft,にゃ.wav,research/data/raw/reference/utau-samples/maoto/単独音soft/にゃ.wav,にゃ,にゃS,1,cv,44100,1,1.749841,true,true,
maoto,消臭妖精ノール,単独音soft,にゅ.wav,research/data/raw/reference/utau-samples/maoto/単独音soft/にゅ.wav,にゅ,にゅS,1,cv,44100,1,1.624853,true,true,
maoto,消臭妖精ノール,単独音soft,にょ.wav,research/data/raw/reference/utau-samples/maoto/単独音soft/にょ.wav,にょ,にょS,1,cv,44100,1,1.687347,true,true,
maoto,消臭妖精ノール,単独音soft,ぬ.wav,research/data/raw/reference/utau-samples/maoto/単独音soft/ぬ.wav,ぬ,ぬS,1,cv,44100,1,1.749841,true,true,
maoto,消臭妖精ノール,単独音soft,ね.wav,research/data/raw/reference/utau-samples/maoto/単独音soft/ね.wav,ね,ねS,1,cv,44100,1,1.624853,true,true,
maoto,消臭妖精ノール,単独音soft,の.wav,research/data/raw/reference/utau-samples/maoto/単独音soft/の.wav,の,のS,1,cv,44100,1,1.749841,true,true,
maoto,消臭妖精ノール,単独音soft,は.wav,research/data/raw/reference/utau-samples/maoto/単独音soft/は.wav,は,はS,1,cv,44100,1,1.749841,true,true,
maoto,消臭妖精ノール,単独音soft,ば.wav,research/data/raw/reference/utau-samples/maoto/単独音soft/ば.wav,ば,,0,cv,44100,1,1.624853,true,true,
maoto,消臭妖精ノール,単独音soft,ぱ.wav,research/data/raw/reference/utau-samples/maoto/単独音soft/ぱ.wav,ぱ,,0,cv,44100,1,1.624853,true,true,
maoto,消臭妖精ノール,単独音soft,ひ.wav,research/data/raw/reference/utau-samples/maoto/単独音soft/ひ.wav,ひ,ひS,1,cv,44100,1,1.624853,true,true,
maoto,消臭妖精ノール,単独音soft,ひぇ.wav,research/data/raw/reference/utau-samples/maoto/単独音soft/ひぇ.wav,ひぇ,ひぇS,1,cv,44100,1,1.749841,true,true,
maoto,消臭妖精ノール,単独音soft,ひゃ.wav,research/data/raw/reference/utau-samples/maoto/単独音soft/ひゃ.wav,ひゃ,ひゃS,1,cv,44100,1,1.687347,true,true,
maoto,消臭妖精ノール,単独音soft,ひゅ.wav,research/data/raw/reference/utau-samples/maoto/単独音soft/ひゅ.wav,ひゅ,ひゅS,1,cv,44100,1,1.624853,true,true,
maoto,消臭妖精ノール,単独音soft,ひょ.wav,research/data/raw/reference/utau-samples/maoto/単独音soft/ひょ.wav,ひょ,ひょS,1,cv,44100,1,1.687347,true,true,
maoto,消臭妖精ノール,単独音soft,び.wav,research/data/raw/reference/utau-samples/maoto/単独音soft/び.wav,び,,0,cv,44100,1,1.749841,true,true,
maoto,消臭妖精ノール,単独音soft,びぇ.wav,research/data/raw/reference/utau-samples/maoto/単独音soft/びぇ.wav,びぇ,,0,cv,44100,1,1.687347,true,true,
maoto,消臭妖精ノール,単独音soft,びゃ.wav,research/data/raw/reference/utau-samples/maoto/単独音soft/びゃ.wav,びゃ,,0,cv,44100,1,1.624853,true,true,
maoto,消臭妖精ノール,単独音soft,びゅ.wav,research/data/raw/reference/utau-samples/maoto/単独音soft/びゅ.wav,びゅ,,0,cv,44100,1,1.749841,true,true,
maoto,消臭妖精ノール,単独音soft,びょ.wav,research/data/raw/reference/utau-samples/maoto/単独音soft/びょ.wav,びょ,,0,cv,44100,1,1.624853,true,true,
maoto,消臭妖精ノール,単独音soft,ぴ.wav,research/data/raw/reference/utau-samples/maoto/単独音soft/ぴ.wav,ぴ,,0,cv,44100,1,1.624853,true,true,
maoto,消臭妖精ノール,単独音soft,ぴぇ.wav,research/data/raw/reference/utau-samples/maoto/単独音soft/ぴぇ.wav,ぴぇ,,0,cv,44100,1,1.624853,true,true,
maoto,消臭妖精ノール,単独音soft,ぴゃ.wav,research/data/raw/reference/utau-samples/maoto/単独音soft/ぴゃ.wav,ぴゃ,,0,cv,44100,1,1.624853,true,true,
maoto,消臭妖精ノール,単独音soft,ぴゅ.wav,research/data/raw/reference/utau-samples/maoto/単独音soft/ぴゅ.wav,ぴゅ,,0,cv,44100,1,1.624853,true,true,
maoto,消臭妖精ノール,単独音soft,ぴょ.wav,research/data/raw/reference/utau-samples/maoto/単独音soft/ぴょ.wav,ぴょ,,0,cv,44100,1,1.624853,true,true,
maoto,消臭妖精ノール,単独音soft,ふ.wav,research/data/raw/reference/utau-samples/maoto/単独音soft/ふ.wav,ふ,ふS,1,cv,44100,1,1.687347,true,true,
maoto,消臭妖精ノール,単独音soft,ふぁ.wav,research/data/raw/reference/utau-samples/maoto/単独音soft/ふぁ.wav,ふぁ,ふぁS,1,cv,44100,1,1.687347,true,true,
maoto,消臭妖精ノール,単独音soft,ふぃ.wav,research/data/raw/reference/utau-samples/maoto/単独音soft/ふぃ.wav,ふぃ,ふぃS,1,cv,44100,1,1.624853,true,true,
maoto,消臭妖精ノール,単独音soft,ふぇ.wav,research/data/raw/reference/utau-samples/maoto/単独音soft/ふぇ.wav,ふぇ,ふぇS,1,cv,44100,1,1.624853,true,true,
maoto,消臭妖精ノール,単独音soft,ふぉ.wav,research/data/raw/reference/utau-samples/maoto/単独音soft/ふぉ.wav,ふぉ,ふぉS,1,cv,44100,1,1.749841,true,true,
maoto,消臭妖精ノール,単独音soft,ぶ.wav,research/data/raw/reference/utau-samples/maoto/単独音soft/ぶ.wav,ぶ,,0,cv,44100,1,1.624853,true,true,
maoto,消臭妖精ノール,単独音soft,ぶぁ.wav,research/data/raw/reference/utau-samples/maoto/単独音soft/ぶぁ.wav,ぶぁ,,0,cv,44100,1,1.624853,true,true,
maoto,消臭妖精ノール,単独音soft,ぶぃ.wav,research/data/raw/reference/utau-samples/maoto/単独音soft/ぶぃ.wav,ぶぃ,,0,cv,44100,1,1.687347,true,true,
maoto,消臭妖精ノール,単独音soft,ぶぇ.wav,research/data/raw/reference/utau-samples/maoto/単独音soft/ぶぇ.wav,ぶぇ,,0,cv,44100,1,1.749841,true,true,
maoto,消臭妖精ノール,単独音soft,ぶぉ.wav,research/data/raw/reference/utau-samples/maoto/単独音soft/ぶぉ.wav,ぶぉ,,0,cv,44100,1,1.749841,true,true,
maoto,消臭妖精ノール,単独音soft,ぷ.wav,research/data/raw/reference/utau-samples/maoto/単独音soft/ぷ.wav,ぷ,,0,cv,44100,1,1.687347,true,true,
maoto,消臭妖精ノール,単独音soft,へ.wav,research/data/raw/reference/utau-samples/maoto/単独音soft/へ.wav,へ,へS,1,cv,44100,1,1.749841,true,true,
maoto,消臭妖精ノール,単独音soft,べ.wav,research/data/raw/reference/utau-samples/maoto/単独音soft/べ.wav,べ,,0,cv,44100,1,1.749841,true,true,
maoto,消臭妖精ノール,単独音soft,ぺ.wav,research/data/raw/reference/utau-samples/maoto/単独音soft/ぺ.wav,ぺ,,0,cv,44100,1,1.687347,true,true,
maoto,消臭妖精ノール,単独音soft,ほ.wav,research/data/raw/reference/utau-samples/maoto/単独音soft/ほ.wav,ほ,ほS,1,cv,44100,1,1.624853,true,true,
maoto,消臭妖精ノール,単独音soft,ぼ.wav,research/data/raw/reference/utau-samples/maoto/単独音soft/ぼ.wav,ぼ,,0,cv,44100,1,1.624853,true,true,
maoto,消臭妖精ノール,単独音soft,ぽ.wav,research/data/raw/reference/utau-samples/maoto/単独音soft/ぽ.wav,ぽ,,0,cv,44100,1,1.749841,true,true,
maoto,消臭妖精ノール,単独音soft,ま.wav,research/data/raw/reference/utau-samples/maoto/単独音soft/ま.wav,ま,まS,1,cv,44100,1,1.749841,true,true,
maoto,消臭妖精ノール,単独音soft,み.wav,research/data/raw/reference/utau-samples/maoto/単独音soft/み.wav,み,みS,1,cv,44100,1,1.687347,true,true,
maoto,消臭妖精ノール,単独音soft,みぇ.wav,research/data/raw/reference/utau-samples/maoto/単独音soft/みぇ.wav,みぇ,みぇS,1,cv,44100,1,1.687347,true,true,
maoto,消臭妖精ノール,単独音soft,みゃ.wav,research/data/raw/reference/utau-samples/maoto/単独音soft/みゃ.wav,みゃ,みゃS,1,cv,44100,1,1.749841,true,true,
maoto,消臭妖精ノール,単独音soft,みゅ.wav,research/data/raw/reference/utau-samples/maoto/単独音soft/みゅ.wav,みゅ,みゅS,1,cv,44100,1,1.749841,true,true,
maoto,消臭妖精ノール,単独音soft,みょ.wav,research/data/raw/reference/utau-samples/maoto/単独音soft/みょ.wav,みょ,みょS,1,cv,44100,1,1.749841,true,true,
maoto,消臭妖精ノール,単独音soft,む.wav,research/data/raw/reference/utau-samples/maoto/単独音soft/む.wav,む,むS,1,cv,44100,1,1.687347,true,true,
maoto,消臭妖精ノール,単独音soft,め.wav,research/data/raw/reference/utau-samples/maoto/単独音soft/め.wav,め,めS,1,cv,44100,1,1.749841,true,true,
maoto,消臭妖精ノール,単独音soft,も.wav,research/data/raw/reference/utau-samples/maoto/単独音soft/も.wav,も,もS,1,cv,44100,1,1.687347,true,true,
maoto,消臭妖精ノール,単独音soft,や.wav,research/data/raw/reference/utau-samples/maoto/単独音soft/や.wav,や,やS,1,cv,44100,1,1.624853,true,true,
maoto,消臭妖精ノール,単独音soft,ゆ.wav,research/data/raw/reference/utau-samples/maoto/単独音soft/ゆ.wav,ゆ,ゆS,1,cv,44100,1,1.749841,true,true,
maoto,消臭妖精ノール,単独音soft,よ.wav,research/data/raw/reference/utau-samples/maoto/単独音soft/よ.wav,よ,よS,1,cv,44100,1,1.749841,true,true,
maoto,消臭妖精ノール,単独音soft,ら.wav,research/data/raw/reference/utau-samples/maoto/単独音soft/ら.wav,ら,らS,1,cv,44100,1,1.749841,true,true,
maoto,消臭妖精ノール,単独音soft,り.wav,research/data/raw/reference/utau-samples/maoto/単独音soft/り.wav,り,りS,1,cv,44100,1,1.624853,true,true,
maoto,消臭妖精ノール,単独音soft,りぇ.wav,research/data/raw/reference/utau-samples/maoto/単独音soft/りぇ.wav,りぇ,りぇS,1,cv,44100,1,1.687347,true,true,
maoto,消臭妖精ノール,単独音soft,りゃ.wav,research/data/raw/reference/utau-samples/maoto/単独音soft/りゃ.wav,りゃ,りゃS,1,cv,44100,1,1.624853,true,true,
maoto,消臭妖精ノール,単独音soft,りゅ.wav,research/data/raw/reference/utau-samples/maoto/単独音soft/りゅ.wav,りゅ,りゅS,1,cv,44100,1,1.687347,true,true,
maoto,消臭妖精ノール,単独音soft,りょ.wav,research/data/raw/reference/utau-samples/maoto/単独音soft/りょ.wav,りょ,りょS,1,cv,44100,1,1.687347,true,true,
maoto,消臭妖精ノール,単独音soft,る.wav,research/data/raw/reference/utau-samples/maoto/単独音soft/る.wav,る,るS,1,cv,44100,1,1.687347,true,true,
maoto,消臭妖精ノール,単独音soft,れ.wav,research/data/raw/reference/utau-samples/maoto/単独音soft/れ.wav,れ,れS,1,cv,44100,1,1.749841,true,true,
maoto,消臭妖精ノール,単独音soft,ろ.wav,research/data/raw/reference/utau-samples/maoto/単独音soft/ろ.wav,ろ,ろS,1,cv,44100,1,1.624853,true,true,
maoto,消臭妖精ノール,単独音soft,わ.wav,research/data/raw/reference/utau-samples/maoto/単独音soft/わ.wav,わ,わS,1,cv,44100,1,1.687347,true,true,
maoto,消臭妖精ノール,単独音soft,ん.wav,research/data/raw/reference/utau-samples/maoto/単独音soft/ん.wav,ん,んS,1,cv,44100,1,1.687347,true,true,
maoto,消臭妖精ノール,単独音soft,ヴ.wav,research/data/raw/reference/utau-samples/maoto/単独音soft/ヴ.wav,ヴ,,0,cv,44100,1,1.749841,true,true,
maoto,消臭妖精ノール,単独音soft,ヴぁ.wav,research/data/raw/reference/utau-samples/maoto/単独音soft/ヴぁ.wav,ヴぁ,,0,cv,44100,1,1.687347,true,true,
maoto,消臭妖精ノール,単独音soft,ヴぃ.wav,research/data/raw/reference/utau-samples/maoto/単独音soft/ヴぃ.wav,ヴぃ,,0,cv,44100,1,1.687347,true,true,
maoto,消臭妖精ノール,単独音soft,ヴぇ.wav,research/data/raw/reference/utau-samples/maoto/単独音soft/ヴぇ.wav,ヴぇ,,0,cv,44100,1,1.624853,true,true,
maoto,消臭妖精ノール,単独音soft,ヴぉ.wav,research/data/raw/reference/utau-samples/maoto/単独音soft/ヴぉ.wav,ヴぉ,,0,cv,44100,1,1.687347,true,true,
maoto,消臭妖精ノール,単独音vivid,あ.wav,research/data/raw/reference/utau-samples/maoto/単独音vivid/あ.wav,あ,あV,1,vowel,44100,1,1.624853,true,true,
maoto,消臭妖精ノール,単独音vivid,い.wav,research/data/raw/reference/utau-samples/maoto/単独音vivid/い.wav,い,いV,1,vowel,44100,1,1.687347,true,true,
maoto,消臭妖精ノール,単独音vivid,いぇ.wav,research/data/raw/reference/utau-samples/maoto/単独音vivid/いぇ.wav,いぇ,いぇV,1,cv,44100,1,1.624853,true,true,
maoto,消臭妖精ノール,単独音vivid,う.wav,research/data/raw/reference/utau-samples/maoto/単独音vivid/う.wav,う,うV,1,vowel,44100,1,1.687347,true,true,
maoto,消臭妖精ノール,単独音vivid,うぁ.wav,research/data/raw/reference/utau-samples/maoto/単独音vivid/うぁ.wav,うぁ,うぁV,1,cv,44100,1,1.624853,true,true,
maoto,消臭妖精ノール,単独音vivid,うぃ.wav,research/data/raw/reference/utau-samples/maoto/単独音vivid/うぃ.wav,うぃ,うぃV,1,cv,44100,1,1.687347,true,true,
maoto,消臭妖精ノール,単独音vivid,うぇ.wav,research/data/raw/reference/utau-samples/maoto/単独音vivid/うぇ.wav,うぇ,うぇV,1,cv,44100,1,1.749841,true,true,
maoto,消臭妖精ノール,単独音vivid,うぉ.wav,research/data/raw/reference/utau-samples/maoto/単独音vivid/うぉ.wav,うぉ,うぉV,1,cv,44100,1,1.624853,true,true,
maoto,消臭妖精ノール,単独音vivid,え.wav,research/data/raw/reference/utau-samples/maoto/単独音vivid/え.wav,え,えV,1,vowel,44100,1,1.624853,true,true,
maoto,消臭妖精ノール,単独音vivid,お.wav,research/data/raw/reference/utau-samples/maoto/単独音vivid/お.wav,お,おV,2,vowel,44100,1,1.624853,true,true,
maoto,消臭妖精ノール,単独音vivid,か.wav,research/data/raw/reference/utau-samples/maoto/単独音vivid/か.wav,か,かV,1,cv,44100,1,1.624853,true,true,
maoto,消臭妖精ノール,単独音vivid,が.wav,research/data/raw/reference/utau-samples/maoto/単独音vivid/が.wav,が,,0,cv,44100,1,1.687347,true,true,
maoto,消臭妖精ノール,単独音vivid,き.wav,research/data/raw/reference/utau-samples/maoto/単独音vivid/き.wav,き,きV,1,cv,44100,1,1.687347,true,true,
maoto,消臭妖精ノール,単独音vivid,きぇ.wav,research/data/raw/reference/utau-samples/maoto/単独音vivid/きぇ.wav,きぇ,きぇV,1,cv,44100,1,1.624853,true,true,
maoto,消臭妖精ノール,単独音vivid,きゃ.wav,research/data/raw/reference/utau-samples/maoto/単独音vivid/きゃ.wav,きゃ,きゃV,1,cv,44100,1,1.624853,true,true,
maoto,消臭妖精ノール,単独音vivid,きゅ.wav,research/data/raw/reference/utau-samples/maoto/単独音vivid/きゅ.wav,きゅ,きゅV,1,cv,44100,1,1.687347,true,true,
maoto,消臭妖精ノール,単独音vivid,きょ.wav,research/data/raw/reference/utau-samples/maoto/単独音vivid/きょ.wav,きょ,きょV,1,cv,44100,1,1.687347,true,true,
maoto,消臭妖精ノール,単独音vivid,ぎ.wav,research/data/raw/reference/utau-samples/maoto/単独音vivid/ぎ.wav,ぎ,,0,cv,44100,1,1.624853,true,true,
maoto,消臭妖精ノール,単独音vivid,ぎぇ.wav,research/data/raw/reference/utau-samples/maoto/単独音vivid/ぎぇ.wav,ぎぇ,,0,cv,44100,1,1.687347,true,true,
maoto,消臭妖精ノール,単独音vivid,ぎゃ.wav,research/data/raw/reference/utau-samples/maoto/単独音vivid/ぎゃ.wav,ぎゃ,,0,cv,44100,1,1.624853,true,true,
maoto,消臭妖精ノール,単独音vivid,ぎゅ.wav,research/data/raw/reference/utau-samples/maoto/単独音vivid/ぎゅ.wav,ぎゅ,,0,cv,44100,1,1.749841,true,true,
maoto,消臭妖精ノール,単独音vivid,ぎょ.wav,research/data/raw/reference/utau-samples/maoto/単独音vivid/ぎょ.wav,ぎょ,,0,cv,44100,1,1.687347,true,true,
maoto,消臭妖精ノール,単独音vivid,く.wav,research/data/raw/reference/utau-samples/maoto/単独音vivid/く.wav,く,くV,1,cv,44100,1,1.687347,true,true,
maoto,消臭妖精ノール,単独音vivid,くぁ.wav,research/data/raw/reference/utau-samples/maoto/単独音vivid/くぁ.wav,くぁ,くぁV,1,cv,44100,1,1.749841,true,true,
maoto,消臭妖精ノール,単独音vivid,くぃ.wav,research/data/raw/reference/utau-samples/maoto/単独音vivid/くぃ.wav,くぃ,くぃV,1,cv,44100,1,1.687347,true,true,
maoto,消臭妖精ノール,単独音vivid,くぇ.wav,research/data/raw/reference/utau-samples/maoto/単独音vivid/くぇ.wav,くぇ,くぇV,1,cv,44100,1,1.624853,true,true,
maoto,消臭妖精ノール,単独音vivid,くぉ.wav,research/data/raw/reference/utau-samples/maoto/単独音vivid/くぉ.wav,くぉ,くぉV,1,cv,44100,1,1.624853,true,true,
maoto,消臭妖精ノール,単独音vivid,ぐ.wav,research/data/raw/reference/utau-samples/maoto/単独音vivid/ぐ.wav,ぐ,,0,cv,44100,1,1.687347,true,true,
maoto,消臭妖精ノール,単独音vivid,ぐぁ.wav,research/data/raw/reference/utau-samples/maoto/単独音vivid/ぐぁ.wav,ぐぁ,,0,cv,44100,1,1.624853,true,true,
maoto,消臭妖精ノール,単独音vivid,ぐぃ.wav,research/data/raw/reference/utau-samples/maoto/単独音vivid/ぐぃ.wav,ぐぃ,,0,cv,44100,1,1.687347,true,true,
maoto,消臭妖精ノール,単独音vivid,ぐぇ.wav,research/data/raw/reference/utau-samples/maoto/単独音vivid/ぐぇ.wav,ぐぇ,,0,cv,44100,1,1.687347,true,true,
maoto,消臭妖精ノール,単独音vivid,ぐぉ.wav,research/data/raw/reference/utau-samples/maoto/単独音vivid/ぐぉ.wav,ぐぉ,,0,cv,44100,1,1.687347,true,true,
maoto,消臭妖精ノール,単独音vivid,け.wav,research/data/raw/reference/utau-samples/maoto/単独音vivid/け.wav,け,けV,1,cv,44100,1,1.687347,true,true,
maoto,消臭妖精ノール,単独音vivid,げ.wav,research/data/raw/reference/utau-samples/maoto/単独音vivid/げ.wav,げ,,0,cv,44100,1,1.687347,true,true,
maoto,消臭妖精ノール,単独音vivid,こ.wav,research/data/raw/reference/utau-samples/maoto/単独音vivid/こ.wav,こ,こV,1,cv,44100,1,1.749841,true,true,
maoto,消臭妖精ノール,単独音vivid,ご.wav,research/data/raw/reference/utau-samples/maoto/単独音vivid/ご.wav,ご,,0,cv,44100,1,1.749841,true,true,
maoto,消臭妖精ノール,単独音vivid,さ.wav,research/data/raw/reference/utau-samples/maoto/単独音vivid/さ.wav,さ,さV,1,cv,44100,1,1.624853,true,true,
maoto,消臭妖精ノール,単独音vivid,ざ.wav,research/data/raw/reference/utau-samples/maoto/単独音vivid/ざ.wav,ざ,,0,cv,44100,1,1.687347,true,true,
maoto,消臭妖精ノール,単独音vivid,し.wav,research/data/raw/reference/utau-samples/maoto/単独音vivid/し.wav,し,しV,1,cv,44100,1,1.624853,true,true,
maoto,消臭妖精ノール,単独音vivid,しぇ.wav,research/data/raw/reference/utau-samples/maoto/単独音vivid/しぇ.wav,しぇ,しぇV,1,cv,44100,1,1.687347,true,true,
maoto,消臭妖精ノール,単独音vivid,しゃ.wav,research/data/raw/reference/utau-samples/maoto/単独音vivid/しゃ.wav,しゃ,しゃV,1,cv,44100,1,1.749841,true,true,
maoto,消臭妖精ノール,単独音vivid,しゅ.wav,research/data/raw/reference/utau-samples/maoto/単独音vivid/しゅ.wav,しゅ,しゅV,1,cv,44100,1,1.624853,true,true,
maoto,消臭妖精ノール,単独音vivid,しょ.wav,research/data/raw/reference/utau-samples/maoto/単独音vivid/しょ.wav,しょ,しょV,1,cv,44100,1,1.749841,true,true,
maoto,消臭妖精ノール,単独音vivid,じ.wav,research/data/raw/reference/utau-samples/maoto/単独音vivid/じ.wav,じ,,0,cv,44100,1,1.687347,true,true,
maoto,消臭妖精ノール,単独音vivid,じぇ.wav,research/data/raw/reference/utau-samples/maoto/単独音vivid/じぇ.wav,じぇ,,0,cv,44100,1,1.624853,true,true,
maoto,消臭妖精ノール,単独音vivid,じゃ.wav,research/data/raw/reference/utau-samples/maoto/単独音vivid/じゃ.wav,じゃ,,0,cv,44100,1,1.749841,true,true,
maoto,消臭妖精ノール,単独音vivid,じゅ.wav,research/data/raw/reference/utau-samples/maoto/単独音vivid/じゅ.wav,じゅ,,0,cv,44100,1,1.624853,true,true,
maoto,消臭妖精ノール,単独音vivid,じょ.wav,research/data/raw/reference/utau-samples/maoto/単独音vivid/じょ.wav,じょ,,0,cv,44100,1,1.624853,true,true,
maoto,消臭妖精ノール,単独音vivid,す.wav,research/data/raw/reference/utau-samples/maoto/単独音vivid/す.wav,す,すV,1,cv,44100,1,1.624853,true,true,
maoto,消臭妖精ノール,単独音vivid,すぁ.wav,research/data/raw/reference/utau-samples/maoto/単独音vivid/すぁ.wav,すぁ,すぁV,1,cv,44100,1,1.624853,true,true,
maoto,消臭妖精ノール,単独音vivid,すぃ.wav,research/data/raw/reference/utau-samples/maoto/単独音vivid/すぃ.wav,すぃ,すぃV,1,cv,44100,1,1.687347,true,true,
maoto,消臭妖精ノール,単独音vivid,すぇ.wav,research/data/raw/reference/utau-samples/maoto/単独音vivid/すぇ.wav,すぇ,すぇV,1,cv,44100,1,1.687347,true,true,
maoto,消臭妖精ノール,単独音vivid,すぉ.wav,research/data/raw/reference/utau-samples/maoto/単独音vivid/すぉ.wav,すぉ,すぉV,1,cv,44100,1,1.749841,true,true,
maoto,消臭妖精ノール,単独音vivid,ず.wav,research/data/raw/reference/utau-samples/maoto/単独音vivid/ず.wav,ず,,0,cv,44100,1,1.624853,true,true,
maoto,消臭妖精ノール,単独音vivid,ずぁ.wav,research/data/raw/reference/utau-samples/maoto/単独音vivid/ずぁ.wav,ずぁ,,0,cv,44100,1,1.687347,true,true,
maoto,消臭妖精ノール,単独音vivid,ずぃ.wav,research/data/raw/reference/utau-samples/maoto/単独音vivid/ずぃ.wav,ずぃ,,0,cv,44100,1,1.624853,true,true,
maoto,消臭妖精ノール,単独音vivid,ずぇ.wav,research/data/raw/reference/utau-samples/maoto/単独音vivid/ずぇ.wav,ずぇ,,0,cv,44100,1,1.749841,true,true,
maoto,消臭妖精ノール,単独音vivid,ずぉ.wav,research/data/raw/reference/utau-samples/maoto/単独音vivid/ずぉ.wav,ずぉ,,0,cv,44100,1,1.624853,true,true,
maoto,消臭妖精ノール,単独音vivid,せ.wav,research/data/raw/reference/utau-samples/maoto/単独音vivid/せ.wav,せ,せV,1,cv,44100,1,1.749841,true,true,
maoto,消臭妖精ノール,単独音vivid,ぜ.wav,research/data/raw/reference/utau-samples/maoto/単独音vivid/ぜ.wav,ぜ,,0,cv,44100,1,1.624853,true,true,
maoto,消臭妖精ノール,単独音vivid,そ.wav,research/data/raw/reference/utau-samples/maoto/単独音vivid/そ.wav,そ,そV,1,cv,44100,1,1.749841,true,true,
maoto,消臭妖精ノール,単独音vivid,ぞ.wav,research/data/raw/reference/utau-samples/maoto/単独音vivid/ぞ.wav,ぞ,,0,cv,44100,1,1.749841,true,true,
maoto,消臭妖精ノール,単独音vivid,た.wav,research/data/raw/reference/utau-samples/maoto/単独音vivid/た.wav,た,たV,1,cv,44100,1,1.624853,true,true,
maoto,消臭妖精ノール,単独音vivid,だ.wav,research/data/raw/reference/utau-samples/maoto/単独音vivid/だ.wav,だ,,0,cv,44100,1,1.687347,true,true,
maoto,消臭妖精ノール,単独音vivid,ち.wav,research/data/raw/reference/utau-samples/maoto/単独音vivid/ち.wav,ち,ちV,1,cv,44100,1,1.687347,true,true,
maoto,消臭妖精ノール,単独音vivid,ちぇ.wav,research/data/raw/reference/utau-samples/maoto/単独音vivid/ちぇ.wav,ちぇ,ちぇV,1,cv,44100,1,1.687347,true,true,
maoto,消臭妖精ノール,単独音vivid,ちゃ.wav,research/data/raw/reference/utau-samples/maoto/単独音vivid/ちゃ.wav,ちゃ,ちゃV,1,cv,44100,1,1.749841,true,true,
maoto,消臭妖精ノール,単独音vivid,ちゅ.wav,research/data/raw/reference/utau-samples/maoto/単独音vivid/ちゅ.wav,ちゅ,ちゅV,1,cv,44100,1,1.624853,true,true,
maoto,消臭妖精ノール,単独音vivid,ちょ.wav,research/data/raw/reference/utau-samples/maoto/単独音vivid/ちょ.wav,ちょ,ちょV,1,cv,44100,1,1.687347,true,true,
maoto,消臭妖精ノール,単独音vivid,ぢ.wav,research/data/raw/reference/utau-samples/maoto/単独音vivid/ぢ.wav,ぢ,,0,cv,44100,1,1.687347,true,true,
maoto,消臭妖精ノール,単独音vivid,ぢぇ.wav,research/data/raw/reference/utau-samples/maoto/単独音vivid/ぢぇ.wav,ぢぇ,,0,cv,44100,1,1.687347,true,true,
maoto,消臭妖精ノール,単独音vivid,ぢゃ.wav,research/data/raw/reference/utau-samples/maoto/単独音vivid/ぢゃ.wav,ぢゃ,,0,cv,44100,1,1.749841,true,true,
maoto,消臭妖精ノール,単独音vivid,ぢゅ.wav,research/data/raw/reference/utau-samples/maoto/単独音vivid/ぢゅ.wav,ぢゅ,,0,cv,44100,1,1.687347,true,true,
maoto,消臭妖精ノール,単独音vivid,ぢょ.wav,research/data/raw/reference/utau-samples/maoto/単独音vivid/ぢょ.wav,ぢょ,,0,cv,44100,1,1.687347,true,true,
maoto,消臭妖精ノール,単独音vivid,つ.wav,research/data/raw/reference/utau-samples/maoto/単独音vivid/つ.wav,つ,つV,1,cv,44100,1,1.624853,true,true,
maoto,消臭妖精ノール,単独音vivid,つぁ.wav,research/data/raw/reference/utau-samples/maoto/単独音vivid/つぁ.wav,つぁ,つぁV,1,cv,44100,1,1.687347,true,true,
maoto,消臭妖精ノール,単独音vivid,つぃ.wav,research/data/raw/reference/utau-samples/maoto/単独音vivid/つぃ.wav,つぃ,つぃV,1,cv,44100,1,1.749841,true,true,
maoto,消臭妖精ノール,単独音vivid,つぇ.wav,research/data/raw/reference/utau-samples/maoto/単独音vivid/つぇ.wav,つぇ,つぇV,1,cv,44100,1,1.687347,true,true,
maoto,消臭妖精ノール,単独音vivid,つぉ.wav,research/data/raw/reference/utau-samples/maoto/単独音vivid/つぉ.wav,つぉ,つぉV,1,cv,44100,1,1.687347,true,true,
maoto,消臭妖精ノール,単独音vivid,づ.wav,research/data/raw/reference/utau-samples/maoto/単独音vivid/づ.wav,づ,,0,cv,44100,1,1.749841,true,true,
maoto,消臭妖精ノール,単独音vivid,づぁ.wav,research/data/raw/reference/utau-samples/maoto/単独音vivid/づぁ.wav,づぁ,,0,cv,44100,1,1.624853,true,true,
maoto,消臭妖精ノール,単独音vivid,づぃ.wav,research/data/raw/reference/utau-samples/maoto/単独音vivid/づぃ.wav,づぃ,,0,cv,44100,1,1.624853,true,true,
maoto,消臭妖精ノール,単独音vivid,づぇ.wav,research/data/raw/reference/utau-samples/maoto/単独音vivid/づぇ.wav,づぇ,,0,cv,44100,1,1.624853,true,true,
maoto,消臭妖精ノール,単独音vivid,づぉ.wav,research/data/raw/reference/utau-samples/maoto/単独音vivid/づぉ.wav,づぉ,,0,cv,44100,1,1.749841,true,true,
maoto,消臭妖精ノール,単独音vivid,て.wav,research/data/raw/reference/utau-samples/maoto/単独音vivid/て.wav,て,てV,1,cv,44100,1,1.749841,true,true,
maoto,消臭妖精ノール,単独音vivid,てぃ.wav,research/data/raw/reference/utau-samples/maoto/単独音vivid/てぃ.wav,てぃ,てぃV,1,cv,44100,1,1.749841,true,true,
maoto,消臭妖精ノール,単独音vivid,てゅ.wav,research/data/raw/reference/utau-samples/maoto/単独音vivid/てゅ.wav,てゅ,てゅV,1,cv,44100,1,1.749841,true,true,
maoto,消臭妖精ノール,単独音vivid,で.wav,research/data/raw/reference/utau-samples/maoto/単独音vivid/で.wav,で,,0,cv,44100,1,1.624853,true,true,
maoto,消臭妖精ノール,単独音vivid,でぃ.wav,research/data/raw/reference/utau-samples/maoto/単独音vivid/でぃ.wav,でぃ,,0,cv,44100,1,1.687347,true,true,
maoto,消臭妖精ノール,単独音vivid,でゅ.wav,research/data/raw/reference/utau-samples/maoto/単独音vivid/でゅ.wav,でゅ,,0,cv,44100,1,1.749841,true,true,
maoto,消臭妖精ノール,単独音vivid,と.wav,research/data/raw/reference/utau-samples/maoto/単独音vivid/と.wav,と,とV,1,cv,44100,1,1.687347,true,true,
maoto,消臭妖精ノール,単独音vivid,とぅ.wav,research/data/raw/reference/utau-samples/maoto/単独音vivid/とぅ.wav,とぅ,とぅV,1,cv,44100,1,1.687347,true,true,
maoto,消臭妖精ノール,単独音vivid,ど.wav,research/data/raw/reference/utau-samples/maoto/単独音vivid/ど.wav,ど,,0,cv,44100,1,1.749841,true,true,
maoto,消臭妖精ノール,単独音vivid,どぅ.wav,research/data/raw/reference/utau-samples/maoto/単独音vivid/どぅ.wav,どぅ,,0,cv,44100,1,1.749841,true,true,
maoto,消臭妖精ノール,単独音vivid,な.wav,research/data/raw/reference/utau-samples/maoto/単独音vivid/な.wav,な,なV,1,cv,44100,1,1.687347,true,true,
maoto,消臭妖精ノール,単独音vivid,に.wav,research/data/raw/reference/utau-samples/maoto/単独音vivid/に.wav,に,にV,1,cv,44100,1,1.624853,true,true,
maoto,消臭妖精ノール,単独音vivid,にぇ.wav,research/data/raw/reference/utau-samples/maoto/単独音vivid/にぇ.wav,にぇ,にぇV,1,cv,44100,1,1.687347,true,true,
maoto,消臭妖精ノール,単独音vivid,にゃ.wav,research/data/raw/reference/utau-samples/maoto/単独音vivid/にゃ.wav,にゃ,にゃV,1,cv,44100,1,1.687347,true,true,
maoto,消臭妖精ノール,単独音vivid,にゅ.wav,research/data/raw/reference/utau-samples/maoto/単独音vivid/にゅ.wav,にゅ,にゅV,1,cv,44100,1,1.624853,true,true,
maoto,消臭妖精ノール,単独音vivid,にょ.wav,research/data/raw/reference/utau-samples/maoto/単独音vivid/にょ.wav,にょ,にょV,1,cv,44100,1,1.687347,true,true,
maoto,消臭妖精ノール,単独音vivid,ぬ.wav,research/data/raw/reference/utau-samples/maoto/単独音vivid/ぬ.wav,ぬ,ぬV,1,cv,44100,1,1.749841,true,true,
maoto,消臭妖精ノール,単独音vivid,ね.wav,research/data/raw/reference/utau-samples/maoto/単独音vivid/ね.wav,ね,ねV,1,cv,44100,1,1.749841,true,true,
maoto,消臭妖精ノール,単独音vivid,の.wav,research/data/raw/reference/utau-samples/maoto/単独音vivid/の.wav,の,のV,1,cv,44100,1,1.624853,true,true,
maoto,消臭妖精ノール,単独音vivid,は.wav,research/data/raw/reference/utau-samples/maoto/単独音vivid/は.wav,は,はV,1,cv,44100,1,1.624853,true,true,
maoto,消臭妖精ノール,単独音vivid,ば.wav,research/data/raw/reference/utau-samples/maoto/単独音vivid/ば.wav,ば,,0,cv,44100,1,1.624853,true,true,
maoto,消臭妖精ノール,単独音vivid,ぱ.wav,research/data/raw/reference/utau-samples/maoto/単独音vivid/ぱ.wav,ぱ,,0,cv,44100,1,1.749841,true,true,
maoto,消臭妖精ノール,単独音vivid,ひ.wav,research/data/raw/reference/utau-samples/maoto/単独音vivid/ひ.wav,ひ,ひV,1,cv,44100,1,1.624853,true,true,
maoto,消臭妖精ノール,単独音vivid,ひぇ.wav,research/data/raw/reference/utau-samples/maoto/単独音vivid/ひぇ.wav,ひぇ,ひぇV,1,cv,44100,1,1.749841,true,true,
maoto,消臭妖精ノール,単独音vivid,ひゃ.wav,research/data/raw/reference/utau-samples/maoto/単独音vivid/ひゃ.wav,ひゃ,ひゃV,1,cv,44100,1,1.749841,true,true,
maoto,消臭妖精ノール,単独音vivid,ひゅ.wav,research/data/raw/reference/utau-samples/maoto/単独音vivid/ひゅ.wav,ひゅ,ひゅV,1,cv,44100,1,1.624853,true,true,
maoto,消臭妖精ノール,単独音vivid,ひょ.wav,research/data/raw/reference/utau-samples/maoto/単独音vivid/ひょ.wav,ひょ,ひょV,1,cv,44100,1,1.624853,true,true,
maoto,消臭妖精ノール,単独音vivid,び.wav,research/data/raw/reference/utau-samples/maoto/単独音vivid/び.wav,び,,0,cv,44100,1,1.687347,true,true,
maoto,消臭妖精ノール,単独音vivid,びぇ.wav,research/data/raw/reference/utau-samples/maoto/単独音vivid/びぇ.wav,びぇ,,0,cv,44100,1,1.749841,true,true,
maoto,消臭妖精ノール,単独音vivid,びゃ.wav,research/data/raw/reference/utau-samples/maoto/単独音vivid/びゃ.wav,びゃ,,0,cv,44100,1,1.624853,true,true,
maoto,消臭妖精ノール,単独音vivid,びゅ.wav,research/data/raw/reference/utau-samples/maoto/単独音vivid/びゅ.wav,びゅ,,0,cv,44100,1,1.624853,true,true,
maoto,消臭妖精ノール,単独音vivid,びょ.wav,research/data/raw/reference/utau-samples/maoto/単独音vivid/びょ.wav,びょ,,0,cv,44100,1,1.687347,true,true,
maoto,消臭妖精ノール,単独音vivid,ぴ.wav,research/data/raw/reference/utau-samples/maoto/単独音vivid/ぴ.wav,ぴ,,0,cv,44100,1,1.687347,true,true,
maoto,消臭妖精ノール,単独音vivid,ぴぇ.wav,research/data/raw/reference/utau-samples/maoto/単独音vivid/ぴぇ.wav,ぴぇ,,0,cv,44100,1,1.687347,true,true,
maoto,消臭妖精ノール,単独音vivid,ぴゃ.wav,research/data/raw/reference/utau-samples/maoto/単独音vivid/ぴゃ.wav,ぴゃ,,0,cv,44100,1,1.749841,true,true,
maoto,消臭妖精ノール,単独音vivid,ぴゅ.wav,research/data/raw/reference/utau-samples/maoto/単独音vivid/ぴゅ.wav,ぴゅ,,0,cv,44100,1,1.687347,true,true,
maoto,消臭妖精ノール,単独音vivid,ぴょ.wav,research/data/raw/reference/utau-samples/maoto/単独音vivid/ぴょ.wav,ぴょ,,0,cv,44100,1,1.687347,true,true,
maoto,消臭妖精ノール,単独音vivid,ふ.wav,research/data/raw/reference/utau-samples/maoto/単独音vivid/ふ.wav,ふ,ふV,1,cv,44100,1,1.624853,true,true,
maoto,消臭妖精ノール,単独音vivid,ふぁ.wav,research/data/raw/reference/utau-samples/maoto/単独音vivid/ふぁ.wav,ふぁ,ふぁV,1,cv,44100,1,1.749841,true,true,
maoto,消臭妖精ノール,単独音vivid,ふぃ.wav,research/data/raw/reference/utau-samples/maoto/単独音vivid/ふぃ.wav,ふぃ,ふぃV,1,cv,44100,1,1.687347,true,true,
maoto,消臭妖精ノール,単独音vivid,ふぇ.wav,research/data/raw/reference/utau-samples/maoto/単独音vivid/ふぇ.wav,ふぇ,ふぇV,1,cv,44100,1,1.687347,true,true,
maoto,消臭妖精ノール,単独音vivid,ふぉ.wav,research/data/raw/reference/utau-samples/maoto/単独音vivid/ふぉ.wav,ふぉ,ふぉV,1,cv,44100,1,1.624853,true,true,
maoto,消臭妖精ノール,単独音vivid,ぶ.wav,research/data/raw/reference/utau-samples/maoto/単独音vivid/ぶ.wav,ぶ,,0,cv,44100,1,1.624853,true,true,
maoto,消臭妖精ノール,単独音vivid,ぶぁ.wav,research/data/raw/reference/utau-samples/maoto/単独音vivid/ぶぁ.wav,ぶぁ,,0,cv,44100,1,1.624853,true,true,
maoto,消臭妖精ノール,単独音vivid,ぶぃ.wav,research/data/raw/reference/utau-samples/maoto/単独音vivid/ぶぃ.wav,ぶぃ,,0,cv,44100,1,1.749841,true,true,
maoto,消臭妖精ノール,単独音vivid,ぶぇ.wav,research/data/raw/reference/utau-samples/maoto/単独音vivid/ぶぇ.wav,ぶぇ,,0,cv,44100,1,1.687347,true,true,
maoto,消臭妖精ノール,単独音vivid,ぶぉ.wav,research/data/raw/reference/utau-samples/maoto/単独音vivid/ぶぉ.wav,ぶぉ,,0,cv,44100,1,1.749841,true,true,
maoto,消臭妖精ノール,単独音vivid,ぷ.wav,research/data/raw/reference/utau-samples/maoto/単独音vivid/ぷ.wav,ぷ,,0,cv,44100,1,1.624853,true,true,
maoto,消臭妖精ノール,単独音vivid,へ.wav,research/data/raw/reference/utau-samples/maoto/単独音vivid/へ.wav,へ,へV,1,cv,44100,1,1.624853,true,true,
maoto,消臭妖精ノール,単独音vivid,べ.wav,research/data/raw/reference/utau-samples/maoto/単独音vivid/べ.wav,べ,,0,cv,44100,1,1.624853,true,true,
maoto,消臭妖精ノール,単独音vivid,ぺ.wav,research/data/raw/reference/utau-samples/maoto/単独音vivid/ぺ.wav,ぺ,,0,cv,44100,1,1.687347,true,true,
maoto,消臭妖精ノール,単独音vivid,ほ.wav,research/data/raw/reference/utau-samples/maoto/単独音vivid/ほ.wav,ほ,ほV,1,cv,44100,1,1.687347,true,true,
maoto,消臭妖精ノール,単独音vivid,ぼ.wav,research/data/raw/reference/utau-samples/maoto/単独音vivid/ぼ.wav,ぼ,,0,cv,44100,1,1.687347,true,true,
maoto,消臭妖精ノール,単独音vivid,ぽ.wav,research/data/raw/reference/utau-samples/maoto/単独音vivid/ぽ.wav,ぽ,,0,cv,44100,1,1.687347,true,true,
maoto,消臭妖精ノール,単独音vivid,ま.wav,research/data/raw/reference/utau-samples/maoto/単独音vivid/ま.wav,ま,まV,1,cv,44100,1,1.749841,true,true,
maoto,消臭妖精ノール,単独音vivid,み.wav,research/data/raw/reference/utau-samples/maoto/単独音vivid/み.wav,み,みV,1,cv,44100,1,1.624853,true,true,
maoto,消臭妖精ノール,単独音vivid,みぇ.wav,research/data/raw/reference/utau-samples/maoto/単独音vivid/みぇ.wav,みぇ,みぇV,1,cv,44100,1,1.687347,true,true,
maoto,消臭妖精ノール,単独音vivid,みゃ.wav,research/data/raw/reference/utau-samples/maoto/単独音vivid/みゃ.wav,みゃ,みゃV,1,cv,44100,1,1.687347,true,true,
maoto,消臭妖精ノール,単独音vivid,みゅ.wav,research/data/raw/reference/utau-samples/maoto/単独音vivid/みゅ.wav,みゅ,みゅV,1,cv,44100,1,1.687347,true,true,
maoto,消臭妖精ノール,単独音vivid,みょ.wav,research/data/raw/reference/utau-samples/maoto/単独音vivid/みょ.wav,みょ,みょV,1,cv,44100,1,1.624853,true,true,
maoto,消臭妖精ノール,単独音vivid,む.wav,research/data/raw/reference/utau-samples/maoto/単独音vivid/む.wav,む,むV,1,cv,44100,1,1.749841,true,true,
maoto,消臭妖精ノール,単独音vivid,め.wav,research/data/raw/reference/utau-samples/maoto/単独音vivid/め.wav,め,めV,1,cv,44100,1,1.749841,true,true,
maoto,消臭妖精ノール,単独音vivid,も.wav,research/data/raw/reference/utau-samples/maoto/単独音vivid/も.wav,も,もV,1,cv,44100,1,1.624853,true,true,
maoto,消臭妖精ノール,単独音vivid,や.wav,research/data/raw/reference/utau-samples/maoto/単独音vivid/や.wav,や,やV,1,cv,44100,1,1.687347,true,true,
maoto,消臭妖精ノール,単独音vivid,ゆ.wav,research/data/raw/reference/utau-samples/maoto/単独音vivid/ゆ.wav,ゆ,ゆV,1,cv,44100,1,1.749841,true,true,
maoto,消臭妖精ノール,単独音vivid,よ.wav,research/data/raw/reference/utau-samples/maoto/単独音vivid/よ.wav,よ,よV,1,cv,44100,1,1.624853,true,true,
maoto,消臭妖精ノール,単独音vivid,ら.wav,research/data/raw/reference/utau-samples/maoto/単独音vivid/ら.wav,ら,らV,1,cv,44100,1,1.624853,true,true,
maoto,消臭妖精ノール,単独音vivid,り.wav,research/data/raw/reference/utau-samples/maoto/単独音vivid/り.wav,り,りV,1,cv,44100,1,1.624853,true,true,
maoto,消臭妖精ノール,単独音vivid,りぇ.wav,research/data/raw/reference/utau-samples/maoto/単独音vivid/りぇ.wav,りぇ,りぇV,1,cv,44100,1,1.687347,true,true,
maoto,消臭妖精ノール,単独音vivid,りゃ.wav,research/data/raw/reference/utau-samples/maoto/単独音vivid/りゃ.wav,りゃ,りゃV,1,cv,44100,1,1.687347,true,true,
maoto,消臭妖精ノール,単独音vivid,りゅ.wav,research/data/raw/reference/utau-samples/maoto/単独音vivid/りゅ.wav,りゅ,りゅV,1,cv,44100,1,1.624853,true,true,
maoto,消臭妖精ノール,単独音vivid,りょ.wav,research/data/raw/reference/utau-samples/maoto/単独音vivid/りょ.wav,りょ,りょV,1,cv,44100,1,1.749841,true,true,
maoto,消臭妖精ノール,単独音vivid,る.wav,research/data/raw/reference/utau-samples/maoto/単独音vivid/る.wav,る,るV,1,cv,44100,1,1.687347,true,true,
maoto,消臭妖精ノール,単独音vivid,れ.wav,research/data/raw/reference/utau-samples/maoto/単独音vivid/れ.wav,れ,れV,1,cv,44100,1,1.749841,true,true,
maoto,消臭妖精ノール,単独音vivid,ろ.wav,research/data/raw/reference/utau-samples/maoto/単独音vivid/ろ.wav,ろ,ろV,1,cv,44100,1,1.687347,true,true,
maoto,消臭妖精ノール,単独音vivid,わ.wav,research/data/raw/reference/utau-samples/maoto/単独音vivid/わ.wav,わ,わV,1,cv,44100,1,1.624853,true,true,
maoto,消臭妖精ノール,単独音vivid,ん.wav,research/data/raw/reference/utau-samples/maoto/単独音vivid/ん.wav,ん,んV,1,cv,44100,1,1.749841,true,true,
maoto,消臭妖精ノール,単独音vivid,ヴ.wav,research/data/raw/reference/utau-samples/maoto/単独音vivid/ヴ.wav,ヴ,,0,cv,44100,1,1.687347,true,true,
maoto,消臭妖精ノール,単独音vivid,ヴぁ.wav,research/data/raw/reference/utau-samples/maoto/単独音vivid/ヴぁ.wav,ヴぁ,,0,cv,44100,1,1.687347,true,true,
maoto,消臭妖精ノール,単独音vivid,ヴぃ.wav,research/data/raw/reference/utau-samples/maoto/単独音vivid/ヴぃ.wav,ヴぃ,,0,cv,44100,1,1.687347,true,true,
maoto,消臭妖精ノール,単独音vivid,ヴぇ.wav,research/data/raw/reference/utau-samples/maoto/単独音vivid/ヴぇ.wav,ヴぇ,,0,cv,44100,1,1.624853,true,true,
maoto,消臭妖精ノール,単独音vivid,ヴぉ.wav,research/data/raw/reference/utau-samples/maoto/単独音vivid/ヴぉ.wav,ヴぉ,,0,cv,44100,1,1.749841,true,true,
maoto,消臭妖精ノール,台詞,hey.wav,research/data/raw/reference/utau-samples/maoto/台詞/hey.wav,hey,,1,dialogue,44100,1,0.801088,true,true,
maoto,消臭妖精ノール,台詞,yeah.wav,research/data/raw/reference/utau-samples/maoto/台詞/yeah.wav,yeah,,1,dialogue,44100,1,0.824308,true,true,
maoto,消臭妖精ノール,台詞,ありがとう.wav,research/data/raw/reference/utau-samples/maoto/台詞/ありがとう.wav,ありがとう,,0,dialogue,44100,1,1.648617,true,true,
maoto,消臭妖精ノール,台詞,わんつーすりーふぉー.wav,research/data/raw/reference/utau-samples/maoto/台詞/わんつーすりーふぉー.wav,わんつーすりーふぉー,,1,dialogue,44100,1,2.658685,true,true,
maoto,消臭妖精ノール,台詞,デオデオドアー！.wav,research/data/raw/reference/utau-samples/maoto/台詞/デオデオドアー！.wav,デオデオドアー！,,0,dialogue,44100,1,2.113016,true,true,
maoto,消臭妖精ノール,台詞,ラブラブポッピンパンチ.wav,research/data/raw/reference/utau-samples/maoto/台詞/ラブラブポッピンパンチ.wav,ラブラブポッピンパンチ,,0,dialogue,44100,1,2.020136,true,true,
maoto,消臭妖精ノール,台詞,息.wav,research/data/raw/reference/utau-samples/maoto/台詞/息.wav,息,息,1,dialogue,44100,1,0.564535,true,true,
maoto,消臭妖精ノール,台詞,歌います！.wav,research/data/raw/reference/utau-samples/maoto/台詞/歌います！.wav,歌います！,,1,dialogue,44100,1,1.195828,true,true,
maoto,消臭妖精ノール,台詞,消臭妖精ノール.wav,research/data/raw/reference/utau-samples/maoto/台詞/消臭妖精ノール.wav,消臭妖精ノール,,1,dialogue,44100,1,2.101406,true,true,
maoto,消臭妖精ノール,台詞,臭いんですけど.wav,research/data/raw/reference/utau-samples/maoto/台詞/臭いんですけど.wav,臭いんですけど,,0,dialogue,44100,1,2.136236,true,true,
maoto,消臭妖精ノール,台詞,臭塗.wav,research/data/raw/reference/utau-samples/maoto/台詞/臭塗.wav,臭塗,,1,dialogue,44100,1,1.509297,true,true,
maoto,消臭妖精ノール,連続音,_あめうぇりゃえしょ.wav,research/data/raw/reference/utau-samples/maoto/連続音/_あめうぇりゃえしょ.wav,_あめうぇりゃえしょ,- あ,6,vcv,44100,1,4.124626,true,true,
maoto,消臭妖精ノール,連続音,_いうぁんヴぃちゅん.wav,research/data/raw/reference/utau-samples/maoto/連続音/_いうぁんヴぃちゅん.wav,_いうぁんヴぃちゅん,,0,vcv,44100,1,4.187120,true,true,
maoto,消臭妖精ノール,連続音,_いくんぎぇいう.wav,research/data/raw/reference/utau-samples/maoto/連続音/_いくんぎぇいう.wav,_いくんぎぇいう,,0,vcv,44100,1,4.187120,true,true,
maoto,消臭妖精ノール,連続音,_いざんひどん.wav,research/data/raw/reference/utau-samples/maoto/連続音/_いざんひどん.wav,_いざんひどん,,0,vcv,44100,1,4.187120,true,true,
maoto,消臭妖精ノール,連続音,_いしみしゅんす.wav,research/data/raw/reference/utau-samples/maoto/連続音/_いしみしゅんす.wav,_いしみしゅんす,i し,4,vcv,44100,1,4.124626,true,true,
maoto,消臭妖精ノール,連続音,_いつんこいそ.wav,research/data/raw/reference/utau-samples/maoto/連続音/_いつんこいそ.wav,_いつんこいそ,i つ,4,vcv,44100,1,4.187120,true,true,
maoto,消臭妖精ノール,連続音,_いでんにぇいびゅ.wav,research/data/raw/reference/utau-samples/maoto/連続音/_いでんにぇいびゅ.wav,_いでんにぇいびゅ,,0,vcv,44100,1,4.187120,true,true,
maoto,消臭妖精ノール,連続音,_いとんきゅいぶ.wav,research/data/raw/reference/utau-samples/maoto/連続音/_いとんきゅいぶ.wav,_いとんきゅいぶ,,0,vcv,44100,1,4.124626,true,true,
maoto,消臭妖精ノール,連続音,_いぴゃんじてぃめ.wav,research/data/raw/reference/utau-samples/maoto/連続音/_いぴゃんじてぃめ.wav,_いぴゃんじてぃめ,,0,vcv,44100,1,4.124626,true,true,
maoto,消臭妖精ノール,連続音,_いみゅがりゃざびょ.wav,research/data/raw/reference/utau-samples/maoto/連続音/_いみゅがりゃざびょ.wav,_いみゅがりゃざびょ,,0,vcv,44100,1,4.187120,true,true,
maoto,消臭妖精ノール,連続音,_いよんぬいきぇ.wav,research/data/raw/reference/utau-samples/maoto/連続音/_いよんぬいきぇ.wav,_いよんぬいきぇ,i よ,3,vcv,44100,1,4.187120,true,true,
maoto,消臭妖精ノール,連続音,_いりぇんりたん.wav,research/data/raw/reference/utau-samples/maoto/連続音/_いりぇんりたん.wav,_いりぇんりたん,i りぇ,3,vcv,44100,1,4.187120,true,true,
maoto,消臭妖精ノール,連続音,_いりゃんひょいぺ.wav,research/data/raw/reference/utau-samples/maoto/連続音/_いりゃんひょいぺ.wav,_いりゃんひょいぺ,,0,vcv,44100,1,4.187120,true,true,
maoto,消臭妖精ノール,連続音,_いろんぴぇいね.wav,research/data/raw/reference/utau-samples/maoto/連続音/_いろんぴぇいね.wav,_いろんぴぇいね,,0,vcv,44100,1,4.187120,true,true,
maoto,消臭妖精ノール,連続音,_うぁごびぬはや.wav,research/data/raw/reference/utau-samples/maoto/連続音/_うぁごびぬはや.wav,_うぁごびぬはや,,0,vcv,44100,1,4.187120,true,true,
maoto,消臭妖精ノール,連続音,_うぃじゃちぇじゃしゅべ.wav,research/data/raw/reference/utau-samples/maoto/連続音/_うぃじゃちぇじゃしゅべ.wav,_うぃじゃちぇじゃしゅべ,,0,vcv,44100,1,4.187120,true,true,
maoto,消臭妖精ノール,連続音,_うぇぎヴなししょ.wav,research/data/raw/reference/utau-samples/maoto/連続音/_うぇぎヴなししょ.wav,_うぇぎヴなししょ,,0,vcv,44100,1,4.249615,true,true,
maoto,消臭妖精ノール,連続音,_うぉんやんにゅん.wav,research/data/raw/reference/utau-samples/maoto/連続音/_うぉんやんにゅん.wav,_うぉんやんにゅん,- うぉ,3,vcv,44100,1,4.249615,true,true,
maoto,消臭妖精ノール,連続音,_うよぎゅじょれぐ.wav,research/data/raw/reference/utau-samples/maoto/連続音/_うよぎゅじょれぐ.wav,_うよぎゅじょれぐ,,0,vcv,44100,1,4.187120,true,true,
maoto,消臭妖精ノール,連続音,_えぴぇちびょちぇん.wav,research/data/raw/reference/utau-samples/maoto/連続音/_えぴぇちびょちぇん.wav,_えぴぇちびょちぇん,,0,vcv,44100,1,4.187120,true,true,
maoto,消臭妖精ノール,連続音,_おどぅヴぃござで.wav,research/data/raw/reference/utau-samples/maoto/連続音/_おどぅヴぃござで.wav,_おどぅヴぃござで,,0,vcv,44100,1,4.187120,true,true,
maoto,消臭妖精ノール,連続音,_かにぇよべにぇひゅ.wav,research/data/raw/reference/utau-samples/maoto/連続音/_かにぇよべにぇひゅ.wav,_かにぇよべにぇひゅ,,0,vcv,44100,1,4.187120,true,true,
maoto,消臭妖精ノール,連続音,_がうぇいぴょひょぎゃ.wav,research/data/raw/reference/utau-samples/maoto/連続音/_がうぇいぴょひょぎゃ.wav,_がうぇいぴょひょぎゃ,,0,vcv,44100,1,4.187120,true,true,
maoto,消臭妖精ノール,連続音,_きぇのきゅにゅおあ.wav,research/data/raw/reference/utau-samples/maoto/連続音/_きぇのきゅにゅおあ.wav,_きぇのきゅにゅおあ,- きぇ,6,vcv,44100,1,4.187120,true,true,
maoto,消臭妖精ノール,連続音,_きぎぇわぎにぎゃ.wav,research/data/raw/reference/utau-samples/maoto/連続音/_きぎぇわぎにぎゃ.wav,_きぎぇわぎにぎゃ,,0,vcv,44100,1,4.187120,true,true,
maoto,消臭妖精ノール,連続音,_きゃぴぇぞもみゅびぇ.wav,research/data/raw/reference/utau-samples/maoto/連続音/_きゃぴぇぞもみゅびぇ.wav,_きゃぴぇぞもみゅびぇ,,0,vcv,44100,1,4.187120,true,true,
maoto,消臭妖精ノール,連続音,_きゅんちょんヴぇうぉ.wav,research/data/raw/reference/utau-samples/maoto/連続音/_きゅんちょんヴぇうぉ.wav,_きゅんちょんヴぇうぉ,,0,vcv,44100,1,4.187120,true,true,
maoto,消臭妖精ノール,連続音,_きょとぅびゅびかう.wav,research/data/raw/reference/utau-samples/maoto/連続音/_きょとぅびゅびかう.wav,_きょとぅびゅびかう,,0,vcv,44100,1,4.249615,true,true,
maoto,消臭妖精ノール,連続音,_ぎぇりぇばひへく.wav,research/data/raw/reference/utau-samples/maoto/連続音/_ぎぇりぇばひへく.wav,_ぎぇりぇばひへく,,0,vcv,44100,1,4.187120,true,true,
maoto,消臭妖精ノール,連続音,_ぎぎきちぇみゅえ.wav,research/data/raw/reference/utau-samples/maoto/連続音/_ぎぎきちぇみゅえ.wav,_ぎぎきちぇみゅえ,,0,vcv,44100,1,4.187120,true,true,
maoto,消臭妖精ノール,連続音,_ぎゃてちゃヴびょちゃ.wav,research/data/raw/reference/utau-samples/maoto/連続音/_ぎゃてちゃヴびょちゃ.wav,_ぎゃてちゃヴびょちゃ,,0,vcv,44100,1,4.187120,true,true,
maoto,消臭妖精ノール,連続音,_ぎゅびゃみゃじゅりゃぴ.wav,research/data/raw/reference/utau-samples/maoto/連続音/_ぎゅびゃみゃじゅりゃぴ.wav,_ぎゅびゃみゃじゅりゃぴ,,0,vcv,44100,1,4.187120,true,true,
maoto,消臭妖精ノール,連続音,_ぎょじゃんぱんと.wav,research/data/raw/reference/utau-samples/maoto/連続音/_ぎょじゃんぱんと.wav,_ぎょじゃんぱんと,,0,vcv,44100,1,4.124626,true,true,
maoto,消臭妖精ノール,連続音,_くちょんげけむ.wav,research/data/raw/reference/utau-samples/maoto/連続音/_くちょんげけむ.wav,_くちょんげけむ,,0,vcv,44100,1,4.187120,true,true,
maoto,消臭妖精ノール,連続音,_ぐぱじょほヴぃにょ.wav,research/data/raw/reference/utau-samples/maoto/連続音/_ぐぱじょほヴぃにょ.wav,_ぐぱじょほヴぃにょ,,0,vcv,44100,1,4.187120,true,true,
maoto,消臭妖精ノール,連続音,_けゆぼうぃぞぼ.wav,research/data/raw/reference/utau-samples/maoto/連続音/_けゆぼうぃぞぼ.wav,_けゆぼうぃぞぼ,,0,vcv,44100,1,4.187120,true,true,
maoto,消臭妖精ノール,連続音,_げしゅきゅみじょり.wav,research/data/raw/reference/utau-samples/maoto/連続音/_げしゅきゅみじょり.wav,_げしゅきゅみじょり,,0,vcv,44100,1,4.187120,true,true,
maoto,消臭妖精ノール,連続音,_こなほしゃこひぇ.wav,research/data/raw/reference/utau-samples/maoto/連続音/_こなほしゃこひぇ.wav,_こなほしゃこひぇ,- こ,6,vcv,44100,1,4.187120,true,true,
maoto,消臭妖精ノール,連続音,_ごさみゅのえひ.wav,research/data/raw/reference/utau-samples/maoto/連続音/_ごさみゅのえひ.wav,_ごさみゅのえひ,,0,vcv,44100,1,4.187120,true,true,
maoto,消臭妖精ノール,連続音,_さわひょそゆぎ.wav,research/data/raw/reference/utau-samples/maoto/連続音/_さわひょそゆぎ.wav,_さわひょそゆぎ,,0,vcv,44100,1,4.187120,true,true,
maoto,消臭妖精ノール,連続音,_ざぎゃとぅうとぅね.wav,research/data/raw/reference/utau-samples/maoto/連続音/_ざぎゃとぅうとぅね.wav,_ざぎゃとぅうとぅね,,0,vcv,44100,1,4.187120,true,true,
maoto,消臭妖精ノール,連続音,_しぇぎゅにどぅひょこ.wav,research/data/raw/reference/utau-samples/maoto/連続音/_しぇぎゅにどぅひょこ.wav,_しぇぎゅにどぅひょこ,,0,vcv,44100,1,4.249615,true,true,
maoto,消臭妖精ノール,連続音,_してぶしぇだの.wav,research/data/raw/reference/utau-samples/maoto/連続音/_してぶしぇだの.wav,_してぶしぇだの,,0,vcv,44100,1,4.187120,true,true,
maoto,消臭妖精ノール,連続音,_しゃぎょごへたよ.wav,research/data/raw/reference/utau-samples/maoto/連続音/_しゃぎょごへたよ.wav,_しゃぎょごへたよ,,0,vcv,44100,1,4.187120,true,true,
maoto,消臭妖精ノール,連続音,_しゅしょしぇあどぱ.wav,research/data/raw/reference/utau-samples/maoto/連続音/_しゅしょしぇあどぱ.wav,_しゅしょしぇあどぱ,,0,vcv,44100,1,4.187120,true,true,
maoto,消臭妖精ノール,連続音,_しょじヴぉまたあ.wav,research/data/raw/reference/utau-samples/maoto/連続音/_しょじヴぉまたあ.wav,_しょじヴぉまたあ,,0,vcv,44100,1,4.187120,true,true,
maoto,消臭妖精ノール,連続音,_じぇまびゅてもけ.wav,research/data/raw/reference/utau-samples/maoto/連続音/_じぇまびゅてもけ.wav,_じぇまびゅてもけ,,0,vcv,44100,1,4.249615,true,true,
maoto,消臭妖精ノール,連続音,_じひせおんびぇ.wav,research/data/raw/reference/utau-samples/maoto/連続音/_じひせおんびぇ.wav,_じひせおんびぇ,,0,vcv,44100,1,4.187120,true,true,
maoto,消臭妖精ノール,連続音,_じゃへヴヴぉぎょど.wav,research/data/raw/reference/utau-samples/maoto/連続音/_じゃへヴヴぉぎょど.wav,_じゃへヴヴぉぎょど,,0,vcv,44100,1,4.187120,true,true,
maoto,消臭妖精ノール,連続音,_じゅずとてぃさむ.wav,research/data/raw/reference/utau-samples/maoto/連続音/_じゅずとてぃさむ.wav,_じゅずとてぃさむ,,0,vcv,44100,1,4.249615,true,true,
maoto,消臭妖精ノール,連続音,_じょりょひゃかちょす.wav,research/data/raw/reference/utau-samples/maoto/連続音/_じょりょひゃかちょす.wav,_じょりょひゃかちょす,,0,vcv,44100,1,4.187120,true,true,
maoto,消臭妖精ノール,連続音,_すりひゅにゃくす.wav,research/data/raw/reference/utau-samples/maoto/連続音/_すりひゅにゃくす.wav,_すりひゅにゃくす,- す,6,vcv,44100,1,4.124626,true,true,
maoto,消臭妖精ノール,連続音,_ずぴちぼのじょ.wav,research/data/raw/reference/utau-samples/maoto/連続音/_ずぴちぼのじょ.wav,_ずぴちぼのじょ,,0,vcv,44100,1,4.187120,true,true,
maoto,消臭妖精ノール,連続音,_せにゅまもふし.wav,research/data/raw/reference/utau-samples/maoto/連続音/_せにゅまもふし.wav,_せにゅまもふし,- せ,6,vcv,44100,1,4.187120,true,true,
maoto,消臭妖精ノール,連続音,_ぜみゃぴょうみぇひゃ.wav,research/data/raw/reference/utau-samples/maoto/連続音/_ぜみゃぴょうみぇひゃ.wav,_ぜみゃぴょうみぇひゃ,,0,vcv,44100,1,4.187120,true,true,
maoto,消臭妖精ノール,連続音,_そらはみぇきょきゃ.wav,research/data/raw/reference/utau-samples/maoto/連続音/_そらはみぇきょきゃ.wav,_そらはみぇきょきゃ,- そ,6,vcv,44100,1,4.124626,true,true,
maoto,消臭妖精ノール,連続音,_ぞかどぅきぇがりぇ.wav,research/data/raw/reference/utau-samples/maoto/連続音/_ぞかどぅきぇがりぇ.wav,_ぞかどぅきぇがりぇ,,0,vcv,44100,1,4.124626,true,true,
maoto,消臭妖精ノール,連続音,_たんぴゅぴゅさん.wav,research/data/raw/reference/utau-samples/maoto/連続音/_たんぴゅぴゅさん.wav,_たんぴゅぴゅさん,,0,vcv,44100,1,4.187120,true,true,
maoto,消臭妖精ノール,連続音,_だみょうぇるうぉん.wav,research/data/raw/reference/utau-samples/maoto/連続音/_だみょうぇるうぉん.wav,_だみょうぇるうぉん,,0,vcv,44100,1,4.124626,true,true,
maoto,消臭妖精ノール,連続音,_ちぇびゃぶみゃぎぇふ.wav,research/data/raw/reference/utau-samples/maoto/連続音/_ちぇびゃぶみゃぎぇふ.wav,_ちぇびゃぶみゃぎぇふ,,0,vcv,44100,1,4.187120,true,true,
maoto,消臭妖精ノール,連続音,_ちゃつじゃびみぇき.wav,research/data/raw/reference/utau-samples/maoto/連続音/_ちゃつじゃびみぇき.wav,_ちゃつじゃびみぇき,,0,vcv,44100,1,4.187120,true,true,
maoto,消臭妖精ノール,連続音,_ちゅんろきょうぁヴぁ.wav,research/data/raw/reference/utau-samples/maoto/連続音/_ちゅんろきょうぁヴぁ.wav,_ちゅんろきょうぁヴぁ,,0,vcv,44100,1,4.124626,true,true,
maoto,消臭妖精ノール,連続音,_ちょちょにぇびゅせひょ.wav,research/data/raw/reference/utau-samples/maoto/連続音/_ちょちょにぇびゅせひょ.wav,_ちょちょにぇびゅせひょ,,0,vcv,44100,1,4.249615,true,true,
maoto,消臭妖精ノール,連続音,_ちわぬぶヴぇぽ.wav,research/data/raw/reference/utau-samples/maoto/連続音/_ちわぬぶヴぇぽ.wav,_ちわぬぶヴぇぽ,,0,vcv,44100,1,4.187120,true,true,
maoto,消臭妖精ノール,連続音,_つもにょみぇきゅうぃ.wav,research/data/raw/reference/utau-samples/maoto/連続音/_つもにょみぇきゅうぃ.wav,_つもにょみぇきゅうぃ,- つ,6,vcv,44100,1,4.187120,true,true,
maoto,消臭妖精ノール,連続音,_てぃみょぴゅにょきぇれ.wav,research/data/raw/reference/utau-samples/maoto/連続音/_てぃみょぴゅにょきぇれ.wav,_てぃみょぴゅにょきぇれ,,0,vcv,44100,1,4.187120,true,true,
maoto,消臭妖精ノール,連続音,_でぃきゃひゃにゃちゅち.wav,research/data/raw/reference/utau-samples/maoto/連続音/_でぃきゃひゃにゃちゅち.wav,_でぃきゃひゃにゃちゅち,,0,vcv,44100,1,4.124626,true,true,
maoto,消臭妖精ノール,連続音,_でうぁずでぬぎょ.wav,research/data/raw/reference/utau-samples/maoto/連続音/_でうぁずでぬぎょ.wav,_でうぁずでぬぎょ,,0,vcv,44100,1,4.124626,true,true,
maoto,消臭妖精ノール,連続音,_てヴぉつむほぴ.wav,research/data/raw/reference/utau-samples/maoto/連続音/_てヴぉつむほぴ.wav,_てヴぉつむほぴ,,0,vcv,44100,1,4.187120,true,true,
maoto,消臭妖精ノール,連続音,_とぅぐこくばき.wav,research/data/raw/reference/utau-samples/maoto/連続音/_とぅぐこくばき.wav,_とぅぐこくばき,,0,vcv,44100,1,4.187120,true,true,
maoto,消臭妖精ノール,連続音,_とぜぱにりょびゃ.wav,research/data/raw/reference/utau-samples/maoto/連続音/_とぜぱにりょびゃ.wav,_とぜぱにりょびゃ,,0,vcv,44100,1,4.187120,true,true,
maoto,消臭妖精ノール,連続音,_どぅうぁヴぉりぇぴゃぷ.wav,research/data/raw/reference/utau-samples/maoto/連続音/_どぅうぁヴぉりぇぴゃぷ.wav,_どぅうぁヴぉりぇぴゃぷ,,0,vcv,44100,1,4.187120,true,true,
maoto,消臭妖精ノール,連続音,_どたぺじぇざぴゃ.wav,research/data/raw/reference/utau-samples/maoto/連続音/_どたぺじぇざぴゃ.wav,_どたぺじぇざぴゃ,,0,vcv,44100,1,4.124626,true,true,
maoto,消臭妖精ノール,連続音,_なばそずひでぃ.wav,research/data/raw/reference/utau-samples/maoto/連続音/_なばそずひでぃ.wav,_なばそずひでぃ,,0,vcv,44100,1,4.187120,true,true,
maoto,消臭妖精ノール,連続音,_にぇずげねめしぇ.wav,research/data/raw/reference/utau-samples/maoto/連続音/_にぇずげねめしぇ.wav,_にぇずげねめしぇ,,0,vcv,44100,1,4.187120,true,true,
maoto,消臭妖精ノール,連続音,_にすにぇきぇひぇちゅ.wav,research/data/raw/reference/utau-samples/maoto/連続音/_にすにぇきぇひぇちゅ.wav,_にすにぇきぇひぇちゅ,- に,6,vcv,44100,1,4.187120,true,true,
maoto,消臭妖精ノール,連続音,_にゃんごびゅぷけ.wav,research/data/raw/reference/utau-samples/maoto/連続音/_にゃんごびゅぷけ.wav,_にゃんごびゅぷけ,,0,vcv,44100,1,4.187120,true,true,
maoto,消臭妖精ノール,連続音,_にゅどみょしゅぽぷ.wav,research/data/raw/reference/utau-samples/maoto/連続音/_にゅどみょしゅぽぷ.wav,_にゅどみょしゅぽぷ,,0,vcv,44100,1,4.187120,true,true,
maoto,消臭妖精ノール,連続音,_にょんざんぜん.wav,research/data/raw/reference/utau-samples/maoto/連続音/_にょんざんぜん.wav,_にょんざんぜん,,0,vcv,44100,1,4.187120,true,true,
maoto,消臭妖精ノール,連続音,_ぬるつヴひゃひぇ.wav,research/data/raw/reference/utau-samples/maoto/連続音/_ぬるつヴひゃひぇ.wav,_ぬるつヴひゃひぇ,,0,vcv,44100,1,4.124626,true,true,
maoto,消臭妖精ノール,連続音,_ねへじょりゃんう.wav,research/data/raw/reference/utau-samples/maoto/連続音/_ねへじょりゃんう.wav,_ねへじょりゃんう,,0,vcv,44100,1,4.249615,true,true,
maoto,消臭妖精ノール,連続音,_のてでぃらしょヴぇ.wav,research/data/raw/reference/utau-samples/maoto/連続音/_のてでぃらしょヴぇ.wav,_のてでぃらしょヴぇ,,0,vcv,44100,1,4.187120,true,true,
maoto,消臭妖精ノール,連続音,_はしゃいぜびょひゅ.wav,research/data/raw/reference/utau-samples/maoto/連続音/_はしゃいぜびょひゅ.wav,_はしゃいぜびょひゅ,,0,vcv,44100,1,4.187120,true,true,
maoto,消臭妖精ノール,連続音,_ばせてぃびゃうぉじぇ.wav,research/data/raw/reference/utau-samples/maoto/連続音/_ばせてぃびゃうぉじぇ.wav,_ばせてぃびゃうぉじぇ,,0,vcv,44100,1,4.187120,true,true,
maoto,消臭妖精ノール,連続音,_ぱげりょげせしゃ.wav,research/data/raw/reference/utau-samples/maoto/連続音/_ぱげりょげせしゃ.wav,_ぱげりょげせしゃ,,0,vcv,44100,1,4.187120,true,true,
maoto,消臭妖精ノール,連続音,_ひぇちぇにゃりょヴぁにょ.wav,research/data/raw/reference/utau-samples/maoto/連続音/_ひぇちぇにゃりょヴぁにょ.wav,_ひぇちぇにゃりょヴぁにょ,,0,vcv,44100,1,4.124626,true,true,
maoto,消臭妖精ノール,連続音,_ひゃちやひゅうぇぴ.wav,research/data/raw/reference/utau-samples/maoto/連続音/_ひゃちやひゅうぇぴ.wav,_ひゃちやひゅうぇぴ,,0,vcv,44100,1,4.187120,true,true,
maoto,消臭妖精ノール,連続音,_ひゅぬりぇすそぬ.wav,research/data/raw/reference/utau-samples/maoto/連続音/_ひゅぬりぇすそぬ.wav,_ひゅぬりぇすそぬ,- ひゅ,6,vcv,44100,1,4.249615,true,true,
maoto,消臭妖精ノール,連続音,_ひょびぇべびぇてな.wav,research/data/raw/reference/utau-samples/maoto/連続音/_ひょびぇべびぇてな.wav,_ひょびぇべびぇてな,,0,vcv,44100,1,4.187120,true,true,
maoto,消臭妖精ノール,連続音,_ひりゅひぇぺヴぇご.wav,research/data/raw/reference/utau-samples/maoto/連続音/_ひりゅひぇぺヴぇご.wav,_ひりゅひぇぺヴぇご,,0,vcv,44100,1,4.187120,true,true,
maoto,消臭妖精ノール,連続音,_びぇどぅごにぱぽ.wav,research/data/raw/reference/utau-samples/maoto/連続音/_びぇどぅごにぱぽ.wav,_びぇどぅごにぱぽ,,0,vcv,44100,1,4.187120,true,true,
maoto,消臭妖精ノール,連続音,_びひぇんずんどぅ.wav,research/data/raw/reference/utau-samples/maoto/連続音/_びひぇんずんどぅ.wav,_びひぇんずんどぅ,,0,vcv,44100,1,4.187120,true,true,
maoto,消臭妖精ノール,連続音,_びゃうぃにゅぎぇびほ.wav,research/data/raw/reference/utau-samples/maoto/連続音/_びゃうぃにゅぎぇびほ.wav,_びゃうぃにゅぎぇびほ,,0,vcv,44100,1,4.249615,true,true,
maoto,消臭妖精ノール,連続音,_びゅぜほみがぞ.wav,research/data/raw/reference/utau-samples/maoto/連続音/_びゅぜほみがぞ.wav,_びゅぜほみがぞ,,0,vcv,44100,1,4.187120,true,true,
maoto,消臭妖精ノール,連続音,_びょむきヴぁぼうぉ.wav,research/data/raw/reference/utau-samples/maoto/連続音/_びょむきヴぁぼうぉ.wav,_びょむきヴぁぼうぉ,,0,vcv,44100,1,4.187120,true,true,
maoto,消臭妖精ノール,連続音,_ぴぇちょでぃうぉびょぎぇ.wav,research/data/raw/reference/utau-samples/maoto/連続音/_ぴぇちょでぃうぉびょぎぇ.wav,_ぴぇちょでぃうぉびょぎぇ,,0,vcv,44100,1,4.187120,true,true,
maoto,消臭妖精ノール,連続音,_ぴぴとぅぴょおよ.wav,research/data/raw/reference/utau-samples/maoto/連続音/_ぴぴとぅぴょおよ.wav,_ぴぴとぅぴょおよ,,0,vcv,44100,1,4.124626,true,true,
maoto,消臭妖精ノール,連続音,_ぴゃけらるちゅじゅ.wav,research/data/raw/reference/utau-samples/maoto/連続音/_ぴゃけらるちゅじゅ.wav,_ぴゃけらるちゅじゅ,,0,vcv,44100,1,4.187120,true,true,
maoto,消臭妖精ノール,連続音,_ぴゅぴぇじゅだきゅく.wav,research/data/raw/reference/utau-samples/maoto/連続音/_ぴゅぴぇじゅだきゅく.wav,_ぴゅぴぇじゅだきゅく,,0,vcv,44100,1,4.124626,true,true,
maoto,消臭妖精ノール,連続音,_ぴょろやじゃきゃヴぇ.wav,research/data/raw/reference/utau-samples/maoto/連続音/_ぴょろやじゃきゃヴぇ.wav,_ぴょろやじゃきゃヴぇ,,0,vcv,44100,1,4.187120,true,true,
maoto,消臭妖精ノール,連続音,_ふどぅみゅヴぁれり.wav,research/data/raw/reference/utau-samples/maoto/連続音/_ふどぅみゅヴぁれり.wav,_ふどぅみゅヴぁれり,,0,vcv,44100,1,4.249615,true,true,
maoto,消臭妖精ノール,連続音,_ぶかりぽみゃな.wav,research/data/raw/reference/utau-samples/maoto/連続音/_ぶかりぽみゃな.wav,_ぶかりぽみゃな,,0,vcv,44100,1,4.124626,true,true,
maoto,消臭妖精ノール,連続音,_ぷしゃだぱふりゅ.wav,research/data/raw/reference/utau-samples/maoto/連続音/_ぷしゃだぱふりゅ.wav,_ぷしゃだぱふりゅ,,0,vcv,44100,1,4.187120,true,true,
maoto,消臭妖精ノール,連続音,_へじにぇぎょぺぎゃ.wav,research/data/raw/reference/utau-samples/maoto/連続音/_へじにぇぎょぺぎゃ.wav,_へじにぇぎょぺぎゃ,,0,vcv,44100,1,4.124626,true,true,
maoto,消臭妖精ノール,連続音,_べかおぐちぇみ.wav,research/data/raw/reference/utau-samples/maoto/連続音/_べかおぐちぇみ.wav,_べかおぐちぇみ,,0,vcv,44100,1,4.187120,true,true,
maoto,消臭妖精ノール,連続音,_ぺヴぃぎょわとめ.wav,research/data/raw/reference/utau-samples/maoto/連続音/_ぺヴぃぎょわとめ.wav,_ぺヴぃぎょわとめ,,0,vcv,44100,1,4.187120,true,true,
maoto,消臭妖精ノール,連続音,_ほぞぎりおせ.wav,research/data/raw/reference/utau-samples/maoto/連続音/_ほぞぎりおせ.wav,_ほぞぎりおせ,,0,vcv,44100,1,4.187120,true,true,
maoto,消臭妖精ノール,連続音,_ぼひんてにょしょ.wav,research/data/raw/reference/utau-samples/maoto/連続音/_ぼひんてにょしょ.wav,_ぼひんてにょしょ,,0,vcv,44100,1,4.124626,true,true,
maoto,消臭妖精ノール,連続音,_ぽんうぇそんぶ.wav,research/data/raw/reference/utau-samples/maoto/連続音/_ぽんうぇそんぶ.wav,_ぽんうぇそんぶ,,0,vcv,44100,1,4.187120,true,true,
maoto,消臭妖精ノール,連続音,_まヴぃしぇとぅきょは.wav,research/data/raw/reference/utau-samples/maoto/連続音/_まヴぃしぇとぅきょは.wav,_まヴぃしぇとぅきょは,,0,vcv,44100,1,4.187120,true,true,
maoto,消臭妖精ノール,連続音,_みぇぎぇぼぴゃうぁちゃ.wav,research/data/raw/reference/utau-samples/maoto/連続音/_みぇぎぇぼぴゃうぁちゃ.wav,_みぇぎぇぼぴゃうぁちゃ,,0,vcv,44100,1,4.187120,true,true,
maoto,消臭妖精ノール,連続音,_みちょばきぇこちゅ.wav,research/data/raw/reference/utau-samples/maoto/連続音/_みちょばきぇこちゅ.wav,_みちょばきぇこちゅ,,0,vcv,44100,1,4.187120,true,true,
maoto,消臭妖精ノール,連続音,_みゃびゃぜえうぃだ.wav,research/data/raw/reference/utau-samples/maoto/連続音/_みゃびゃぜえうぃだ.wav,_みゃびゃぜえうぃだ,,0,vcv,44100,1,4.187120,true,true,
maoto,消臭妖精ノール,連続音,_みゅりょりゅぞしえ.wav,research/data/raw/reference/utau-samples/maoto/連続音/_みゅりょりゅぞしえ.wav,_みゅりょりゅぞしえ,,0,vcv,44100,1,4.187120,true,true,
maoto,消臭妖精ノール,連続音,_みょだびぇみぇつへ.wav,research/data/raw/reference/utau-samples/maoto/連続音/_みょだびぇみぇつへ.wav,_みょだびぇみぇつへ,,0,vcv,44100,1,4.187120,true,true,
maoto,消臭妖精ノール,連続音,_むきゃでぃばんい.wav,research/data/raw/reference/utau-samples/maoto/連続音/_むきゃでぃばんい.wav,_むきゃでぃばんい,,0,vcv,44100,1,4.249615,true,true,
maoto,消臭妖精ノール,連続音,_めしヴぇげさてぃ.wav,research/data/raw/reference/utau-samples/maoto/連続音/_めしヴぇげさてぃ.wav,_めしヴぇげさてぃ,,0,vcv,44100,1,4.124626,true,true,
maoto,消臭妖精ノール,連続音,_もきびぇヴぁまじぇ.wav,research/data/raw/reference/utau-samples/maoto/連続音/_もきびぇヴぁまじぇ.wav,_もきびぇヴぁまじぇ,,0,vcv,44100,1,4.249615,true,true,
maoto,消臭妖精ノール,連続音,_やねぜきゃみじぇ.wav,research/data/raw/reference/utau-samples/maoto/連続音/_やねぜきゃみじぇ.wav,_やねぜきゃみじぇ,,0,vcv,44100,1,4.124626,true,true,
maoto,消臭妖精ノール,連続音,_ゆみょぴょにゃゆや.wav,research/data/raw/reference/utau-samples/maoto/連続音/_ゆみょぴょにゃゆや.wav,_ゆみょぴょにゃゆや,,0,vcv,44100,1,4.187120,true,true,
maoto,消臭妖精ノール,連続音,_よぽヴぉぴぇとと.wav,research/data/raw/reference/utau-samples/maoto/連続音/_よぽヴぉぴぇとと.wav,_よぽヴぉぴぇとと,,0,vcv,44100,1,4.124626,true,true,
maoto,消臭妖精ノール,連続音,_らんかんへは.wav,research/data/raw/reference/utau-samples/maoto/連続音/_らんかんへは.wav,_らんかんへは,- ら,4,vcv,44100,1,4.187120,true,true,
maoto,消臭妖精ノール,連続音,_りぇぴょちふゆわ.wav,research/data/raw/reference/utau-samples/maoto/連続音/_りぇぴょちふゆわ.wav,_りぇぴょちふゆわ,,0,vcv,44100,1,4.187120,true,true,
maoto,消臭妖精ノール,連続音,_りまんどじゅめ.wav,research/data/raw/reference/utau-samples/maoto/連続音/_りまんどじゅめ.wav,_りまんどじゅめ,,0,vcv,44100,1,4.124626,true,true,
maoto,消臭妖精ノール,連続音,_りゃにゅらぐでぃび.wav,research/data/raw/reference/utau-samples/maoto/連続音/_りゃにゅらぐでぃび.wav,_りゃにゅらぐでぃび,,0,vcv,44100,1,4.124626,true,true,
maoto,消臭妖精ノール,連続音,_りゅしゅぎゅぎゃじぎゅ.wav,research/data/raw/reference/utau-samples/maoto/連続音/_りゅしゅぎゅぎゃじぎゅ.wav,_りゅしゅぎゅぎゃじぎゅ,,0,vcv,44100,1,4.187120,true,true,
maoto,消臭妖精ノール,連続音,_りょでやぎゅじの.wav,research/data/raw/reference/utau-samples/maoto/連続音/_りょでやぎゅじの.wav,_りょでやぎゅじの,,0,vcv,44100,1,4.187120,true,true,
maoto,消臭妖精ノール,連続音,_るれみょががろ.wav,research/data/raw/reference/utau-samples/maoto/連続音/_るれみょががろ.wav,_るれみょががろ,,0,vcv,44100,1,4.187120,true,true,
maoto,消臭妖精ノール,連続音,_れでりゅあすぴゃ.wav,research/data/raw/reference/utau-samples/maoto/連続音/_れでりゅあすぴゃ.wav,_れでりゅあすぴゃ,,0,vcv,44100,1,4.249615,true,true,
maoto,消臭妖精ノール,連続音,_ろいれにひゃきょ.wav,research/data/raw/reference/utau-samples/maoto/連続音/_ろいれにひゃきょ.wav,_ろいれにひゃきょ,- ろ,5,vcv,44100,1,4.124626,true,true,
maoto,消臭妖精ノール,連続音,_わさぴゅろねう.wav,research/data/raw/reference/utau-samples/maoto/連続音/_わさぴゅろねう.wav,_わさぴゅろねう,,0,vcv,44100,1,4.124626,true,true,
maoto,消臭妖精ノール,連続音,_んうぉんにゃんぼ.wav,research/data/raw/reference/utau-samples/maoto/連続音/_んうぉんにゃんぼ.wav,_んうぉんにゃんぼ,,0,vcv,44100,1,4.124626,true,true,
maoto,消臭妖精ノール,連続音,_んえいうぇんとぅ.wav,research/data/raw/reference/utau-samples/maoto/連続音/_んえいうぇんとぅ.wav,_んえいうぇんとぅ,n え,3,vcv,44100,1,4.187120,true,true,
maoto,消臭妖精ノール,連続音,_んおいはんぎゅ.wav,research/data/raw/reference/utau-samples/maoto/連続音/_んおいはんぎゅ.wav,_んおいはんぎゅ,,0,vcv,44100,1,4.249615,true,true,
maoto,消臭妖精ノール,連続音,_んきぇんぎゆん.wav,research/data/raw/reference/utau-samples/maoto/連続音/_んきぇんぎゆん.wav,_んきぇんぎゆん,,0,vcv,44100,1,4.187120,true,true,
maoto,消臭妖精ノール,連続音,_んきゃいにゃんぎょ.wav,research/data/raw/reference/utau-samples/maoto/連続音/_んきゃいにゃんぎょ.wav,_んきゃいにゃんぎょ,,0,vcv,44100,1,4.124626,true,true,
maoto,消臭妖精ノール,連続音,_んきるんむい.wav,research/data/raw/reference/utau-samples/maoto/連続音/_んきるんむい.wav,_んきるんむい,n き,3,vcv,44100,1,4.187120,true,true,
maoto,消臭妖精ノール,連続音,_んぎゃんだいい.wav,research/data/raw/reference/utau-samples/maoto/連続音/_んぎゃんだいい.wav,_んぎゃんだいい,,0,vcv,44100,1,4.187120,true,true,
maoto,消臭妖精ノール,連続音,_んけいぷんじょ.wav,research/data/raw/reference/utau-samples/maoto/連続音/_んけいぷんじょ.wav,_んけいぷんじょ,,0,vcv,44100,1,4.187120,true,true,
maoto,消臭妖精ノール,連続音,_んしぇいきゅんひゃ.wav,research/data/raw/reference/utau-samples/maoto/連続音/_んしぇいきゅんひゃ.wav,_んしぇいきゅんひゃ,n しぇ,3,vcv,44100,1,4.187120,true,true,
maoto,消臭妖精ノール,連続音,_んしょんめんぴょ.wav,research/data/raw/reference/utau-samples/maoto/連続音/_んしょんめんぴょ.wav,_んしょんめんぴょ,,0,vcv,44100,1,4.124626,true,true,
maoto,消臭妖精ノール,連続音,_んじぇんなんしゃ.wav,research/data/raw/reference/utau-samples/maoto/連続音/_んじぇんなんしゃ.wav,_んじぇんなんしゃ,,0,vcv,44100,1,4.249615,true,true,
maoto,消臭妖精ノール,連続音,_んせんみぴゅん.wav,research/data/raw/reference/utau-samples/maoto/連続音/_んせんみぴゅん.wav,_んせんみぴゅん,,0,vcv,44100,1,4.124626,true,true,
maoto,消臭妖精ノール,連続音,_んたいひょんみゃ.wav,research/data/raw/reference/utau-samples/maoto/連続音/_んたいひょんみゃ.wav,_んたいひょんみゃ,n た,3,vcv,44100,1,4.187120,true,true,
maoto,消臭妖精ノール,連続音,_んちじゅんヴん.wav,research/data/raw/reference/utau-samples/maoto/連続音/_んちじゅんヴん.wav,_んちじゅんヴん,,0,vcv,44100,1,4.187120,true,true,
maoto,消臭妖精ノール,連続音,_んちゅんくんじゃ.wav,research/data/raw/reference/utau-samples/maoto/連続音/_んちゅんくんじゃ.wav,_んちゅんくんじゃ,,0,vcv,44100,1,4.187120,true,true,
maoto,消臭妖精ノール,連続音,_んつんゆんみぇ.wav,research/data/raw/reference/utau-samples/maoto/連続音/_んつんゆんみぇ.wav,_んつんゆんみぇ,n つ,3,vcv,44100,1,4.249615,true,true,
maoto,消臭妖精ノール,連続音,_んてぃぴぇんちぇい.wav,research/data/raw/reference/utau-samples/maoto/連続音/_んてぃぴぇんちぇい.wav,_んてぃぴぇんちぇい,,0,vcv,44100,1,4.187120,true,true,
maoto,消臭妖精ノール,連続音,_んでぃみゃんヴぁん.wav,research/data/raw/reference/utau-samples/maoto/連続音/_んでぃみゃんヴぁん.wav,_んでぃみゃんヴぁん,,0,vcv,44100,1,4.187120,true,true,
maoto,消臭妖精ノール,連続音,_んでんねんぴゃ.wav,research/data/raw/reference/utau-samples/maoto/連続音/_んでんねんぴゃ.wav,_んでんねんぴゃ,,0,vcv,44100,1,4.187120,true,true,
maoto,消臭妖精ノール,連続音,_んにけんあい.wav,research/data/raw/reference/utau-samples/maoto/連続音/_んにけんあい.wav,_んにけんあい,n に,3,vcv,44100,1,4.124626,true,true,
maoto,消臭妖精ノール,連続音,_んはんヴぉいべ.wav,research/data/raw/reference/utau-samples/maoto/連続音/_んはんヴぉいべ.wav,_んはんヴぉいべ,,0,vcv,44100,1,4.187120,true,true,
maoto,消臭妖精ノール,連続音,_んばりゅちゃべぷ.wav,research/data/raw/reference/utau-samples/maoto/連続音/_んばりゅちゃべぷ.wav,_んばりゅちゃべぷ,,0,vcv,44100,1,4.124649,true,true,
maoto,消臭妖精ノール,連続音,_んひぇんよんひゅ.wav,research/data/raw/reference/utau-samples/maoto/連続音/_んひぇんよんひゅ.wav,_んひぇんよんひゅ,n ひぇ,3,vcv,44100,1,4.249615,true,true,
maoto,消臭妖精ノール,連続音,_んびむんきょん.wav,research/data/raw/reference/utau-samples/maoto/連続音/_んびむんきょん.wav,_んびむんきょん,,0,vcv,44100,1,4.187120,true,true,
maoto,消臭妖精ノール,連続音,_んびゃんにょんも.wav,research/data/raw/reference/utau-samples/maoto/連続音/_んびゃんにょんも.wav,_んびゃんにょんも,,0,vcv,44100,1,4.187120,true,true,
maoto,消臭妖精ノール,連続音,_んびゅんうぁんら.wav,research/data/raw/reference/utau-samples/maoto/連続音/_んびゅんうぁんら.wav,_んびゅんうぁんら,,0,vcv,44100,1,4.249615,true,true,
maoto,消臭妖精ノール,連続音,_んぴヴぃきょんま.wav,research/data/raw/reference/utau-samples/maoto/連続音/_んぴヴぃきょんま.wav,_んぴヴぃきょんま,,0,vcv,44100,1,4.187120,true,true,
maoto,消臭妖精ノール,連続音,_んふんれんそ.wav,research/data/raw/reference/utau-samples/maoto/連続音/_んふんれんそ.wav,_んふんれんそ,n ふ,3,vcv,44100,1,4.187120,true,true,
maoto,消臭妖精ノール,連続音,_んぷんのいあ.wav,research/data/raw/reference/utau-samples/maoto/連続音/_んぷんのいあ.wav,_んぷんのいあ,,0,vcv,44100,1,4.124626,true,true,
maoto,消臭妖精ノール,連続音,_んべんびょんさ.wav,research/data/raw/reference/utau-samples/maoto/連続音/_んべんびょんさ.wav,_んべんびょんさ,,0,vcv,44100,1,4.187120,true,true,
maoto,消臭妖精ノール,連続音,_んぺいこんうぃ.wav,research/data/raw/reference/utau-samples/maoto/連続音/_んぺいこんうぃ.wav,_んぺいこんうぃ,,0,vcv,44100,1,4.187120,true,true,
maoto,消臭妖精ノール,連続音,_んぽいずんし.wav,research/data/raw/reference/utau-samples/maoto/連続音/_んぽいずんし.wav,_んぽいずんし,,0,vcv,44100,1,4.249615,true,true,
maoto,消臭妖精ノール,連続音,_んみゅんがんりぇ.wav,research/data/raw/reference/utau-samples/maoto/連続音/_んみゅんがんりぇ.wav,_んみゅんがんりぇ,,0,vcv,44100,1,4.187120,true,true,
maoto,消臭妖精ノール,連続音,_んりゃんぞんちゃ.wav,research/data/raw/reference/utau-samples/maoto/連続音/_んりゃんぞんちゃ.wav,_んりゃんぞんちゃ,,0,vcv,44100,1,4.187120,true,true,
maoto,消臭妖精ノール,連続音,_んりゅいげんほ.wav,research/data/raw/reference/utau-samples/maoto/連続音/_んりゅいげんほ.wav,_んりゅいげんほ,,0,vcv,44100,1,4.187120,true,true,
maoto,消臭妖精ノール,連続音,_んるいうぃなん.wav,research/data/raw/reference/utau-samples/maoto/連続音/_んるいうぃなん.wav,_んるいうぃなん,n る,3,vcv,44100,1,4.187120,true,true,
maoto,消臭妖精ノール,連続音,_んわいぐんりょ.wav,research/data/raw/reference/utau-samples/maoto/連続音/_んわいぐんりょ.wav,_んわいぐんりょ,,0,vcv,44100,1,4.187120,true,true,
maoto,消臭妖精ノール,連続音,_んんじゅんぐん.wav,research/data/raw/reference/utau-samples/maoto/連続音/_んんじゅんぐん.wav,_んんじゅんぐん,,0,vcv,44100,1,4.187120,true,true,
maoto,消臭妖精ノール,連続音,_ヴぁんみょんしゅじぇ.wav,research/data/raw/reference/utau-samples/maoto/連続音/_ヴぁんみょんしゅじぇ.wav,_ヴぁんみょんしゅじぇ,,0,vcv,44100,1,4.249615,true,true,
maoto,消臭妖精ノール,連続音,_ヴぃしゃしぇろにゅた.wav,research/data/raw/reference/utau-samples/maoto/連続音/_ヴぃしゃしぇろにゅた.wav,_ヴぃしゃしぇろにゅた,,0,vcv,44100,1,4.124626,true,true,
maoto,消臭妖精ノール,連続音,_ヴぇぴゅいじちゃら.wav,research/data/raw/reference/utau-samples/maoto/連続音/_ヴぇぴゅいじちゃら.wav,_ヴぇぴゅいじちゃら,,0,vcv,44100,1,4.187120,true,true,
maoto,消臭妖精ノール,連続音,_ヴぉるぺどヴざ.wav,research/data/raw/reference/utau-samples/maoto/連続音/_ヴぉるぺどヴざ.wav,_ヴぉるぺどヴざ,,0,vcv,44100,1,4.187120,true,true,
maoto,消臭妖精ノール,連続音,_ヴてぃもぶふひゅ.wav,research/data/raw/reference/utau-samples/maoto/連続音/_ヴてぃもぶふひゅ.wav,_ヴてぃもぶふひゅ,,0,vcv,44100,1,4.187120,true,true,
はるかぜちゃん,春音ハナ,おまけA,にょほ.wav,research/data/raw/reference/utau-samples/はるかぜちゃん/おまけA/にょほ.wav,にょほ,にょほ,1,cv,44100,1,0.615329,true,true,
はるかぜちゃん,春音ハナ,おまけA,にょほう(ω).wav,research/data/raw/reference/utau-samples/はるかぜちゃん/おまけA/にょほう(ω).wav,にょほう(ω),にょほう,1,unknown,44100,1,0.905578,true,true,
はるかぜちゃん,春音ハナ,おまけA,るっ(ω).wav,research/data/raw/reference/utau-samples/はるかぜちゃん/おまけA/るっ(ω).wav,るっ(ω),るっ,1,unknown,44100,1,0.417959,true,true,
はるかぜちゃん,春音ハナ,おまけA,息.wav,research/data/raw/reference/utau-samples/はるかぜちゃん/おまけA/息.wav,息,息,1,cv,44100,1,0.626939,true,true,
はるかぜちゃん,春音ハナ,おまけA,歌いますん.wav,research/data/raw/reference/utau-samples/はるかぜちゃん/おまけA/歌いますん.wav,歌いますん,歌いますん,1,unknown,44100,1,1.184218,true,true,
はるかぜちゃん,春音ハナ,おまけA,ﾊﾌﾝ(ω).wav,research/data/raw/reference/utau-samples/はるかぜちゃん/おまけA/ﾊﾌﾝ(ω).wav,ﾊﾌﾝ(ω),はふん,1,unknown,44100,1,0.684989,true,true,
はるかぜちゃん,春音ハナ,おまけA,ﾝﾌﾝ(ω).wav,research/data/raw/reference/utau-samples/はるかぜちゃん/おまけA/ﾝﾌﾝ(ω).wav,ﾝﾌﾝ(ω),んふん,1,unknown,44100,1,0.731429,true,true,
はるかぜちゃん,春音ハナ,おまけB,にょほ.wav,research/data/raw/reference/utau-samples/はるかぜちゃん/おまけB/にょほ.wav,にょほ,にょほ,1,cv,44100,1,0.615329,true,true,
はるかぜちゃん,春音ハナ,おまけB,にょほう(ω).wav,research/data/raw/reference/utau-samples/はるかぜちゃん/おまけB/にょほう(ω).wav,にょほう(ω),にょほう,1,unknown,44100,1,0.905578,true,true,
はるかぜちゃん,春音ハナ,おまけB,るっ(ω).wav,research/data/raw/reference/utau-samples/はるかぜちゃん/おまけB/るっ(ω).wav,るっ(ω),るっ,1,unknown,44100,1,0.417959,true,true,
はるかぜちゃん,春音ハナ,おまけB,息.wav,research/data/raw/reference/utau-samples/はるかぜちゃん/おまけB/息.wav,息,息,1,cv,44100,1,0.626939,true,true,
はるかぜちゃん,春音ハナ,おまけB,歌いますん.wav,research/data/raw/reference/utau-samples/はるかぜちゃん/おまけB/歌いますん.wav,歌いますん,歌いますん,1,unknown,44100,1,1.184218,true,true,
はるかぜちゃん,春音ハナ,おまけB,ﾊﾌﾝ(ω).wav,research/data/raw/reference/utau-samples/はるかぜちゃん/おまけB/ﾊﾌﾝ(ω).wav,ﾊﾌﾝ(ω),はふん,1,unknown,44100,1,0.684989,true,true,
はるかぜちゃん,春音ハナ,おまけB,ﾝﾌﾝ(ω).wav,research/data/raw/reference/utau-samples/はるかぜちゃん/おまけB/ﾝﾌﾝ(ω).wav,ﾝﾌﾝ(ω),んふん,1,unknown,44100,1,0.731429,true,true,
はるかぜちゃん,春音ハナ,単独音A,あ.wav,research/data/raw/reference/utau-samples/はるかぜちゃん/単独音A/あ.wav,あ,,1,vowel,44100,1,1.062404,true,true,
はるかぜちゃん,春音ハナ,単独音A,い.wav,research/data/raw/reference/utau-samples/はるかぜちゃん/単独音A/い.wav,い,,1,vowel,44100,1,1.062404,true,true,
はるかぜちゃん,春音ハナ,単独音A,いぇ.wav,research/data/raw/reference/utau-samples/はるかぜちゃん/単独音A/いぇ.wav,いぇ,,1,cv,44100,1,1.062404,true,true,
はるかぜちゃん,春音ハナ,単独音A,う.wav,research/data/raw/reference/utau-samples/はるかぜちゃん/単独音A/う.wav,う,,1,vowel,44100,1,0.999909,true,true,
はるかぜちゃん,春音ハナ,単独音A,うぁ.wav,research/data/raw/reference/utau-samples/はるかぜちゃん/単独音A/うぁ.wav,うぁ,,1,cv,44100,1,1.062404,true,true,
はるかぜちゃん,春音ハナ,単独音A,うぃ.wav,research/data/raw/reference/utau-samples/はるかぜちゃん/単独音A/うぃ.wav,うぃ,,1,cv,44100,1,0.999909,true,true,
はるかぜちゃん,春音ハナ,単独音A,うぇ.wav,research/data/raw/reference/utau-samples/はるかぜちゃん/単独音A/うぇ.wav,うぇ,,1,cv,44100,1,0.999909,true,true,
はるかぜちゃん,春音ハナ,単独音A,うぉ.wav,research/data/raw/reference/utau-samples/はるかぜちゃん/単独音A/うぉ.wav,うぉ,,1,cv,44100,1,1.062404,true,true,
はるかぜちゃん,春音ハナ,単独音A,え.wav,research/data/raw/reference/utau-samples/はるかぜちゃん/単独音A/え.wav,え,,1,vowel,44100,1,0.999909,true,true,
はるかぜちゃん,春音ハナ,単独音A,お.wav,research/data/raw/reference/utau-samples/はるかぜちゃん/単独音A/お.wav,お,,1,vowel,44100,1,1.062404,true,true,
はるかぜちゃん,春音ハナ,単独音A,か.wav,research/data/raw/reference/utau-samples/はるかぜちゃん/単独音A/か.wav,か,,1,cv,44100,1,1.062404,true,true,
はるかぜちゃん,春音ハナ,単独音A,が.wav,research/data/raw/reference/utau-samples/はるかぜちゃん/単独音A/が.wav,が,,0,cv,44100,1,1.062404,true,true,
はるかぜちゃん,春音ハナ,単独音A,き.wav,research/data/raw/reference/utau-samples/はるかぜちゃん/単独音A/き.wav,き,,1,cv,44100,1,0.999909,true,true,
はるかぜちゃん,春音ハナ,単独音A,きぇ.wav,research/data/raw/reference/utau-samples/はるかぜちゃん/単独音A/きぇ.wav,きぇ,,1,cv,44100,1,0.999909,true,true,
はるかぜちゃん,春音ハナ,単独音A,きゃ.wav,research/data/raw/reference/utau-samples/はるかぜちゃん/単独音A/きゃ.wav,きゃ,,1,cv,44100,1,1.062404,true,true,
はるかぜちゃん,春音ハナ,単独音A,きゅ.wav,research/data/raw/reference/utau-samples/はるかぜちゃん/単独音A/きゅ.wav,きゅ,,1,cv,44100,1,0.999909,true,true,
はるかぜちゃん,春音ハナ,単独音A,きょ.wav,research/data/raw/reference/utau-samples/はるかぜちゃん/単独音A/きょ.wav,きょ,,1,cv,44100,1,1.062404,true,true,
はるかぜちゃん,春音ハナ,単独音A,ぎ.wav,research/data/raw/reference/utau-samples/はるかぜちゃん/単独音A/ぎ.wav,ぎ,,0,cv,44100,1,1.062404,true,true,
はるかぜちゃん,春音ハナ,単独音A,ぎぇ.wav,research/data/raw/reference/utau-samples/はるかぜちゃん/単独音A/ぎぇ.wav,ぎぇ,,0,cv,44100,1,0.999909,true,true,
はるかぜちゃん,春音ハナ,単独音A,ぎゃ.wav,research/data/raw/reference/utau-samples/はるかぜちゃん/単独音A/ぎゃ.wav,ぎゃ,,0,cv,44100,1,1.062404,true,true,
はるかぜちゃん,春音ハナ,単独音A,ぎゅ.wav,research/data/raw/reference/utau-samples/はるかぜちゃん/単独音A/ぎゅ.wav,ぎゅ,,0,cv,44100,1,0.999909,true,true,
はるかぜちゃん,春音ハナ,単独音A,ぎょ.wav,research/data/raw/reference/utau-samples/はるかぜちゃん/単独音A/ぎょ.wav,ぎょ,,0,cv,44100,1,1.062404,true,true,
はるかぜちゃん,春音ハナ,単独音A,く.wav,research/data/raw/reference/utau-samples/はるかぜちゃん/単独音A/く.wav,く,,1,cv,44100,1,0.999909,true,true,
はるかぜちゃん,春音ハナ,単独音A,くぁ.wav,research/data/raw/reference/utau-samples/はるかぜちゃん/単独音A/くぁ.wav,くぁ,,1,cv,44100,1,0.999909,true,true,
はるかぜちゃん,春音ハナ,単独音A,くぃ.wav,research/data/raw/reference/utau-samples/はるかぜちゃん/単独音A/くぃ.wav,くぃ,,1,cv,44100,1,0.999909,true,true,
はるかぜちゃん,春音ハナ,単独音A,くぇ.wav,research/data/raw/reference/utau-samples/はるかぜちゃん/単独音A/くぇ.wav,くぇ,,1,cv,44100,1,1.062404,true,true,
はるかぜちゃん,春音ハナ,単独音A,くぉ.wav,research/data/raw/reference/utau-samples/はるかぜちゃん/単独音A/くぉ.wav,くぉ,,1,cv,44100,1,0.999909,true,true,
はるかぜちゃん,春音ハナ,単独音A,ぐ.wav,research/data/raw/reference/utau-samples/はるかぜちゃん/単独音A/ぐ.wav,ぐ,,0,cv,44100,1,0.999909,true,true,
はるかぜちゃん,春音ハナ,単独音A,ぐぁ.wav,research/data/raw/reference/utau-samples/はるかぜちゃん/単独音A/ぐぁ.wav,ぐぁ,,0,cv,44100,1,0.999909,true,true,
はるかぜちゃん,春音ハナ,単独音A,ぐぃ.wav,research/data/raw/reference/utau-samples/はるかぜちゃん/単独音A/ぐぃ.wav,ぐぃ,,0,cv,44100,1,0.999909,true,true,
はるかぜちゃん,春音ハナ,単独音A,ぐぇ.wav,research/data/raw/reference/utau-samples/はるかぜちゃん/単独音A/ぐぇ.wav,ぐぇ,,0,cv,44100,1,1.062404,true,true,
はるかぜちゃん,春音ハナ,単独音A,ぐぉ.wav,research/data/raw/reference/utau-samples/はるかぜちゃん/単独音A/ぐぉ.wav,ぐぉ,,0,cv,44100,1,0.999909,true,true,
はるかぜちゃん,春音ハナ,単独音A,け.wav,research/data/raw/reference/utau-samples/はるかぜちゃん/単独音A/け.wav,け,,1,cv,44100,1,1.062404,true,true,
はるかぜちゃん,春音ハナ,単独音A,げ.wav,research/data/raw/reference/utau-samples/はるかぜちゃん/単独音A/げ.wav,げ,,0,cv,44100,1,0.999909,true,true,
はるかぜちゃん,春音ハナ,単独音A,こ.wav,research/data/raw/reference/utau-samples/はるかぜちゃん/単独音A/こ.wav,こ,,1,cv,44100,1,0.999909,true,true,
はるかぜちゃん,春音ハナ,単独音A,ご.wav,research/data/raw/reference/utau-samples/はるかぜちゃん/単独音A/ご.wav,ご,,0,cv,44100,1,1.062404,true,true,
はるかぜちゃん,春音ハナ,単独音A,さ.wav,research/data/raw/reference/utau-samples/はるかぜちゃん/単独音A/さ.wav,さ,,1,cv,44100,1,0.999909,true,true,
はるかぜちゃん,春音ハナ,単独音A,ざ.wav,research/data/raw/reference/utau-samples/はるかぜちゃん/単独音A/ざ.wav,ざ,,0,cv,44100,1,0.999909,true,true,
はるかぜちゃん,春音ハナ,単独音A,し.wav,research/data/raw/reference/utau-samples/はるかぜちゃん/単独音A/し.wav,し,,1,cv,44100,1,1.062404,true,true,
はるかぜちゃん,春音ハナ,単独音A,しぇ.wav,research/data/raw/reference/utau-samples/はるかぜちゃん/単独音A/しぇ.wav,しぇ,,1,cv,44100,1,1.062404,true,true,
はるかぜちゃん,春音ハナ,単独音A,しゃ.wav,research/data/raw/reference/utau-samples/はるかぜちゃん/単独音A/しゃ.wav,しゃ,,1,cv,44100,1,1.062404,true,true,
はるかぜちゃん,春音ハナ,単独音A,しゅ.wav,research/data/raw/reference/utau-samples/はるかぜちゃん/単独音A/しゅ.wav,しゅ,,1,cv,44100,1,0.999909,true,true,
はるかぜちゃん,春音ハナ,単独音A,しょ.wav,research/data/raw/reference/utau-samples/はるかぜちゃん/単独音A/しょ.wav,しょ,,1,cv,44100,1,1.062404,true,true,
はるかぜちゃん,春音ハナ,単独音A,じ.wav,research/data/raw/reference/utau-samples/はるかぜちゃん/単独音A/じ.wav,じ,,0,cv,44100,1,0.999909,true,true,
はるかぜちゃん,春音ハナ,単独音A,じぇ.wav,research/data/raw/reference/utau-samples/はるかぜちゃん/単独音A/じぇ.wav,じぇ,,0,cv,44100,1,1.062404,true,true,
はるかぜちゃん,春音ハナ,単独音A,じゃ.wav,research/data/raw/reference/utau-samples/はるかぜちゃん/単独音A/じゃ.wav,じゃ,,0,cv,44100,1,0.999909,true,true,
はるかぜちゃん,春音ハナ,単独音A,じゅ.wav,research/data/raw/reference/utau-samples/はるかぜちゃん/単独音A/じゅ.wav,じゅ,,0,cv,44100,1,0.999909,true,true,
はるかぜちゃん,春音ハナ,単独音A,じょ.wav,research/data/raw/reference/utau-samples/はるかぜちゃん/単独音A/じょ.wav,じょ,,0,cv,44100,1,0.999909,true,true,
はるかぜちゃん,春音ハナ,単独音A,す.wav,research/data/raw/reference/utau-samples/はるかぜちゃん/単独音A/す.wav,す,,1,cv,44100,1,0.999909,true,true,
はるかぜちゃん,春音ハナ,単独音A,すぁ.wav,research/data/raw/reference/utau-samples/はるかぜちゃん/単独音A/すぁ.wav,すぁ,,1,cv,44100,1,1.062404,true,true,
はるかぜちゃん,春音ハナ,単独音A,すぃ.wav,research/data/raw/reference/utau-samples/はるかぜちゃん/単独音A/すぃ.wav,すぃ,,1,cv,44100,1,0.999909,true,true,
はるかぜちゃん,春音ハナ,単独音A,すぇ.wav,research/data/raw/reference/utau-samples/はるかぜちゃん/単独音A/すぇ.wav,すぇ,,1,cv,44100,1,1.062404,true,true,
はるかぜちゃん,春音ハナ,単独音A,すぉ.wav,research/data/raw/reference/utau-samples/はるかぜちゃん/単独音A/すぉ.wav,すぉ,,1,cv,44100,1,1.062404,true,true,
はるかぜちゃん,春音ハナ,単独音A,ず.wav,research/data/raw/reference/utau-samples/はるかぜちゃん/単独音A/ず.wav,ず,,0,cv,44100,1,1.062404,true,true,
はるかぜちゃん,春音ハナ,単独音A,ずぁ.wav,research/data/raw/reference/utau-samples/はるかぜちゃん/単独音A/ずぁ.wav,ずぁ,,0,cv,44100,1,0.999909,true,true,
はるかぜちゃん,春音ハナ,単独音A,ずぃ.wav,research/data/raw/reference/utau-samples/はるかぜちゃん/単独音A/ずぃ.wav,ずぃ,,0,cv,44100,1,1.062404,true,true,
はるかぜちゃん,春音ハナ,単独音A,ずぇ.wav,research/data/raw/reference/utau-samples/はるかぜちゃん/単独音A/ずぇ.wav,ずぇ,,0,cv,44100,1,0.999909,true,true,
はるかぜちゃん,春音ハナ,単独音A,ずぉ.wav,research/data/raw/reference/utau-samples/はるかぜちゃん/単独音A/ずぉ.wav,ずぉ,,0,cv,44100,1,0.999909,true,true,
はるかぜちゃん,春音ハナ,単独音A,せ.wav,research/data/raw/reference/utau-samples/はるかぜちゃん/単独音A/せ.wav,せ,,1,cv,44100,1,0.999909,true,true,
はるかぜちゃん,春音ハナ,単独音A,ぜ.wav,research/data/raw/reference/utau-samples/はるかぜちゃん/単独音A/ぜ.wav,ぜ,,0,cv,44100,1,0.999909,true,true,
はるかぜちゃん,春音ハナ,単独音A,そ.wav,research/data/raw/reference/utau-samples/はるかぜちゃん/単独音A/そ.wav,そ,,1,cv,44100,1,1.062404,true,true,
はるかぜちゃん,春音ハナ,単独音A,ぞ.wav,research/data/raw/reference/utau-samples/はるかぜちゃん/単独音A/ぞ.wav,ぞ,,0,cv,44100,1,0.999909,true,true,
はるかぜちゃん,春音ハナ,単独音A,た.wav,research/data/raw/reference/utau-samples/はるかぜちゃん/単独音A/た.wav,た,,1,cv,44100,1,0.999909,true,true,
はるかぜちゃん,春音ハナ,単独音A,だ.wav,research/data/raw/reference/utau-samples/はるかぜちゃん/単独音A/だ.wav,だ,,0,cv,44100,1,1.062404,true,true,
はるかぜちゃん,春音ハナ,単独音A,ち.wav,research/data/raw/reference/utau-samples/はるかぜちゃん/単独音A/ち.wav,ち,,1,cv,44100,1,0.999909,true,true,
はるかぜちゃん,春音ハナ,単独音A,ちぇ.wav,research/data/raw/reference/utau-samples/はるかぜちゃん/単独音A/ちぇ.wav,ちぇ,,1,cv,44100,1,1.062404,true,true,
はるかぜちゃん,春音ハナ,単独音A,ちゃ.wav,research/data/raw/reference/utau-samples/はるかぜちゃん/単独音A/ちゃ.wav,ちゃ,,1,cv,44100,1,0.999909,true,true,
はるかぜちゃん,春音ハナ,単独音A,ちゅ.wav,research/data/raw/reference/utau-samples/はるかぜちゃん/単独音A/ちゅ.wav,ちゅ,,1,cv,44100,1,1.062404,true,true,
はるかぜちゃん,春音ハナ,単独音A,ちょ.wav,research/data/raw/reference/utau-samples/はるかぜちゃん/単独音A/ちょ.wav,ちょ,,1,cv,44100,1,0.999909,true,true,
はるかぜちゃん,春音ハナ,単独音A,つ.wav,research/data/raw/reference/utau-samples/はるかぜちゃん/単独音A/つ.wav,つ,,1,cv,44100,1,1.062404,true,true,
はるかぜちゃん,春音ハナ,単独音A,つぁ.wav,research/data/raw/reference/utau-samples/はるかぜちゃん/単独音A/つぁ.wav,つぁ,,1,cv,44100,1,0.999909,true,true,
はるかぜちゃん,春音ハナ,単独音A,つぃ.wav,research/data/raw/reference/utau-samples/はるかぜちゃん/単独音A/つぃ.wav,つぃ,,1,cv,44100,1,1.062404,true,true,
はるかぜちゃん,春音ハナ,単独音A,つぇ.wav,research/data/raw/reference/utau-samples/はるかぜちゃん/単独音A/つぇ.wav,つぇ,,1,cv,44100,1,1.062404,true,true,
はるかぜちゃん,春音ハナ,単独音A,つぉ.wav,research/data/raw/reference/utau-samples/はるかぜちゃん/単独音A/つぉ.wav,つぉ,,1,cv,44100,1,0.999909,true,true,
はるかぜちゃん,春音ハナ,単独音A,て.wav,research/data/raw/reference/utau-samples/はるかぜちゃん/単独音A/て.wav,て,,1,cv,44100,1,0.999909,true,true,
はるかぜちゃん,春音ハナ,単独音A,てぃ.wav,research/data/raw/reference/utau-samples/はるかぜちゃん/単独音A/てぃ.wav,てぃ,,1,cv,44100,1,0.999909,true,true,
はるかぜちゃん,春音ハナ,単独音A,てゅ.wav,research/data/raw/reference/utau-samples/はるかぜちゃん/単独音A/てゅ.wav,てゅ,,1,cv,44100,1,1.062404,true,true,
はるかぜちゃん,春音ハナ,単独音A,で.wav,research/data/raw/reference/utau-samples/はるかぜちゃん/単独音A/で.wav,で,,0,cv,44100,1,0.999909,true,true,
はるかぜちゃん,春音ハナ,単独音A,でぃ.wav,research/data/raw/reference/utau-samples/はるかぜちゃん/単独音A/でぃ.wav,でぃ,,0,cv,44100,1,0.999909,true,true,
はるかぜちゃん,春音ハナ,単独音A,でゅ.wav,research/data/raw/reference/utau-samples/はるかぜちゃん/単独音A/でゅ.wav,でゅ,,0,cv,44100,1,0.999909,true,true,
はるかぜちゃん,春音ハナ,単独音A,と.wav,research/data/raw/reference/utau-samples/はるかぜちゃん/単独音A/と.wav,と,,1,cv,44100,1,0.999909,true,true,
はるかぜちゃん,春音ハナ,単独音A,とぅ.wav,research/data/raw/reference/utau-samples/はるかぜちゃん/単独音A/とぅ.wav,とぅ,,1,cv,44100,1,1.062404,true,true,
はるかぜちゃん,春音ハナ,単独音A,ど.wav,research/data/raw/reference/utau-samples/はるかぜちゃん/単独音A/ど.wav,ど,,0,cv,44100,1,0.999909,true,true,
はるかぜちゃん,春音ハナ,単独音A,どぅ.wav,research/data/raw/reference/utau-samples/はるかぜちゃん/単独音A/どぅ.wav,どぅ,,0,cv,44100,1,0.999909,true,true,
はるかぜちゃん,春音ハナ,単独音A,な.wav,research/data/raw/reference/utau-samples/はるかぜちゃん/単独音A/な.wav,な,,1,cv,44100,1,0.999909,true,true,
はるかぜちゃん,春音ハナ,単独音A,に.wav,research/data/raw/reference/utau-samples/はるかぜちゃん/単独音A/に.wav,に,,1,cv,44100,1,1.062404,true,true,
はるかぜちゃん,春音ハナ,単独音A,にぇ.wav,research/data/raw/reference/utau-samples/はるかぜちゃん/単独音A/にぇ.wav,にぇ,,1,cv,44100,1,0.999909,true,true,
はるかぜちゃん,春音ハナ,単独音A,にゃ.wav,research/data/raw/reference/utau-samples/はるかぜちゃん/単独音A/にゃ.wav,にゃ,,1,cv,44100,1,1.062404,true,true,
はるかぜちゃん,春音ハナ,単独音A,にゅ.wav,research/data/raw/reference/utau-samples/はるかぜちゃん/単独音A/にゅ.wav,にゅ,,1,cv,44100,1,1.062404,true,true,
はるかぜちゃん,春音ハナ,単独音A,にょ.wav,research/data/raw/reference/utau-samples/はるかぜちゃん/単独音A/にょ.wav,にょ,,1,cv,44100,1,0.999909,true,true,
はるかぜちゃん,春音ハナ,単独音A,ぬ.wav,research/data/raw/reference/utau-samples/はるかぜちゃん/単独音A/ぬ.wav,ぬ,,1,cv,44100,1,0.999909,true,true,
はるかぜちゃん,春音ハナ,単独音A,ね.wav,research/data/raw/reference/utau-samples/はるかぜちゃん/単独音A/ね.wav,ね,,1,cv,44100,1,1.062404,true,true,
はるかぜちゃん,春音ハナ,単独音A,の.wav,research/data/raw/reference/utau-samples/はるかぜちゃん/単独音A/の.wav,の,,1,cv,44100,1,0.999909,true,true,
はるかぜちゃん,春音ハナ,単独音A,は.wav,research/data/raw/reference/utau-samples/はるかぜちゃん/単独音A/は.wav,は,,1,cv,44100,1,0.999909,true,true,
はるかぜちゃん,春音ハナ,単独音A,ば.wav,research/data/raw/reference/utau-samples/はるかぜちゃん/単独音A/ば.wav,ば,,0,cv,44100,1,1.062404,true,true,
はるかぜちゃん,春音ハナ,単独音A,ぱ.wav,research/data/raw/reference/utau-samples/はるかぜちゃん/単独音A/ぱ.wav,ぱ,,0,cv,44100,1,0.999909,true,true,
はるかぜちゃん,春音ハナ,単独音A,ひ.wav,research/data/raw/reference/utau-samples/はるかぜちゃん/単独音A/ひ.wav,ひ,,1,cv,44100,1,1.062404,true,true,
はるかぜちゃん,春音ハナ,単独音A,ひぇ.wav,research/data/raw/reference/utau-samples/はるかぜちゃん/単独音A/ひぇ.wav,ひぇ,,1,cv,44100,1,0.999909,true,true,
はるかぜちゃん,春音ハナ,単独音A,ひゃ.wav,research/data/raw/reference/utau-samples/はるかぜちゃん/単独音A/ひゃ.wav,ひゃ,,1,cv,44100,1,1.062404,true,true,
はるかぜちゃん,春音ハナ,単独音A,ひゅ.wav,research/data/raw/reference/utau-samples/はるかぜちゃん/単独音A/ひゅ.wav,ひゅ,,1,cv,44100,1,0.999909,true,true,
はるかぜちゃん,春音ハナ,単独音A,ひょ.wav,research/data/raw/reference/utau-samples/はるかぜちゃん/単独音A/ひょ.wav,ひょ,,1,cv,44100,1,1.062404,true,true,
はるかぜちゃん,春音ハナ,単独音A,び.wav,research/data/raw/reference/utau-samples/はるかぜちゃん/単独音A/び.wav,び,,0,cv,44100,1,0.999909,true,true,
はるかぜちゃん,春音ハナ,単独音A,びぇ.wav,research/data/raw/reference/utau-samples/はるかぜちゃん/単独音A/びぇ.wav,びぇ,,0,cv,44100,1,0.999909,true,true,
はるかぜちゃん,春音ハナ,単独音A,びゃ.wav,research/data/raw/reference/utau-samples/はるかぜちゃん/単独音A/びゃ.wav,びゃ,,0,cv,44100,1,0.999909,true,true,
はるかぜちゃん,春音ハナ,単独音A,びゅ.wav,research/data/raw/reference/utau-samples/はるかぜちゃん/単独音A/びゅ.wav,びゅ,,0,cv,44100,1,1.062404,true,true,
はるかぜちゃん,春音ハナ,単独音A,びょ.wav,research/data/raw/reference/utau-samples/はるかぜちゃん/単独音A/びょ.wav,びょ,,0,cv,44100,1,1.062404,true,true,
はるかぜちゃん,春音ハナ,単独音A,ぴ.wav,research/data/raw/reference/utau-samples/はるかぜちゃん/単独音A/ぴ.wav,ぴ,,0,cv,44100,1,1.062404,true,true,
はるかぜちゃん,春音ハナ,単独音A,ぴぇ.wav,research/data/raw/reference/utau-samples/はるかぜちゃん/単独音A/ぴぇ.wav,ぴぇ,,0,cv,44100,1,0.999909,true,true,
はるかぜちゃん,春音ハナ,単独音A,ぴゃ.wav,research/data/raw/reference/utau-samples/はるかぜちゃん/単独音A/ぴゃ.wav,ぴゃ,,0,cv,44100,1,1.062404,true,true,
はるかぜちゃん,春音ハナ,単独音A,ぴゅ.wav,research/data/raw/reference/utau-samples/はるかぜちゃん/単独音A/ぴゅ.wav,ぴゅ,,0,cv,44100,1,0.999909,true,true,
はるかぜちゃん,春音ハナ,単独音A,ぴょ.wav,research/data/raw/reference/utau-samples/はるかぜちゃん/単独音A/ぴょ.wav,ぴょ,,0,cv,44100,1,1.062404,true,true,
はるかぜちゃん,春音ハナ,単独音A,ふ.wav,research/data/raw/reference/utau-samples/はるかぜちゃん/単独音A/ふ.wav,ふ,,1,cv,44100,1,1.062404,true,true,
はるかぜちゃん,春音ハナ,単独音A,ふぁ.wav,research/data/raw/reference/utau-samples/はるかぜちゃん/単独音A/ふぁ.wav,ふぁ,,1,cv,44100,1,1.062404,true,true,
はるかぜちゃん,春音ハナ,単独音A,ふぃ.wav,research/data/raw/reference/utau-samples/はるかぜちゃん/単独音A/ふぃ.wav,ふぃ,,1,cv,44100,1,1.062404,true,true,
はるかぜちゃん,春音ハナ,単独音A,ふぇ.wav,research/data/raw/reference/utau-samples/はるかぜちゃん/単独音A/ふぇ.wav,ふぇ,,1,cv,44100,1,0.999909,true,true,
はるかぜちゃん,春音ハナ,単独音A,ふぉ.wav,research/data/raw/reference/utau-samples/はるかぜちゃん/単独音A/ふぉ.wav,ふぉ,,1,cv,44100,1,0.999909,true,true,
はるかぜちゃん,春音ハナ,単独音A,ぶ.wav,research/data/raw/reference/utau-samples/はるかぜちゃん/単独音A/ぶ.wav,ぶ,,0,cv,44100,1,0.999909,true,true,
はるかぜちゃん,春音ハナ,単独音A,ぶぁ.wav,research/data/raw/reference/utau-samples/はるかぜちゃん/単独音A/ぶぁ.wav,ぶぁ,,0,cv,44100,1,1.062404,true,true,
はるかぜちゃん,春音ハナ,単独音A,ぶぃ.wav,research/data/raw/reference/utau-samples/はるかぜちゃん/単独音A/ぶぃ.wav,ぶぃ,,0,cv,44100,1,1.062404,true,true,
はるかぜちゃん,春音ハナ,単独音A,ぶぇ.wav,research/data/raw/reference/utau-samples/はるかぜちゃん/単独音A/ぶぇ.wav,ぶぇ,,0,cv,44100,1,0.999909,true,true,
はるかぜちゃん,春音ハナ,単独音A,ぶぉ.wav,research/data/raw/reference/utau-samples/はるかぜちゃん/単独音A/ぶぉ.wav,ぶぉ,,0,cv,44100,1,1.062404,true,true,
はるかぜちゃん,春音ハナ,単独音A,ぷ.wav,research/data/raw/reference/utau-samples/はるかぜちゃん/単独音A/ぷ.wav,ぷ,,0,cv,44100,1,1.062404,true,true,
はるかぜちゃん,春音ハナ,単独音A,ぷぁ.wav,research/data/raw/reference/utau-samples/はるかぜちゃん/単独音A/ぷぁ.wav,ぷぁ,,0,cv,44100,1,1.062404,true,true,
はるかぜちゃん,春音ハナ,単独音A,ぷぃ.wav,research/data/raw/reference/utau-samples/はるかぜちゃん/単独音A/ぷぃ.wav,ぷぃ,,0,cv,44100,1,0.999909,true,true,
はるかぜちゃん,春音ハナ,単独音A,ぷぇ.wav,research/data/raw/reference/utau-samples/はるかぜちゃん/単独音A/ぷぇ.wav,ぷぇ,,0,cv,44100,1,1.062404,true,true,
はるかぜちゃん,春音ハナ,単独音A,ぷぉ.wav,research/data/raw/reference/utau-samples/はるかぜちゃん/単独音A/ぷぉ.wav,ぷぉ,,0,cv,44100,1,0.999909,true,true,
はるかぜちゃん,春音ハナ,単独音A,へ.wav,research/data/raw/reference/utau-samples/はるかぜちゃん/単独音A/へ.wav,へ,,1,cv,44100,1,0.999909,true,true,
はるかぜちゃん,春音ハナ,単独音A,べ.wav,research/data/raw/reference/utau-samples/はるかぜちゃん/単独音A/べ.wav,べ,,0,cv,44100,1,1.062404,true,true,
はるかぜちゃん,春音ハナ,単独音A,ぺ.wav,research/data/raw/reference/utau-samples/はるかぜちゃん/単独音A/ぺ.wav,ぺ,,0,cv,44100,1,0.999909,true,true,
はるかぜちゃん,春音ハナ,単独音A,ほ.wav,research/data/raw/reference/utau-samples/はるかぜちゃん/単独音A/ほ.wav,ほ,,1,cv,44100,1,1.062404,true,true,
はるかぜちゃん,春音ハナ,単独音A,ぼ.wav,research/data/raw/reference/utau-samples/はるかぜちゃん/単独音A/ぼ.wav,ぼ,,0,cv,44100,1,1.062404,true,true,
はるかぜちゃん,春音ハナ,単独音A,ぽ.wav,research/data/raw/reference/utau-samples/はるかぜちゃん/単独音A/ぽ.wav,ぽ,,0,cv,44100,1,0.999909,true,true,
はるかぜちゃん,春音ハナ,単独音A,ま.wav,research/data/raw/reference/utau-samples/はるかぜちゃん/単独音A/ま.wav,ま,,1,cv,44100,1,1.062404,true,true,
はるかぜちゃん,春音ハナ,単独音A,み.wav,research/data/raw/reference/utau-samples/はるかぜちゃん/単独音A/み.wav,み,,1,cv,44100,1,0.999909,true,true,
はるかぜちゃん,春音ハナ,単独音A,みぇ.wav,research/data/raw/reference/utau-samples/はるかぜちゃん/単独音A/みぇ.wav,みぇ,,1,cv,44100,1,1.062404,true,true,
はるかぜちゃん,春音ハナ,単独音A,みゃ.wav,research/data/raw/reference/utau-samples/はるかぜちゃん/単独音A/みゃ.wav,みゃ,,1,cv,44100,1,0.999909,true,true,
はるかぜちゃん,春音ハナ,単独音A,みゅ.wav,research/data/raw/reference/utau-samples/はるかぜちゃん/単独音A/みゅ.wav,みゅ,,1,cv,44100,1,0.999909,true,true,
はるかぜちゃん,春音ハナ,単独音A,みょ.wav,research/data/raw/reference/utau-samples/はるかぜちゃん/単独音A/みょ.wav,みょ,,1,cv,44100,1,0.999909,true,true,
はるかぜちゃん,春音ハナ,単独音A,む.wav,research/data/raw/reference/utau-samples/はるかぜちゃん/単独音A/む.wav,む,,1,cv,44100,1,1.062404,true,true,
はるかぜちゃん,春音ハナ,単独音A,め.wav,research/data/raw/reference/utau-samples/はるかぜちゃん/単独音A/め.wav,め,,1,cv,44100,1,1.062404,true,true,
はるかぜちゃん,春音ハナ,単独音A,も.wav,research/data/raw/reference/utau-samples/はるかぜちゃん/単独音A/も.wav,も,,1,cv,44100,1,0.999909,true,true,
はるかぜちゃん,春音ハナ,単独音A,や.wav,research/data/raw/reference/utau-samples/はるかぜちゃん/単独音A/や.wav,や,,1,cv,44100,1,0.999909,true,true,
はるかぜちゃん,春音ハナ,単独音A,ゆ.wav,research/data/raw/reference/utau-samples/はるかぜちゃん/単独音A/ゆ.wav,ゆ,,1,cv,44100,1,1.062404,true,true,
はるかぜちゃん,春音ハナ,単独音A,よ.wav,research/data/raw/reference/utau-samples/はるかぜちゃん/単独音A/よ.wav,よ,,1,cv,44100,1,0.999909,true,true,
はるかぜちゃん,春音ハナ,単独音A,ら.wav,research/data/raw/reference/utau-samples/はるかぜちゃん/単独音A/ら.wav,ら,,1,cv,44100,1,0.999909,true,true,
はるかぜちゃん,春音ハナ,単独音A,り.wav,research/data/raw/reference/utau-samples/はるかぜちゃん/単独音A/り.wav,り,,1,cv,44100,1,1.062404,true,true,
はるかぜちゃん,春音ハナ,単独音A,りぇ.wav,research/data/raw/reference/utau-samples/はるかぜちゃん/単独音A/りぇ.wav,りぇ,,1,cv,44100,1,0.999909,true,true,
はるかぜちゃん,春音ハナ,単独音A,りゃ.wav,research/data/raw/reference/utau-samples/はるかぜちゃん/単独音A/りゃ.wav,りゃ,,1,cv,44100,1,0.999909,true,true,
はるかぜちゃん,春音ハナ,単独音A,りゅ.wav,research/data/raw/reference/utau-samples/はるかぜちゃん/単独音A/りゅ.wav,りゅ,,1,cv,44100,1,1.062404,true,true,
はるかぜちゃん,春音ハナ,単独音A,りょ.wav,research/data/raw/reference/utau-samples/はるかぜちゃん/単独音A/りょ.wav,りょ,,1,cv,44100,1,0.999909,true,true,
はるかぜちゃん,春音ハナ,単独音A,る.wav,research/data/raw/reference/utau-samples/はるかぜちゃん/単独音A/る.wav,る,,1,cv,44100,1,0.999909,true,true,
はるかぜちゃん,春音ハナ,単独音A,れ.wav,research/data/raw/reference/utau-samples/はるかぜちゃん/単独音A/れ.wav,れ,,1,cv,44100,1,0.999909,true,true,
はるかぜちゃん,春音ハナ,単独音A,ろ.wav,research/data/raw/reference/utau-samples/はるかぜちゃん/単独音A/ろ.wav,ろ,,1,cv,44100,1,1.062404,true,true,
はるかぜちゃん,春音ハナ,単独音A,わ.wav,research/data/raw/reference/utau-samples/はるかぜちゃん/単独音A/わ.wav,わ,,1,cv,44100,1,0.999909,true,true,
はるかぜちゃん,春音ハナ,単独音A,を.wav,research/data/raw/reference/utau-samples/はるかぜちゃん/単独音A/を.wav,を,,1,cv,44100,1,0.999909,true,true,
はるかぜちゃん,春音ハナ,単独音A,ん.wav,research/data/raw/reference/utau-samples/はるかぜちゃん/単独音A/ん.wav,ん,,1,cv,44100,1,1.062404,true,true,
はるかぜちゃん,春音ハナ,単独音A,ヴ.wav,research/data/raw/reference/utau-samples/はるかぜちゃん/単独音A/ヴ.wav,ヴ,,0,cv,44100,1,1.062404,true,true,
はるかぜちゃん,春音ハナ,単独音A,ヴぁ.wav,research/data/raw/reference/utau-samples/はるかぜちゃん/単独音A/ヴぁ.wav,ヴぁ,,0,cv,44100,1,0.999909,true,true,
はるかぜちゃん,春音ハナ,単独音A,ヴぃ.wav,research/data/raw/reference/utau-samples/はるかぜちゃん/単独音A/ヴぃ.wav,ヴぃ,,0,cv,44100,1,1.062404,true,true,
はるかぜちゃん,春音ハナ,単独音A,ヴぇ.wav,research/data/raw/reference/utau-samples/はるかぜちゃん/単独音A/ヴぇ.wav,ヴぇ,,0,cv,44100,1,0.999909,true,true,
はるかぜちゃん,春音ハナ,単独音A,ヴぉ.wav,research/data/raw/reference/utau-samples/はるかぜちゃん/単独音A/ヴぉ.wav,ヴぉ,,0,cv,44100,1,1.062404,true,true,
はるかぜちゃん,風音フナ,単独音B,あ.wav,research/data/raw/reference/utau-samples/はるかぜちゃん/単独音B/あ.wav,あ,,1,vowel,44100,1,1.062404,true,true,
はるかぜちゃん,風音フナ,単独音B,い.wav,research/data/raw/reference/utau-samples/はるかぜちゃん/単独音B/い.wav,い,,1,vowel,44100,1,1.062404,true,true,
はるかぜちゃん,風音フナ,単独音B,いぇ.wav,research/data/raw/reference/utau-samples/はるかぜちゃん/単独音B/いぇ.wav,いぇ,,1,cv,44100,1,0.999909,true,true,
はるかぜちゃん,風音フナ,単独音B,う.wav,research/data/raw/reference/utau-samples/はるかぜちゃん/単独音B/う.wav,う,,1,vowel,44100,1,0.999909,true,true,
はるかぜちゃん,風音フナ,単独音B,うぁ.wav,research/data/raw/reference/utau-samples/はるかぜちゃん/単独音B/うぁ.wav,うぁ,,1,cv,44100,1,0.999909,true,true,
はるかぜちゃん,風音フナ,単独音B,うぃ.wav,research/data/raw/reference/utau-samples/はるかぜちゃん/単独音B/うぃ.wav,うぃ,,1,cv,44100,1,1.062404,true,true,
はるかぜちゃん,風音フナ,単独音B,うぇ.wav,research/data/raw/reference/utau-samples/はるかぜちゃん/単独音B/うぇ.wav,うぇ,,1,cv,44100,1,0.999909,true,true,
はるかぜちゃん,風音フナ,単独音B,うぉ.wav,research/data/raw/reference/utau-samples/はるかぜちゃん/単独音B/うぉ.wav,うぉ,,1,cv,44100,1,0.999909,true,true,
はるかぜちゃん,風音フナ,単独音B,え.wav,research/data/raw/reference/utau-samples/はるかぜちゃん/単独音B/え.wav,え,,1,vowel,44100,1,1.062404,true,true,
はるかぜちゃん,風音フナ,単独音B,お.wav,research/data/raw/reference/utau-samples/はるかぜちゃん/単独音B/お.wav,お,,1,vowel,44100,1,1.062404,true,true,
はるかぜちゃん,風音フナ,単独音B,か.wav,research/data/raw/reference/utau-samples/はるかぜちゃん/単独音B/か.wav,か,,1,cv,44100,1,0.999909,true,true,
はるかぜちゃん,風音フナ,単独音B,が.wav,research/data/raw/reference/utau-samples/はるかぜちゃん/単独音B/が.wav,が,,0,cv,44100,1,0.999909,true,true,
はるかぜちゃん,風音フナ,単独音B,き.wav,research/data/raw/reference/utau-samples/はるかぜちゃん/単独音B/き.wav,き,,1,cv,44100,1,0.999909,true,true,
はるかぜちゃん,風音フナ,単独音B,きぇ.wav,research/data/raw/reference/utau-samples/はるかぜちゃん/単独音B/きぇ.wav,きぇ,,1,cv,44100,1,1.062404,true,true,
はるかぜちゃん,風音フナ,単独音B,きゃ.wav,research/data/raw/reference/utau-samples/はるかぜちゃん/単独音B/きゃ.wav,きゃ,,1,cv,44100,1,0.999909,true,true,
はるかぜちゃん,風音フナ,単独音B,きゅ.wav,research/data/raw/reference/utau-samples/はるかぜちゃん/単独音B/きゅ.wav,きゅ,,1,cv,44100,1,1.062404,true,true,
はるかぜちゃん,風音フナ,単独音B,きょ.wav,research/data/raw/reference/utau-samples/はるかぜちゃん/単独音B/きょ.wav,きょ,,1,cv,44100,1,0.999909,true,true,
はるかぜちゃん,風音フナ,単独音B,ぎ.wav,research/data/raw/reference/utau-samples/はるかぜちゃん/単独音B/ぎ.wav,ぎ,,0,cv,44100,1,1.062404,true,true,
はるかぜちゃん,風音フナ,単独音B,ぎぇ.wav,research/data/raw/reference/utau-samples/はるかぜちゃん/単独音B/ぎぇ.wav,ぎぇ,,0,cv,44100,1,0.999909,true,true,
はるかぜちゃん,風音フナ,単独音B,ぎゃ.wav,research/data/raw/reference/utau-samples/はるかぜちゃん/単独音B/ぎゃ.wav,ぎゃ,,0,cv,44100,1,0.999909,true,true,
はるかぜちゃん,風音フナ,単独音B,ぎゅ.wav,research/data/raw/reference/utau-samples/はるかぜちゃん/単独音B/ぎゅ.wav,ぎゅ,,0,cv,44100,1,1.062404,true,true,
はるかぜちゃん,風音フナ,単独音B,ぎょ.wav,research/data/raw/reference/utau-samples/はるかぜちゃん/単独音B/ぎょ.wav,ぎょ,,0,cv,44100,1,0.999909,true,true,
はるかぜちゃん,風音フナ,単独音B,く.wav,research/data/raw/reference/utau-samples/はるかぜちゃん/単独音B/く.wav,く,,1,cv,44100,1,1.062404,true,true,
はるかぜちゃん,風音フナ,単独音B,くぁ.wav,research/data/raw/reference/utau-samples/はるかぜちゃん/単独音B/くぁ.wav,くぁ,,1,cv,44100,1,1.062404,true,true,
はるかぜちゃん,風音フナ,単独音B,くぃ.wav,research/data/raw/reference/utau-samples/はるかぜちゃん/単独音B/くぃ.wav,くぃ,,1,cv,44100,1,0.999909,true,true,
はるかぜちゃん,風音フナ,単独音B,くぇ.wav,research/data/raw/reference/utau-samples/はるかぜちゃん/単独音B/くぇ.wav,くぇ,,1,cv,44100,1,0.999909,true,true,
はるかぜちゃん,風音フナ,単独音B,くぉ.wav,research/data/raw/reference/utau-samples/はるかぜちゃん/単独音B/くぉ.wav,くぉ,,1,cv,44100,1,1.062404,true,true,
はるかぜちゃん,風音フナ,単独音B,ぐ.wav,research/data/raw/reference/utau-samples/はるかぜちゃん/単独音B/ぐ.wav,ぐ,,0,cv,44100,1,1.062404,true,true,
はるかぜちゃん,風音フナ,単独音B,ぐぁ.wav,research/data/raw/reference/utau-samples/はるかぜちゃん/単独音B/ぐぁ.wav,ぐぁ,,0,cv,44100,1,0.999909,true,true,
はるかぜちゃん,風音フナ,単独音B,ぐぃ.wav,research/data/raw/reference/utau-samples/はるかぜちゃん/単独音B/ぐぃ.wav,ぐぃ,,0,cv,44100,1,1.062404,true,true,
はるかぜちゃん,風音フナ,単独音B,ぐぇ.wav,research/data/raw/reference/utau-samples/はるかぜちゃん/単独音B/ぐぇ.wav,ぐぇ,,0,cv,44100,1,1.062404,true,true,
はるかぜちゃん,風音フナ,単独音B,ぐぉ.wav,research/data/raw/reference/utau-samples/はるかぜちゃん/単独音B/ぐぉ.wav,ぐぉ,,0,cv,44100,1,0.999909,true,true,
はるかぜちゃん,風音フナ,単独音B,け.wav,research/data/raw/reference/utau-samples/はるかぜちゃん/単独音B/け.wav,け,,1,cv,44100,1,0.999909,true,true,
はるかぜちゃん,風音フナ,単独音B,げ.wav,research/data/raw/reference/utau-samples/はるかぜちゃん/単独音B/げ.wav,げ,,0,cv,44100,1,0.999909,true,true,
はるかぜちゃん,風音フナ,単独音B,こ.wav,research/data/raw/reference/utau-samples/はるかぜちゃん/単独音B/こ.wav,こ,,1,cv,44100,1,0.999909,true,true,
はるかぜちゃん,風音フナ,単独音B,ご.wav,research/data/raw/reference/utau-samples/はるかぜちゃん/単独音B/ご.wav,ご,,0,cv,44100,1,1.062404,true,true,
はるかぜちゃん,風音フナ,単独音B,さ.wav,research/data/raw/reference/utau-samples/はるかぜちゃん/単独音B/さ.wav,さ,,1,cv,44100,1,1.062404,true,true,
はるかぜちゃん,風音フナ,単独音B,ざ.wav,research/data/raw/reference/utau-samples/はるかぜちゃん/単独音B/ざ.wav,ざ,,0,cv,44100,1,1.062404,true,true,
はるかぜちゃん,風音フナ,単独音B,し.wav,research/data/raw/reference/utau-samples/はるかぜちゃん/単独音B/し.wav,し,,1,cv,44100,1,0.999909,true,true,
はるかぜちゃん,風音フナ,単独音B,しぇ.wav,research/data/raw/reference/utau-samples/はるかぜちゃん/単独音B/しぇ.wav,しぇ,,1,cv,44100,1,0.999909,true,true,
はるかぜちゃん,風音フナ,単独音B,しゃ.wav,research/data/raw/reference/utau-samples/はるかぜちゃん/単独音B/しゃ.wav,しゃ,,1,cv,44100,1,0.999909,true,true,
はるかぜちゃん,風音フナ,単独音B,しゅ.wav,research/data/raw/reference/utau-samples/はるかぜちゃん/単独音B/しゅ.wav,しゅ,,1,cv,44100,1,1.062404,true,true,
はるかぜちゃん,風音フナ,単独音B,しょ.wav,research/data/raw/reference/utau-samples/はるかぜちゃん/単独音B/しょ.wav,しょ,,1,cv,44100,1,1.062404,true,true,
はるかぜちゃん,風音フナ,単独音B,じ.wav,research/data/raw/reference/utau-samples/はるかぜちゃん/単独音B/じ.wav,じ,,0,cv,44100,1,0.999909,true,true,
はるかぜちゃん,風音フナ,単独音B,じぇ.wav,research/data/raw/reference/utau-samples/はるかぜちゃん/単独音B/じぇ.wav,じぇ,,0,cv,44100,1,0.999909,true,true,
はるかぜちゃん,風音フナ,単独音B,じゃ.wav,research/data/raw/reference/utau-samples/はるかぜちゃん/単独音B/じゃ.wav,じゃ,,0,cv,44100,1,1.062404,true,true,
はるかぜちゃん,風音フナ,単独音B,じゅ.wav,research/data/raw/reference/utau-samples/はるかぜちゃん/単独音B/じゅ.wav,じゅ,,0,cv,44100,1,0.999909,true,true,
はるかぜちゃん,風音フナ,単独音B,じょ.wav,research/data/raw/reference/utau-samples/はるかぜちゃん/単独音B/じょ.wav,じょ,,0,cv,44100,1,1.062404,true,true,
はるかぜちゃん,風音フナ,単独音B,す.wav,research/data/raw/reference/utau-samples/はるかぜちゃん/単独音B/す.wav,す,,1,cv,44100,1,0.999909,true,true,
はるかぜちゃん,風音フナ,単独音B,すぁ.wav,research/data/raw/reference/utau-samples/はるかぜちゃん/単独音B/すぁ.wav,すぁ,,1,cv,44100,1,0.999909,true,true,
はるかぜちゃん,風音フナ,単独音B,すぃ.wav,research/data/raw/reference/utau-samples/はるかぜちゃん/単独音B/すぃ.wav,すぃ,,1,cv,44100,1,0.999909,true,true,
はるかぜちゃん,風音フナ,単独音B,すぇ.wav,research/data/raw/reference/utau-samples/はるかぜちゃん/単独音B/すぇ.wav,すぇ,,1,cv,44100,1,1.062404,true,true,
はるかぜちゃん,風音フナ,単独音B,すぉ.wav,research/data/raw/reference/utau-samples/はるかぜちゃん/単独音B/すぉ.wav,すぉ,,1,cv,44100,1,1.062404,true,true,
はるかぜちゃん,風音フナ,単独音B,ず.wav,research/data/raw/reference/utau-samples/はるかぜちゃん/単独音B/ず.wav,ず,,0,cv,44100,1,0.999909,true,true,
はるかぜちゃん,風音フナ,単独音B,ずぁ.wav,research/data/raw/reference/utau-samples/はるかぜちゃん/単独音B/ずぁ.wav,ずぁ,,0,cv,44100,1,0.999909,true,true,
はるかぜちゃん,風音フナ,単独音B,ずぃ.wav,research/data/raw/reference/utau-samples/はるかぜちゃん/単独音B/ずぃ.wav,ずぃ,,0,cv,44100,1,1.062404,true,true,
はるかぜちゃん,風音フナ,単独音B,ずぇ.wav,research/data/raw/reference/utau-samples/はるかぜちゃん/単独音B/ずぇ.wav,ずぇ,,0,cv,44100,1,0.999909,true,true,
はるかぜちゃん,風音フナ,単独音B,ずぉ.wav,research/data/raw/reference/utau-samples/はるかぜちゃん/単独音B/ずぉ.wav,ずぉ,,0,cv,44100,1,1.062404,true,true,
はるかぜちゃん,風音フナ,単独音B,せ.wav,research/data/raw/reference/utau-samples/はるかぜちゃん/単独音B/せ.wav,せ,,1,cv,44100,1,1.062404,true,true,
はるかぜちゃん,風音フナ,単独音B,ぜ.wav,research/data/raw/reference/utau-samples/はるかぜちゃん/単独音B/ぜ.wav,ぜ,,0,cv,44100,1,1.062404,true,true,
はるかぜちゃん,風音フナ,単独音B,そ.wav,research/data/raw/reference/utau-samples/はるかぜちゃん/単独音B/そ.wav,そ,,1,cv,44100,1,0.999909,true,true,
はるかぜちゃん,風音フナ,単独音B,ぞ.wav,research/data/raw/reference/utau-samples/はるかぜちゃん/単独音B/ぞ.wav,ぞ,,0,cv,44100,1,0.937415,true,true,
はるかぜちゃん,風音フナ,単独音B,た.wav,research/data/raw/reference/utau-samples/はるかぜちゃん/単独音B/た.wav,た,,1,cv,44100,1,0.999909,true,true,
はるかぜちゃん,風音フナ,単独音B,だ.wav,research/data/raw/reference/utau-samples/はるかぜちゃん/単独音B/だ.wav,だ,,0,cv,44100,1,0.999909,true,true,
はるかぜちゃん,風音フナ,単独音B,ち.wav,research/data/raw/reference/utau-samples/はるかぜちゃん/単独音B/ち.wav,ち,,1,cv,44100,1,1.062404,true,true,
はるかぜちゃん,風音フナ,単独音B,ちぇ.wav,research/data/raw/reference/utau-samples/はるかぜちゃん/単独音B/ちぇ.wav,ちぇ,,1,cv,44100,1,0.999909,true,true,
はるかぜちゃん,風音フナ,単独音B,ちゃ.wav,research/data/raw/reference/utau-samples/はるかぜちゃん/単独音B/ちゃ.wav,ちゃ,,1,cv,44100,1,1.062404,true,true,
はるかぜちゃん,風音フナ,単独音B,ちゅ.wav,research/data/raw/reference/utau-samples/はるかぜちゃん/単独音B/ちゅ.wav,ちゅ,,1,cv,44100,1,0.999909,true,true,
はるかぜちゃん,風音フナ,単独音B,ちょ.wav,research/data/raw/reference/utau-samples/はるかぜちゃん/単独音B/ちょ.wav,ちょ,,1,cv,44100,1,1.062404,true,true,
はるかぜちゃん,風音フナ,単独音B,つ.wav,research/data/raw/reference/utau-samples/はるかぜちゃん/単独音B/つ.wav,つ,,1,cv,44100,1,1.062404,true,true,
はるかぜちゃん,風音フナ,単独音B,つぁ.wav,research/data/raw/reference/utau-samples/はるかぜちゃん/単独音B/つぁ.wav,つぁ,,1,cv,44100,1,0.999909,true,true,
はるかぜちゃん,風音フナ,単独音B,つぃ.wav,research/data/raw/reference/utau-samples/はるかぜちゃん/単独音B/つぃ.wav,つぃ,,1,cv,44100,1,1.062404,true,true,
はるかぜちゃん,風音フナ,単独音B,つぇ.wav,research/data/raw/reference/utau-samples/はるかぜちゃん/単独音B/つぇ.wav,つぇ,,1,cv,44100,1,1.062404,true,true,
はるかぜちゃん,風音フナ,単独音B,つぉ.wav,research/data/raw/reference/utau-samples/はるかぜちゃん/単独音B/つぉ.wav,つぉ,,1,cv,44100,1,0.999909,true,true,
はるかぜちゃん,風音フナ,単独音B,て.wav,research/data/raw/reference/utau-samples/はるかぜちゃん/単独音B/て.wav,て,,1,cv,44100,1,0.999909,true,true,
はるかぜちゃん,風音フナ,単独音B,てぃ.wav,research/data/raw/reference/utau-samples/はるかぜちゃん/単独音B/てぃ.wav,てぃ,,1,cv,44100,1,1.062404,true,true,
はるかぜちゃん,風音フナ,単独音B,てゅ.wav,research/data/raw/reference/utau-samples/はるかぜちゃん/単独音B/てゅ.wav,てゅ,,1,cv,44100,1,0.999909,true,true,
はるかぜちゃん,風音フナ,単独音B,で.wav,research/data/raw/reference/utau-samples/はるかぜちゃん/単独音B/で.wav,で,,0,cv,44100,1,1.062404,true,true,
はるかぜちゃん,風音フナ,単独音B,でぃ.wav,research/data/raw/reference/utau-samples/はるかぜちゃん/単独音B/でぃ.wav,でぃ,,0,cv,44100,1,1.062404,true,true,
はるかぜちゃん,風音フナ,単独音B,でゅ.wav,research/data/raw/reference/utau-samples/はるかぜちゃん/単独音B/でゅ.wav,でゅ,,0,cv,44100,1,1.062404,true,true,
はるかぜちゃん,風音フナ,単独音B,と.wav,research/data/raw/reference/utau-samples/はるかぜちゃん/単独音B/と.wav,と,,1,cv,44100,1,1.062404,true,true,
はるかぜちゃん,風音フナ,単独音B,とぅ.wav,research/data/raw/reference/utau-samples/はるかぜちゃん/単独音B/とぅ.wav,とぅ,,1,cv,44100,1,1.062404,true,true,
はるかぜちゃん,風音フナ,単独音B,ど.wav,research/data/raw/reference/utau-samples/はるかぜちゃん/単独音B/ど.wav,ど,,0,cv,44100,1,0.999909,true,true,
はるかぜちゃん,風音フナ,単独音B,どぅ.wav,research/data/raw/reference/utau-samples/はるかぜちゃん/単独音B/どぅ.wav,どぅ,,0,cv,44100,1,0.999909,true,true,
はるかぜちゃん,風音フナ,単独音B,な.wav,research/data/raw/reference/utau-samples/はるかぜちゃん/単独音B/な.wav,な,,1,cv,44100,1,1.062404,true,true,
はるかぜちゃん,風音フナ,単独音B,に.wav,research/data/raw/reference/utau-samples/はるかぜちゃん/単独音B/に.wav,に,,1,cv,44100,1,0.999909,true,true,
はるかぜちゃん,風音フナ,単独音B,にぇ.wav,research/data/raw/reference/utau-samples/はるかぜちゃん/単独音B/にぇ.wav,にぇ,,1,cv,44100,1,1.062404,true,true,
はるかぜちゃん,風音フナ,単独音B,にゃ.wav,research/data/raw/reference/utau-samples/はるかぜちゃん/単独音B/にゃ.wav,にゃ,,1,cv,44100,1,0.999909,true,true,
はるかぜちゃん,風音フナ,単独音B,にゅ.wav,research/data/raw/reference/utau-samples/はるかぜちゃん/単独音B/にゅ.wav,にゅ,,1,cv,44100,1,0.999909,true,true,
はるかぜちゃん,風音フナ,単独音B,にょ.wav,research/data/raw/reference/utau-samples/はるかぜちゃん/単独音B/にょ.wav,にょ,,1,cv,44100,1,0.999909,true,true,
はるかぜちゃん,風音フナ,単独音B,ぬ.wav,research/data/raw/reference/utau-samples/はるかぜちゃん/単独音B/ぬ.wav,ぬ,,1,cv,44100,1,1.062404,true,true,
はるかぜちゃん,風音フナ,単独音B,ね.wav,research/data/raw/reference/utau-samples/はるかぜちゃん/単独音B/ね.wav,ね,,1,cv,44100,1,1.062404,true,true,
はるかぜちゃん,風音フナ,単独音B,の.wav,research/data/raw/reference/utau-samples/はるかぜちゃん/単独音B/の.wav,の,,1,cv,44100,1,0.999909,true,true,
はるかぜちゃん,風音フナ,単独音B,は.wav,research/data/raw/reference/utau-samples/はるかぜちゃん/単独音B/は.wav,は,,1,cv,44100,1,0.999909,true,true,
はるかぜちゃん,風音フナ,単独音B,ば.wav,research/data/raw/reference/utau-samples/はるかぜちゃん/単独音B/ば.wav,ば,,0,cv,44100,1,0.999909,true,true,
はるかぜちゃん,風音フナ,単独音B,ぱ.wav,research/data/raw/reference/utau-samples/はるかぜちゃん/単独音B/ぱ.wav,ぱ,,0,cv,44100,1,1.062404,true,true,
はるかぜちゃん,風音フナ,単独音B,ひ.wav,research/data/raw/reference/utau-samples/はるかぜちゃん/単独音B/ひ.wav,ひ,,1,cv,44100,1,1.062404,true,true,
はるかぜちゃん,風音フナ,単独音B,ひぇ.wav,research/data/raw/reference/utau-samples/はるかぜちゃん/単独音B/ひぇ.wav,ひぇ,,1,cv,44100,1,0.999909,true,true,
はるかぜちゃん,風音フナ,単独音B,ひゃ.wav,research/data/raw/reference/utau-samples/はるかぜちゃん/単独音B/ひゃ.wav,ひゃ,,1,cv,44100,1,1.062404,true,true,
はるかぜちゃん,風音フナ,単独音B,ひゅ.wav,research/data/raw/reference/utau-samples/はるかぜちゃん/単独音B/ひゅ.wav,ひゅ,,1,cv,44100,1,1.062404,true,true,
はるかぜちゃん,風音フナ,単独音B,ひょ.wav,research/data/raw/reference/utau-samples/はるかぜちゃん/単独音B/ひょ.wav,ひょ,,1,cv,44100,1,0.999909,true,true,
はるかぜちゃん,風音フナ,単独音B,び.wav,research/data/raw/reference/utau-samples/はるかぜちゃん/単独音B/び.wav,び,,0,cv,44100,1,1.062404,true,true,
はるかぜちゃん,風音フナ,単独音B,びぇ.wav,research/data/raw/reference/utau-samples/はるかぜちゃん/単独音B/びぇ.wav,びぇ,,0,cv,44100,1,0.999909,true,true,
はるかぜちゃん,風音フナ,単独音B,びゃ.wav,research/data/raw/reference/utau-samples/はるかぜちゃん/単独音B/びゃ.wav,びゃ,,0,cv,44100,1,0.999909,true,true,
はるかぜちゃん,風音フナ,単独音B,びゅ.wav,research/data/raw/reference/utau-samples/はるかぜちゃん/単独音B/びゅ.wav,びゅ,,0,cv,44100,1,0.999909,true,true,
はるかぜちゃん,風音フナ,単独音B,びょ.wav,research/data/raw/reference/utau-samples/はるかぜちゃん/単独音B/びょ.wav,びょ,,0,cv,44100,1,1.062404,true,true,
はるかぜちゃん,風音フナ,単独音B,ぴ.wav,research/data/raw/reference/utau-samples/はるかぜちゃん/単独音B/ぴ.wav,ぴ,,0,cv,44100,1,0.999909,true,true,
はるかぜちゃん,風音フナ,単独音B,ぴぇ.wav,research/data/raw/reference/utau-samples/はるかぜちゃん/単独音B/ぴぇ.wav,ぴぇ,,0,cv,44100,1,1.062404,true,true,
はるかぜちゃん,風音フナ,単独音B,ぴゃ.wav,research/data/raw/reference/utau-samples/はるかぜちゃん/単独音B/ぴゃ.wav,ぴゃ,,0,cv,44100,1,0.999909,true,true,
はるかぜちゃん,風音フナ,単独音B,ぴゅ.wav,research/data/raw/reference/utau-samples/はるかぜちゃん/単独音B/ぴゅ.wav,ぴゅ,,0,cv,44100,1,0.999909,true,true,
はるかぜちゃん,風音フナ,単独音B,ぴょ.wav,research/data/raw/reference/utau-samples/はるかぜちゃん/単独音B/ぴょ.wav,ぴょ,,0,cv,44100,1,0.999909,true,true,
はるかぜちゃん,風音フナ,単独音B,ふ.wav,research/data/raw/reference/utau-samples/はるかぜちゃん/単独音B/ふ.wav,ふ,,1,cv,44100,1,0.999909,true,true,
はるかぜちゃん,風音フナ,単独音B,ふぁ.wav,research/data/raw/reference/utau-samples/はるかぜちゃん/単独音B/ふぁ.wav,ふぁ,,1,cv,44100,1,1.062404,true,true,
はるかぜちゃん,風音フナ,単独音B,ふぃ.wav,research/data/raw/reference/utau-samples/はるかぜちゃん/単独音B/ふぃ.wav,ふぃ,,1,cv,44100,1,1.062404,true,true,
はるかぜちゃん,風音フナ,単独音B,ふぇ.wav,research/data/raw/reference/utau-samples/はるかぜちゃん/単独音B/ふぇ.wav,ふぇ,,1,cv,44100,1,0.999909,true,true,
はるかぜちゃん,風音フナ,単独音B,ふぉ.wav,research/data/raw/reference/utau-samples/はるかぜちゃん/単独音B/ふぉ.wav,ふぉ,,1,cv,44100,1,1.062404,true,true,
はるかぜちゃん,風音フナ,単独音B,ぶ.wav,research/data/raw/reference/utau-samples/はるかぜちゃん/単独音B/ぶ.wav,ぶ,,0,cv,44100,1,1.062404,true,true,
はるかぜちゃん,風音フナ,単独音B,ぶぁ.wav,research/data/raw/reference/utau-samples/はるかぜちゃん/単独音B/ぶぁ.wav,ぶぁ,,0,cv,44100,1,1.062404,true,true,
はるかぜちゃん,風音フナ,単独音B,ぶぃ.wav,research/data/raw/reference/utau-samples/はるかぜちゃん/単独音B/ぶぃ.wav,ぶぃ,,0,cv,44100,1,1.062404,true,true,
はるかぜちゃん,風音フナ,単独音B,ぶぇ.wav,research/data/raw/reference/utau-samples/はるかぜちゃん/単独音B/ぶぇ.wav,ぶぇ,,0,cv,44100,1,0.999909,true,true,
はるかぜちゃん,風音フナ,単独音B,ぶぉ.wav,research/data/raw/reference/utau-samples/はるかぜちゃん/単独音B/ぶぉ.wav,ぶぉ,,0,cv,44100,1,1.062404,true,true,
はるかぜちゃん,風音フナ,単独音B,ぷ.wav,research/data/raw/reference/utau-samples/はるかぜちゃん/単独音B/ぷ.wav,ぷ,,0,cv,44100,1,0.999909,true,true,
はるかぜちゃん,風音フナ,単独音B,ぷぁ.wav,research/data/raw/reference/utau-samples/はるかぜちゃん/単独音B/ぷぁ.wav,ぷぁ,,0,cv,44100,1,1.062404,true,true,
はるかぜちゃん,風音フナ,単独音B,ぷぃ.wav,research/data/raw/reference/utau-samples/はるかぜちゃん/単独音B/ぷぃ.wav,ぷぃ,,0,cv,44100,1,0.999909,true,true,
はるかぜちゃん,風音フナ,単独音B,ぷぇ.wav,research/data/raw/reference/utau-samples/はるかぜちゃん/単独音B/ぷぇ.wav,ぷぇ,,0,cv,44100,1,0.999909,true,true,
はるかぜちゃん,風音フナ,単独音B,ぷぉ.wav,research/data/raw/reference/utau-samples/はるかぜちゃん/単独音B/ぷぉ.wav,ぷぉ,,0,cv,44100,1,1.062404,true,true,
はるかぜちゃん,風音フナ,単独音B,へ.wav,research/data/raw/reference/utau-samples/はるかぜちゃん/単独音B/へ.wav,へ,,1,cv,44100,1,0.999909,true,true,
はるかぜちゃん,風音フナ,単独音B,べ.wav,research/data/raw/reference/utau-samples/はるかぜちゃん/単独音B/べ.wav,べ,,0,cv,44100,1,0.999909,true,true,
はるかぜちゃん,風音フナ,単独音B,ぺ.wav,research/data/raw/reference/utau-samples/はるかぜちゃん/単独音B/ぺ.wav,ぺ,,0,cv,44100,1,1.062404,true,true,
はるかぜちゃん,風音フナ,単独音B,ほ.wav,research/data/raw/reference/utau-samples/はるかぜちゃん/単独音B/ほ.wav,ほ,,1,cv,44100,1,1.062404,true,true,
はるかぜちゃん,風音フナ,単独音B,ぼ.wav,research/data/raw/reference/utau-samples/はるかぜちゃん/単独音B/ぼ.wav,ぼ,,0,cv,44100,1,1.062404,true,true,
はるかぜちゃん,風音フナ,単独音B,ぽ.wav,research/data/raw/reference/utau-samples/はるかぜちゃん/単独音B/ぽ.wav,ぽ,,0,cv,44100,1,0.999909,true,true,
はるかぜちゃん,風音フナ,単独音B,ま.wav,research/data/raw/reference/utau-samples/はるかぜちゃん/単独音B/ま.wav,ま,,1,cv,44100,1,0.999909,true,true,
はるかぜちゃん,風音フナ,単独音B,み.wav,research/data/raw/reference/utau-samples/はるかぜちゃん/単独音B/み.wav,み,,1,cv,44100,1,0.999909,true,true,
はるかぜちゃん,風音フナ,単独音B,みぇ.wav,research/data/raw/reference/utau-samples/はるかぜちゃん/単独音B/みぇ.wav,みぇ,,1,cv,44100,1,0.999909,true,true,
はるかぜちゃん,風音フナ,単独音B,みゃ.wav,research/data/raw/reference/utau-samples/はるかぜちゃん/単独音B/みゃ.wav,みゃ,,1,cv,44100,1,1.062404,true,true,
はるかぜちゃん,風音フナ,単独音B,みゅ.wav,research/data/raw/reference/utau-samples/はるかぜちゃん/単独音B/みゅ.wav,みゅ,,1,cv,44100,1,0.999909,true,true,
はるかぜちゃん,風音フナ,単独音B,みょ.wav,research/data/raw/reference/utau-samples/はるかぜちゃん/単独音B/みょ.wav,みょ,,1,cv,44100,1,1.062404,true,true,
はるかぜちゃん,風音フナ,単独音B,む.wav,research/data/raw/reference/utau-samples/はるかぜちゃん/単独音B/む.wav,む,,1,cv,44100,1,1.062404,true,true,
はるかぜちゃん,風音フナ,単独音B,め.wav,research/data/raw/reference/utau-samples/はるかぜちゃん/単独音B/め.wav,め,,1,cv,44100,1,1.062404,true,true,
はるかぜちゃん,風音フナ,単独音B,も.wav,research/data/raw/reference/utau-samples/はるかぜちゃん/単独音B/も.wav,も,,1,cv,44100,1,0.999909,true,true,
はるかぜちゃん,風音フナ,単独音B,や.wav,research/data/raw/reference/utau-samples/はるかぜちゃん/単独音B/や.wav,や,,1,cv,44100,1,1.062404,true,true,
はるかぜちゃん,風音フナ,単独音B,ゆ.wav,research/data/raw/reference/utau-samples/はるかぜちゃん/単独音B/ゆ.wav,ゆ,,1,cv,44100,1,1.062404,true,true,
はるかぜちゃん,風音フナ,単独音B,よ.wav,research/data/raw/reference/utau-samples/はるかぜちゃん/単独音B/よ.wav,よ,,1,cv,44100,1,0.999909,true,true,
はるかぜちゃん,風音フナ,単独音B,ら.wav,research/data/raw/reference/utau-samples/はるかぜちゃん/単独音B/ら.wav,ら,,1,cv,44100,1,1.062404,true,true,
はるかぜちゃん,風音フナ,単独音B,り.wav,research/data/raw/reference/utau-samples/はるかぜちゃん/単独音B/り.wav,り,,1,cv,44100,1,1.062404,true,true,
はるかぜちゃん,風音フナ,単独音B,りぇ.wav,research/data/raw/reference/utau-samples/はるかぜちゃん/単独音B/りぇ.wav,りぇ,,1,cv,44100,1,1.062404,true,true,
はるかぜちゃん,風音フナ,単独音B,りゃ.wav,research/data/raw/reference/utau-samples/はるかぜちゃん/単独音B/りゃ.wav,りゃ,,1,cv,44100,1,0.999909,true,true,
はるかぜちゃん,風音フナ,単独音B,りゅ.wav,research/data/raw/reference/utau-samples/はるかぜちゃん/単独音B/りゅ.wav,りゅ,,1,cv,44100,1,0.999909,true,true,
はるかぜちゃん,風音フナ,単独音B,りょ.wav,research/data/raw/reference/utau-samples/はるかぜちゃん/単独音B/りょ.wav,りょ,,1,cv,44100,1,0.999909,true,true,
はるかぜちゃん,風音フナ,単独音B,る.wav,research/data/raw/reference/utau-samples/はるかぜちゃん/単独音B/る.wav,る,,1,cv,44100,1,0.999909,true,true,
はるかぜちゃん,風音フナ,単独音B,れ.wav,research/data/raw/reference/utau-samples/はるかぜちゃん/単独音B/れ.wav,れ,,1,cv,44100,1,0.999909,true,true,
はるかぜちゃん,風音フナ,単独音B,ろ.wav,research/data/raw/reference/utau-samples/はるかぜちゃん/単独音B/ろ.wav,ろ,,1,cv,44100,1,1.062404,true,true,
はるかぜちゃん,風音フナ,単独音B,わ.wav,research/data/raw/reference/utau-samples/はるかぜちゃん/単独音B/わ.wav,わ,,1,cv,44100,1,0.999909,true,true,
はるかぜちゃん,風音フナ,単独音B,を.wav,research/data/raw/reference/utau-samples/はるかぜちゃん/単独音B/を.wav,を,,1,cv,44100,1,0.999909,true,true,
はるかぜちゃん,風音フナ,単独音B,ん.wav,research/data/raw/reference/utau-samples/はるかぜちゃん/単独音B/ん.wav,ん,,1,cv,44100,1,1.062404,true,true,
はるかぜちゃん,風音フナ,単独音B,ヴ.wav,research/data/raw/reference/utau-samples/はるかぜちゃん/単独音B/ヴ.wav,ヴ,,0,cv,44100,1,0.999909,true,true,
はるかぜちゃん,風音フナ,単独音B,ヴぁ.wav,research/data/raw/reference/utau-samples/はるかぜちゃん/単独音B/ヴぁ.wav,ヴぁ,,0,cv,44100,1,0.999909,true,true,
はるかぜちゃん,風音フナ,単独音B,ヴぃ.wav,research/data/raw/reference/utau-samples/はるかぜちゃん/単独音B/ヴぃ.wav,ヴぃ,,0,cv,44100,1,1.062404,true,true,
はるかぜちゃん,風音フナ,単独音B,ヴぇ.wav,research/data/raw/reference/utau-samples/はるかぜちゃん/単独音B/ヴぇ.wav,ヴぇ,,0,cv,44100,1,0.999909,true,true,
はるかぜちゃん,風音フナ,単独音B,ヴぉ.wav,research/data/raw/reference/utau-samples/はるかぜちゃん/単独音B/ヴぉ.wav,ヴぉ,,0,cv,44100,1,1.062404,true,true,
はるかぜちゃん,春音ハナ,連続音A,_ああいあうあ.wav,research/data/raw/reference/utau-samples/はるかぜちゃん/連続音A/_ああいあうあ.wav,_ああいあうあ,- あ,6,vcv,44100,1,4.124626,true,true,
はるかぜちゃん,春音ハナ,連続音A,_いいういえい.wav,research/data/raw/reference/utau-samples/はるかぜちゃん/連続音A/_いいういえい.wav,_いいういえい,- い,6,vcv,44100,1,4.124626,true,true,
はるかぜちゃん,春音ハナ,連続音A,_いいゆいよい.wav,research/data/raw/reference/utau-samples/はるかぜちゃん/連続音A/_いいゆいよい.wav,_いいゆいよい,i ゆ,3,vcv,44100,1,4.187120,true,true,
はるかぜちゃん,春音ハナ,連続音A,_いぇいぇいいぇゆいぇ.wav,research/data/raw/reference/utau-samples/はるかぜちゃん/連続音A/_いぇいぇいいぇゆいぇ.wav,_いぇいぇいいぇゆいぇ,- いぇ,5,vcv,44100,1,4.187120,true,true,
はるかぜちゃん,春音ハナ,連続音A,_うぃうぃううぃうぉうぃ.wav,research/data/raw/reference/utau-samples/はるかぜちゃん/連続音A/_うぃうぃううぃうぉうぃ.wav,_うぃうぃううぃうぉうぃ,- うぃ,5,vcv,44100,1,4.249615,true,true,
はるかぜちゃん,春音ハナ,連続音A,_うううぉうわう.wav,research/data/raw/reference/utau-samples/はるかぜちゃん/連続音A/_うううぉうわう.wav,_うううぉうわう,- う,5,vcv,44100,1,4.249615,true,true,
はるかぜちゃん,春音ハナ,連続音A,_ううえうおう.wav,research/data/raw/reference/utau-samples/はるかぜちゃん/連続音A/_ううえうおう.wav,_ううえうおう,u え,4,vcv,44100,1,4.187120,true,true,
はるかぜちゃん,春音ハナ,連続音A,_うぇうぇうぃうぇううぇ.wav,research/data/raw/reference/utau-samples/はるかぜちゃん/連続音A/_うぇうぇうぃうぇううぇ.wav,_うぇうぇうぃうぇううぇ,- うぇ,5,vcv,44100,1,4.187120,true,true,
はるかぜちゃん,春音ハナ,連続音A,_うぉうぉわうぉうぇうぉ.wav,research/data/raw/reference/utau-samples/はるかぜちゃん/連続音A/_うぉうぉわうぉうぇうぉ.wav,_うぉうぉわうぉうぇうぉ,- うぉ,6,vcv,44100,1,4.187120,true,true,
はるかぜちゃん,春音ハナ,連続音A,_ええおえあえ.wav,research/data/raw/reference/utau-samples/はるかぜちゃん/連続音A/_ええおえあえ.wav,_ええおえあえ,- え,7,vcv,44100,1,4.249615,true,true,
はるかぜちゃん,春音ハナ,連続音A,_おおあおいお.wav,research/data/raw/reference/utau-samples/はるかぜちゃん/連続音A/_おおあおいお.wav,_おおあおいお,- お,9,vcv,44100,1,4.124626,true,true,
はるかぜちゃん,春音ハナ,連続音A,_かかけかきか.wav,research/data/raw/reference/utau-samples/はるかぜちゃん/連続音A/_かかけかきか.wav,_かかけかきか,- か,6,vcv,44100,1,4.187120,true,true,
はるかぜちゃん,春音ハナ,連続音A,_ががげがぎが.wav,research/data/raw/reference/utau-samples/はるかぜちゃん/連続音A/_ががげがぎが.wav,_ががげがぎが,,0,vcv,44100,1,4.124626,true,true,
はるかぜちゃん,春音ハナ,連続音A,_きぇきぇききぇきゅきぇ.wav,research/data/raw/reference/utau-samples/はるかぜちゃん/連続音A/_きぇきぇききぇきゅきぇ.wav,_きぇきぇききぇきゅきぇ,- きぇ,6,vcv,44100,1,4.249615,true,true,
はるかぜちゃん,春音ハナ,連続音A,_きききゅききょき.wav,research/data/raw/reference/utau-samples/はるかぜちゃん/連続音A/_きききゅききょき.wav,_きききゅききょき,- き,6,vcv,44100,1,4.249615,true,true,
はるかぜちゃん,春音ハナ,連続音A,_ききくきこき.wav,research/data/raw/reference/utau-samples/はるかぜちゃん/連続音A/_ききくきこき.wav,_ききくきこき,i く,2,vcv,44100,1,4.124626,true,true,
はるかぜちゃん,春音ハナ,連続音A,_きゃきゃきぇきゃききゃ.wav,research/data/raw/reference/utau-samples/はるかぜちゃん/連続音A/_きゃきゃきぇきゃききゃ.wav,_きゃきゃきぇきゃききゃ,- きゃ,5,vcv,44100,1,4.124626,true,true,
はるかぜちゃん,春音ハナ,連続音A,_きゅきゅきょきゅきゃきゅ.wav,research/data/raw/reference/utau-samples/はるかぜちゃん/連続音A/_きゅきゅきょきゅきゃきゅ.wav,_きゅきゅきょきゅきゃきゅ,- きゅ,6,vcv,44100,1,4.249615,true,true,
はるかぜちゃん,春音ハナ,連続音A,_きょきょきゃきょきぇきょ.wav,research/data/raw/reference/utau-samples/はるかぜちゃん/連続音A/_きょきょきゃきょきぇきょ.wav,_きょきょきゃきょきぇきょ,- きょ,6,vcv,44100,1,4.187120,true,true,
はるかぜちゃん,春音ハナ,連続音A,_ぎぇぎぇぎぎぇぎゅぎぇ.wav,research/data/raw/reference/utau-samples/はるかぜちゃん/連続音A/_ぎぇぎぇぎぎぇぎゅぎぇ.wav,_ぎぇぎぇぎぎぇぎゅぎぇ,,0,vcv,44100,1,4.124626,true,true,
はるかぜちゃん,春音ハナ,連続音A,_ぎぎぎゅぎぎょぎ.wav,research/data/raw/reference/utau-samples/はるかぜちゃん/連続音A/_ぎぎぎゅぎぎょぎ.wav,_ぎぎぎゅぎぎょぎ,,0,vcv,44100,1,4.124626,true,true,
はるかぜちゃん,春音ハナ,連続音A,_ぎぎぐぎごぎ.wav,research/data/raw/reference/utau-samples/はるかぜちゃん/連続音A/_ぎぎぐぎごぎ.wav,_ぎぎぐぎごぎ,,0,vcv,44100,1,4.187120,true,true,
はるかぜちゃん,春音ハナ,連続音A,_ぎゃぎゃぎぇぎゃぎぎゃ.wav,research/data/raw/reference/utau-samples/はるかぜちゃん/連続音A/_ぎゃぎゃぎぇぎゃぎぎゃ.wav,_ぎゃぎゃぎぇぎゃぎぎゃ,,0,vcv,44100,1,4.187120,true,true,
はるかぜちゃん,春音ハナ,連続音A,_ぎゅぎゅぎょぎゅぎゃぎゅ.wav,research/data/raw/reference/utau-samples/はるかぜちゃん/連続音A/_ぎゅぎゅぎょぎゅぎゃぎゅ.wav,_ぎゅぎゅぎょぎゅぎゃぎゅ,,0,vcv,44100,1,4.187120,true,true,
はるかぜちゃん,春音ハナ,連続音A,_ぎょぎょぎゃぎょぎぇぎょ.wav,research/data/raw/reference/utau-samples/はるかぜちゃん/連続音A/_ぎょぎょぎゃぎょぎぇぎょ.wav,_ぎょぎょぎゃぎょぎぇぎょ,,0,vcv,44100,1,4.187120,true,true,
はるかぜちゃん,春音ハナ,連続音A,_くくこくかく.wav,research/data/raw/reference/utau-samples/はるかぜちゃん/連続音A/_くくこくかく.wav,_くくこくかく,- く,6,vcv,44100,1,4.187120,true,true,
はるかぜちゃん,春音ハナ,連続音A,_ぐぐごぐがぐ.wav,research/data/raw/reference/utau-samples/はるかぜちゃん/連続音A/_ぐぐごぐがぐ.wav,_ぐぐごぐがぐ,,0,vcv,44100,1,4.187120,true,true,
はるかぜちゃん,春音ハナ,連続音A,_けけきけくけ.wav,research/data/raw/reference/utau-samples/はるかぜちゃん/連続音A/_けけきけくけ.wav,_けけきけくけ,- け,5,vcv,44100,1,4.187120,true,true,
はるかぜちゃん,春音ハナ,連続音A,_げげぎげぐげ.wav,research/data/raw/reference/utau-samples/はるかぜちゃん/連続音A/_げげぎげぐげ.wav,_げげぎげぐげ,,0,vcv,44100,1,4.187120,true,true,
はるかぜちゃん,春音ハナ,連続音A,_ここかこけこ.wav,research/data/raw/reference/utau-samples/はるかぜちゃん/連続音A/_ここかこけこ.wav,_ここかこけこ,- こ,6,vcv,44100,1,4.187120,true,true,
はるかぜちゃん,春音ハナ,連続音A,_ごごがごげご.wav,research/data/raw/reference/utau-samples/はるかぜちゃん/連続音A/_ごごがごげご.wav,_ごごがごげご,,0,vcv,44100,1,4.249615,true,true,
はるかぜちゃん,春音ハナ,連続音A,_ささせさすぃさ.wav,research/data/raw/reference/utau-samples/はるかぜちゃん/連続音A/_ささせさすぃさ.wav,_ささせさすぃさ,- さ,6,vcv,44100,1,4.187120,true,true,
はるかぜちゃん,春音ハナ,連続音A,_ざざぜざずぃざ.wav,research/data/raw/reference/utau-samples/はるかぜちゃん/連続音A/_ざざぜざずぃざ.wav,_ざざぜざずぃざ,,0,vcv,44100,1,4.187120,true,true,
はるかぜちゃん,春音ハナ,連続音A,_しぇしぇししぇしゅしぇ.wav,research/data/raw/reference/utau-samples/はるかぜちゃん/連続音A/_しぇしぇししぇしゅしぇ.wav,_しぇしぇししぇしゅしぇ,- しぇ,6,vcv,44100,1,4.187120,true,true,
はるかぜちゃん,春音ハナ,連続音A,_しししゅししょし.wav,research/data/raw/reference/utau-samples/はるかぜちゃん/連続音A/_しししゅししょし.wav,_しししゅししょし,- し,6,vcv,44100,1,4.249615,true,true,
はるかぜちゃん,春音ハナ,連続音A,_しゃしゃしぇしゃししゃ.wav,research/data/raw/reference/utau-samples/はるかぜちゃん/連続音A/_しゃしゃしぇしゃししゃ.wav,_しゃしゃしぇしゃししゃ,- しゃ,6,vcv,44100,1,4.124626,true,true,
はるかぜちゃん,春音ハナ,連続音A,_しゅしゅしょしゅしゃしゅ.wav,research/data/raw/reference/utau-samples/はるかぜちゃん/連続音A/_しゅしゅしょしゅしゃしゅ.wav,_しゅしゅしょしゅしゃしゅ,- しゅ,6,vcv,44100,1,4.187120,true,true,
はるかぜちゃん,春音ハナ,連続音A,_しょしょしゃしょしぇしょ.wav,research/data/raw/reference/utau-samples/はるかぜちゃん/連続音A/_しょしょしゃしょしぇしょ.wav,_しょしょしゃしょしぇしょ,- しょ,6,vcv,44100,1,4.249615,true,true,
はるかぜちゃん,春音ハナ,連続音A,_じぇじぇじじぇじゅじぇ.wav,research/data/raw/reference/utau-samples/はるかぜちゃん/連続音A/_じぇじぇじじぇじゅじぇ.wav,_じぇじぇじじぇじゅじぇ,,0,vcv,44100,1,4.124626,true,true,
はるかぜちゃん,春音ハナ,連続音A,_じじじゅじじょじ.wav,research/data/raw/reference/utau-samples/はるかぜちゃん/連続音A/_じじじゅじじょじ.wav,_じじじゅじじょじ,,0,vcv,44100,1,4.124626,true,true,
はるかぜちゃん,春音ハナ,連続音A,_じゃじゃじぇじゃじじゃ.wav,research/data/raw/reference/utau-samples/はるかぜちゃん/連続音A/_じゃじゃじぇじゃじじゃ.wav,_じゃじゃじぇじゃじじゃ,,0,vcv,44100,1,4.124626,true,true,
はるかぜちゃん,春音ハナ,連続音A,_じゅじゅじょじゅじゃじゅ.wav,research/data/raw/reference/utau-samples/はるかぜちゃん/連続音A/_じゅじゅじょじゅじゃじゅ.wav,_じゅじゅじょじゅじゃじゅ,,0,vcv,44100,1,4.187120,true,true,
はるかぜちゃん,春音ハナ,連続音A,_じょじょじゃじょじぇじょ.wav,research/data/raw/reference/utau-samples/はるかぜちゃん/連続音A/_じょじょじゃじょじぇじょ.wav,_じょじょじゃじょじぇじょ,,0,vcv,44100,1,4.187120,true,true,
はるかぜちゃん,春音ハナ,連続音A,_すぃすぃすすぃそすぃ.wav,research/data/raw/reference/utau-samples/はるかぜちゃん/連続音A/_すぃすぃすすぃそすぃ.wav,_すぃすぃすすぃそすぃ,- すぃ,6,vcv,44100,1,4.187120,true,true,
はるかぜちゃん,春音ハナ,連続音A,_すすそすさす.wav,research/data/raw/reference/utau-samples/はるかぜちゃん/連続音A/_すすそすさす.wav,_すすそすさす,- す,6,vcv,44100,1,4.187120,true,true,
はるかぜちゃん,春音ハナ,連続音A,_ずぃずぃずずぃぞずぃ.wav,research/data/raw/reference/utau-samples/はるかぜちゃん/連続音A/_ずぃずぃずずぃぞずぃ.wav,_ずぃずぃずずぃぞずぃ,,0,vcv,44100,1,4.187120,true,true,
はるかぜちゃん,春音ハナ,連続音A,_ずずぞずざず.wav,research/data/raw/reference/utau-samples/はるかぜちゃん/連続音A/_ずずぞずざず.wav,_ずずぞずざず,,0,vcv,44100,1,4.187120,true,true,
はるかぜちゃん,春音ハナ,連続音A,_せせすぃせすせ.wav,research/data/raw/reference/utau-samples/はるかぜちゃん/連続音A/_せせすぃせすせ.wav,_せせすぃせすせ,- せ,6,vcv,44100,1,4.187120,true,true,
はるかぜちゃん,春音ハナ,連続音A,_ぜぜずぃぜずぜ.wav,research/data/raw/reference/utau-samples/はるかぜちゃん/連続音A/_ぜぜずぃぜずぜ.wav,_ぜぜずぃぜずぜ,,0,vcv,44100,1,4.249615,true,true,
はるかぜちゃん,春音ハナ,連続音A,_そそさそせそ.wav,research/data/raw/reference/utau-samples/はるかぜちゃん/連続音A/_そそさそせそ.wav,_そそさそせそ,- そ,6,vcv,44100,1,4.187120,true,true,
はるかぜちゃん,春音ハナ,連続音A,_ぞぞざぞぜぞ.wav,research/data/raw/reference/utau-samples/はるかぜちゃん/連続音A/_ぞぞざぞぜぞ.wav,_ぞぞざぞぜぞ,,0,vcv,44100,1,4.187120,true,true,
はるかぜちゃん,春音ハナ,連続音A,_たたてたてぃた.wav,research/data/raw/reference/utau-samples/はるかぜちゃん/連続音A/_たたてたてぃた.wav,_たたてたてぃた,- た,6,vcv,44100,1,4.187120,true,true,
はるかぜちゃん,春音ハナ,連続音A,_だだでだでぃだ.wav,research/data/raw/reference/utau-samples/はるかぜちゃん/連続音A/_だだでだでぃだ.wav,_だだでだでぃだ,,0,vcv,44100,1,4.187120,true,true,
はるかぜちゃん,春音ハナ,連続音A,_ちぇちぇちちぇちゅちぇ.wav,research/data/raw/reference/utau-samples/はるかぜちゃん/連続音A/_ちぇちぇちちぇちゅちぇ.wav,_ちぇちぇちちぇちゅちぇ,- ちぇ,6,vcv,44100,1,4.187120,true,true,
はるかぜちゃん,春音ハナ,連続音A,_ちちちゅちちょち.wav,research/data/raw/reference/utau-samples/はるかぜちゃん/連続音A/_ちちちゅちちょち.wav,_ちちちゅちちょち,- ち,6,vcv,44100,1,4.187120,true,true,
はるかぜちゃん,春音ハナ,連続音A,_ちゃちゃちぇちゃちちゃ.wav,research/data/raw/reference/utau-samples/はるかぜちゃん/連続音A/_ちゃちゃちぇちゃちちゃ.wav,_ちゃちゃちぇちゃちちゃ,- ちゃ,6,vcv,44100,1,4.124626,true,true,
はるかぜちゃん,春音ハナ,連続音A,_ちゅちゅちょちゅちゃちゅ.wav,research/data/raw/reference/utau-samples/はるかぜちゃん/連続音A/_ちゅちゅちょちゅちゃちゅ.wav,_ちゅちゅちょちゅちゃちゅ,- ちゅ,6,vcv,44100,1,4.187120,true,true,
はるかぜちゃん,春音ハナ,連続音A,_ちょちょちゃちょちぇちょ.wav,research/data/raw/reference/utau-samples/はるかぜちゃん/連続音A/_ちょちょちゃちょちぇちょ.wav,_ちょちょちゃちょちぇちょ,- ちょ,6,vcv,44100,1,4.249615,true,true,
はるかぜちゃん,春音ハナ,連続音A,_つぁつぁつぇつぁつぃつぁ.wav,research/data/raw/reference/utau-samples/はるかぜちゃん/連続音A/_つぁつぁつぇつぁつぃつぁ.wav,_つぁつぁつぇつぁつぃつぁ,- つぁ,6,vcv,44100,1,4.187120,true,true,
はるかぜちゃん,春音ハナ,連続音A,_つぃつぃつつぃつぉつぃ.wav,research/data/raw/reference/utau-samples/はるかぜちゃん/連続音A/_つぃつぃつつぃつぉつぃ.wav,_つぃつぃつつぃつぉつぃ,- つぃ,6,vcv,44100,1,4.187120,true,true,
はるかぜちゃん,春音ハナ,連続音A,_つぇつぇつぃつぇつつぇ.wav,research/data/raw/reference/utau-samples/はるかぜちゃん/連続音A/_つぇつぇつぃつぇつつぇ.wav,_つぇつぇつぃつぇつつぇ,- つぇ,6,vcv,44100,1,4.187120,true,true,
はるかぜちゃん,春音ハナ,連続音A,_つぉつぉつぁつぉつぇつぉ.wav,research/data/raw/reference/utau-samples/はるかぜちゃん/連続音A/_つぉつぉつぁつぉつぇつぉ.wav,_つぉつぉつぁつぉつぇつぉ,- つぉ,6,vcv,44100,1,4.187120,true,true,
はるかぜちゃん,春音ハナ,連続音A,_つつつぉつつぁつ.wav,research/data/raw/reference/utau-samples/はるかぜちゃん/連続音A/_つつつぉつつぁつ.wav,_つつつぉつつぁつ,- つ,6,vcv,44100,1,4.187120,true,true,
はるかぜちゃん,春音ハナ,連続音A,_てぃてぃとぅてぃとてぃ.wav,research/data/raw/reference/utau-samples/はるかぜちゃん/連続音A/_てぃてぃとぅてぃとてぃ.wav,_てぃてぃとぅてぃとてぃ,- てぃ,6,vcv,44100,1,4.187120,true,true,
はるかぜちゃん,春音ハナ,連続音A,_てててぃてとぅて.wav,research/data/raw/reference/utau-samples/はるかぜちゃん/連続音A/_てててぃてとぅて.wav,_てててぃてとぅて,- て,6,vcv,44100,1,4.187120,true,true,
はるかぜちゃん,春音ハナ,連続音A,_でぃでぃどぅでぃどでぃ.wav,research/data/raw/reference/utau-samples/はるかぜちゃん/連続音A/_でぃでぃどぅでぃどでぃ.wav,_でぃでぃどぅでぃどでぃ,,0,vcv,44100,1,4.124626,true,true,
はるかぜちゃん,春音ハナ,連続音A,_でででぃでどぅで.wav,research/data/raw/reference/utau-samples/はるかぜちゃん/連続音A/_でででぃでどぅで.wav,_でででぃでどぅで,,0,vcv,44100,1,4.187120,true,true,
はるかぜちゃん,春音ハナ,連続音A,_とぅとぅととぅたとぅ.wav,research/data/raw/reference/utau-samples/はるかぜちゃん/連続音A/_とぅとぅととぅたとぅ.wav,_とぅとぅととぅたとぅ,- とぅ,6,vcv,44100,1,4.187120,true,true,
はるかぜちゃん,春音ハナ,連続音A,_ととたとてと.wav,research/data/raw/reference/utau-samples/はるかぜちゃん/連続音A/_ととたとてと.wav,_ととたとてと,- と,6,vcv,44100,1,4.124626,true,true,
はるかぜちゃん,春音ハナ,連続音A,_どぅどぅどどぅだどぅ.wav,research/data/raw/reference/utau-samples/はるかぜちゃん/連続音A/_どぅどぅどどぅだどぅ.wav,_どぅどぅどどぅだどぅ,,0,vcv,44100,1,4.249615,true,true,
はるかぜちゃん,春音ハナ,連続音A,_どどだどでど.wav,research/data/raw/reference/utau-samples/はるかぜちゃん/連続音A/_どどだどでど.wav,_どどだどでど,,0,vcv,44100,1,4.249615,true,true,
はるかぜちゃん,春音ハナ,連続音A,_ななねなにな.wav,research/data/raw/reference/utau-samples/はるかぜちゃん/連続音A/_ななねなにな.wav,_ななねなにな,- な,6,vcv,44100,1,4.187120,true,true,
はるかぜちゃん,春音ハナ,連続音A,_にぇにぇににぇにゅにぇ.wav,research/data/raw/reference/utau-samples/はるかぜちゃん/連続音A/_にぇにぇににぇにゅにぇ.wav,_にぇにぇににぇにゅにぇ,- にぇ,6,vcv,44100,1,4.124626,true,true,
はるかぜちゃん,春音ハナ,連続音A,_にににゅににょに.wav,research/data/raw/reference/utau-samples/はるかぜちゃん/連続音A/_にににゅににょに.wav,_にににゅににょに,- に,6,vcv,44100,1,4.124626,true,true,
はるかぜちゃん,春音ハナ,連続音A,_ににぬにのに.wav,research/data/raw/reference/utau-samples/はるかぜちゃん/連続音A/_ににぬにのに.wav,_ににぬにのに,i ぬ,2,vcv,44100,1,4.187120,true,true,
はるかぜちゃん,春音ハナ,連続音A,_にゃにゃにぇにゃににゃ.wav,research/data/raw/reference/utau-samples/はるかぜちゃん/連続音A/_にゃにゃにぇにゃににゃ.wav,_にゃにゃにぇにゃににゃ,- にゃ,5,vcv,44100,1,4.124626,true,true,
はるかぜちゃん,春音ハナ,連続音A,_にゅにゅにょにゅにゃにゅ.wav,research/data/raw/reference/utau-samples/はるかぜちゃん/連続音A/_にゅにゅにょにゅにゃにゅ.wav,_にゅにゅにょにゅにゃにゅ,- にゅ,6,vcv,44100,1,4.124626,true,true,
はるかぜちゃん,春音ハナ,連続音A,_にょにょにゃにょにぇにょ.wav,research/data/raw/reference/utau-samples/はるかぜちゃん/連続音A/_にょにょにゃにょにぇにょ.wav,_にょにょにゃにょにぇにょ,- にょ,6,vcv,44100,1,4.187120,true,true,
はるかぜちゃん,春音ハナ,連続音A,_ぬぬのぬなぬ.wav,research/data/raw/reference/utau-samples/はるかぜちゃん/連続音A/_ぬぬのぬなぬ.wav,_ぬぬのぬなぬ,- ぬ,6,vcv,44100,1,4.187120,true,true,
はるかぜちゃん,春音ハナ,連続音A,_ねねにねぬね.wav,research/data/raw/reference/utau-samples/はるかぜちゃん/連続音A/_ねねにねぬね.wav,_ねねにねぬね,- ね,5,vcv,44100,1,4.187120,true,true,
はるかぜちゃん,春音ハナ,連続音A,_ののなのねの.wav,research/data/raw/reference/utau-samples/はるかぜちゃん/連続音A/_ののなのねの.wav,_ののなのねの,- の,6,vcv,44100,1,4.187120,true,true,
はるかぜちゃん,春音ハナ,連続音A,_ははへはひは.wav,research/data/raw/reference/utau-samples/はるかぜちゃん/連続音A/_ははへはひは.wav,_ははへはひは,- は,6,vcv,44100,1,4.187120,true,true,
はるかぜちゃん,春音ハナ,連続音A,_ばばべばびば.wav,research/data/raw/reference/utau-samples/はるかぜちゃん/連続音A/_ばばべばびば.wav,_ばばべばびば,,0,vcv,44100,1,4.187120,true,true,
はるかぜちゃん,春音ハナ,連続音A,_ぱぱぺぱぴぱ.wav,research/data/raw/reference/utau-samples/はるかぜちゃん/連続音A/_ぱぱぺぱぴぱ.wav,_ぱぱぺぱぴぱ,,0,vcv,44100,1,4.187120,true,true,
はるかぜちゃん,春音ハナ,連続音A,_ひぇひぇひひぇひゅひぇ.wav,research/data/raw/reference/utau-samples/はるかぜちゃん/連続音A/_ひぇひぇひひぇひゅひぇ.wav,_ひぇひぇひひぇひゅひぇ,- ひぇ,6,vcv,44100,1,4.187120,true,true,
はるかぜちゃん,春音ハナ,連続音A,_ひひひゅひひょひ.wav,research/data/raw/reference/utau-samples/はるかぜちゃん/連続音A/_ひひひゅひひょひ.wav,_ひひひゅひひょひ,- ひ,6,vcv,44100,1,4.187120,true,true,
はるかぜちゃん,春音ハナ,連続音A,_ひひふひほひ.wav,research/data/raw/reference/utau-samples/はるかぜちゃん/連続音A/_ひひふひほひ.wav,_ひひふひほひ,i ふ,2,vcv,44100,1,4.187120,true,true,
はるかぜちゃん,春音ハナ,連続音A,_ひゃひゃひぇひゃひひゃ.wav,research/data/raw/reference/utau-samples/はるかぜちゃん/連続音A/_ひゃひゃひぇひゃひひゃ.wav,_ひゃひゃひぇひゃひひゃ,- ひゃ,5,vcv,44100,1,4.124626,true,true,
はるかぜちゃん,春音ハナ,連続音A,_ひゅひゅひょひゅひゃひゅ.wav,research/data/raw/reference/utau-samples/はるかぜちゃん/連続音A/_ひゅひゅひょひゅひゃひゅ.wav,_ひゅひゅひょひゅひゃひゅ,- ひゅ,6,vcv,44100,1,4.249615,true,true,
はるかぜちゃん,春音ハナ,連続音A,_ひょひょひゃひょひぇひょ.wav,research/data/raw/reference/utau-samples/はるかぜちゃん/連続音A/_ひょひょひゃひょひぇひょ.wav,_ひょひょひゃひょひぇひょ,- ひょ,6,vcv,44100,1,4.187120,true,true,
はるかぜちゃん,春音ハナ,連続音A,_びぇびぇびびぇびゅびぇ.wav,research/data/raw/reference/utau-samples/はるかぜちゃん/連続音A/_びぇびぇびびぇびゅびぇ.wav,_びぇびぇびびぇびゅびぇ,,0,vcv,44100,1,4.187120,true,true,
はるかぜちゃん,春音ハナ,連続音A,_びびびゅびびょび.wav,research/data/raw/reference/utau-samples/はるかぜちゃん/連続音A/_びびびゅびびょび.wav,_びびびゅびびょび,,0,vcv,44100,1,4.187120,true,true,
はるかぜちゃん,春音ハナ,連続音A,_びびぶびぼび.wav,research/data/raw/reference/utau-samples/はるかぜちゃん/連続音A/_びびぶびぼび.wav,_びびぶびぼび,,0,vcv,44100,1,4.187120,true,true,
はるかぜちゃん,春音ハナ,連続音A,_びゃびゃびぇびゃびびゃ.wav,research/data/raw/reference/utau-samples/はるかぜちゃん/連続音A/_びゃびゃびぇびゃびびゃ.wav,_びゃびゃびぇびゃびびゃ,,0,vcv,44100,1,4.124626,true,true,
はるかぜちゃん,春音ハナ,連続音A,_びゅびゅびょびゅびゃびゅ.wav,research/data/raw/reference/utau-samples/はるかぜちゃん/連続音A/_びゅびゅびょびゅびゃびゅ.wav,_びゅびゅびょびゅびゃびゅ,,0,vcv,44100,1,4.187120,true,true,
はるかぜちゃん,春音ハナ,連続音A,_びょびょびゃびょびぇびょ.wav,research/data/raw/reference/utau-samples/はるかぜちゃん/連続音A/_びょびょびゃびょびぇびょ.wav,_びょびょびゃびょびぇびょ,,0,vcv,44100,1,4.187120,true,true,
はるかぜちゃん,春音ハナ,連続音A,_ぴぇぴぇぴぴぇぴゅぴぇ.wav,research/data/raw/reference/utau-samples/はるかぜちゃん/連続音A/_ぴぇぴぇぴぴぇぴゅぴぇ.wav,_ぴぇぴぇぴぴぇぴゅぴぇ,,0,vcv,44100,1,4.187120,true,true,
はるかぜちゃん,春音ハナ,連続音A,_ぴぴぴゅぴぴょぴ.wav,research/data/raw/reference/utau-samples/はるかぜちゃん/連続音A/_ぴぴぴゅぴぴょぴ.wav,_ぴぴぴゅぴぴょぴ,,0,vcv,44100,1,4.187120,true,true,
はるかぜちゃん,春音ハナ,連続音A,_ぴぴぷぴぽぴ.wav,research/data/raw/reference/utau-samples/はるかぜちゃん/連続音A/_ぴぴぷぴぽぴ.wav,_ぴぴぷぴぽぴ,,0,vcv,44100,1,4.124626,true,true,
はるかぜちゃん,春音ハナ,連続音A,_ぴゃぴゃぴぇぴゃぴぴゃ.wav,research/data/raw/reference/utau-samples/はるかぜちゃん/連続音A/_ぴゃぴゃぴぇぴゃぴぴゃ.wav,_ぴゃぴゃぴぇぴゃぴぴゃ,,0,vcv,44100,1,4.187120,true,true,
はるかぜちゃん,春音ハナ,連続音A,_ぴゅぴゅぴょぴゅぴゃぴゅ.wav,research/data/raw/reference/utau-samples/はるかぜちゃん/連続音A/_ぴゅぴゅぴょぴゅぴゃぴゅ.wav,_ぴゅぴゅぴょぴゅぴゃぴゅ,,0,vcv,44100,1,4.187120,true,true,
はるかぜちゃん,春音ハナ,連続音A,_ぴょぴょぴゃぴょぴぇぴょ.wav,research/data/raw/reference/utau-samples/はるかぜちゃん/連続音A/_ぴょぴょぴゃぴょぴぇぴょ.wav,_ぴょぴょぴゃぴょぴぇぴょ,,0,vcv,44100,1,4.249615,true,true,
はるかぜちゃん,春音ハナ,連続音A,_ふぁふぁふぇふぁふぃふぁ.wav,research/data/raw/reference/utau-samples/はるかぜちゃん/連続音A/_ふぁふぁふぇふぁふぃふぁ.wav,_ふぁふぁふぇふぁふぃふぁ,- ふぁ,6,vcv,44100,1,4.124626,true,true,
はるかぜちゃん,春音ハナ,連続音A,_ふぃふぃふふぃふぉふぃ.wav,research/data/raw/reference/utau-samples/はるかぜちゃん/連続音A/_ふぃふぃふふぃふぉふぃ.wav,_ふぃふぃふふぃふぉふぃ,- ふぃ,5,vcv,44100,1,4.249615,true,true,
はるかぜちゃん,春音ハナ,連続音A,_ふぇふぇふぃふぇふふぇ.wav,research/data/raw/reference/utau-samples/はるかぜちゃん/連続音A/_ふぇふぇふぃふぇふふぇ.wav,_ふぇふぇふぃふぇふふぇ,- ふぇ,6,vcv,44100,1,4.124626,true,true,
はるかぜちゃん,春音ハナ,連続音A,_ふぉふぉふぁふぉふぇふぉ.wav,research/data/raw/reference/utau-samples/はるかぜちゃん/連続音A/_ふぉふぉふぁふぉふぇふぉ.wav,_ふぉふぉふぁふぉふぇふぉ,- ふぉ,6,vcv,44100,1,4.187120,true,true,
はるかぜちゃん,春音ハナ,連続音A,_ふふふぉふふぁふ.wav,research/data/raw/reference/utau-samples/はるかぜちゃん/連続音A/_ふふふぉふふぁふ.wav,_ふふふぉふふぁふ,- ふ,6,vcv,44100,1,4.249615,true,true,
はるかぜちゃん,春音ハナ,連続音A,_ふふほふはふ.wav,research/data/raw/reference/utau-samples/はるかぜちゃん/連続音A/_ふふほふはふ.wav,_ふふほふはふ,u ほ,2,vcv,44100,1,4.249615,true,true,
はるかぜちゃん,春音ハナ,連続音A,_ぶぶぼぶばぶ.wav,research/data/raw/reference/utau-samples/はるかぜちゃん/連続音A/_ぶぶぼぶばぶ.wav,_ぶぶぼぶばぶ,,0,vcv,44100,1,4.187120,true,true,
はるかぜちゃん,春音ハナ,連続音A,_ぷぷぽぷぱぷ.wav,research/data/raw/reference/utau-samples/はるかぜちゃん/連続音A/_ぷぷぽぷぱぷ.wav,_ぷぷぽぷぱぷ,,0,vcv,44100,1,4.124626,true,true,
はるかぜちゃん,春音ハナ,連続音A,_へへひへふへ.wav,research/data/raw/reference/utau-samples/はるかぜちゃん/連続音A/_へへひへふへ.wav,_へへひへふへ,- へ,4,vcv,44100,1,4.187120,true,true,
はるかぜちゃん,春音ハナ,連続音A,_べべびべぶべ.wav,research/data/raw/reference/utau-samples/はるかぜちゃん/連続音A/_べべびべぶべ.wav,_べべびべぶべ,,0,vcv,44100,1,4.187120,true,true,
はるかぜちゃん,春音ハナ,連続音A,_ぺぺぴぺぷぺ.wav,research/data/raw/reference/utau-samples/はるかぜちゃん/連続音A/_ぺぺぴぺぷぺ.wav,_ぺぺぴぺぷぺ,,0,vcv,44100,1,4.124626,true,true,
はるかぜちゃん,春音ハナ,連続音A,_ほほはほへほ.wav,research/data/raw/reference/utau-samples/はるかぜちゃん/連続音A/_ほほはほへほ.wav,_ほほはほへほ,- ほ,6,vcv,44100,1,4.124626,true,true,
はるかぜちゃん,春音ハナ,連続音A,_ぼぼばぼべぼ.wav,research/data/raw/reference/utau-samples/はるかぜちゃん/連続音A/_ぼぼばぼべぼ.wav,_ぼぼばぼべぼ,,0,vcv,44100,1,4.187120,true,true,
はるかぜちゃん,春音ハナ,連続音A,_ぽぽぱぽぺぽ.wav,research/data/raw/reference/utau-samples/はるかぜちゃん/連続音A/_ぽぽぱぽぺぽ.wav,_ぽぽぱぽぺぽ,,0,vcv,44100,1,4.249615,true,true,
はるかぜちゃん,春音ハナ,連続音A,_ままめまみま.wav,research/data/raw/reference/utau-samples/はるかぜちゃん/連続音A/_ままめまみま.wav,_ままめまみま,- ま,6,vcv,44100,1,4.124626,true,true,
はるかぜちゃん,春音ハナ,連続音A,_みぇみぇみみぇみゅみぇ.wav,research/data/raw/reference/utau-samples/はるかぜちゃん/連続音A/_みぇみぇみみぇみゅみぇ.wav,_みぇみぇみみぇみゅみぇ,- みぇ,6,vcv,44100,1,4.124626,true,true,
はるかぜちゃん,春音ハナ,連続音A,_みみみゅみみょみ.wav,research/data/raw/reference/utau-samples/はるかぜちゃん/連続音A/_みみみゅみみょみ.wav,_みみみゅみみょみ,- み,6,vcv,44100,1,4.187120,true,true,
はるかぜちゃん,春音ハナ,連続音A,_みみむみもみ.wav,research/data/raw/reference/utau-samples/はるかぜちゃん/連続音A/_みみむみもみ.wav,_みみむみもみ,i む,2,vcv,44100,1,4.187120,true,true,
はるかぜちゃん,春音ハナ,連続音A,_みゃみゃみぇみゃみみゃ.wav,research/data/raw/reference/utau-samples/はるかぜちゃん/連続音A/_みゃみゃみぇみゃみみゃ.wav,_みゃみゃみぇみゃみみゃ,- みゃ,5,vcv,44100,1,4.187120,true,true,
はるかぜちゃん,春音ハナ,連続音A,_みゅみゅみょみゅみゃみゅ.wav,research/data/raw/reference/utau-samples/はるかぜちゃん/連続音A/_みゅみゅみょみゅみゃみゅ.wav,_みゅみゅみょみゅみゃみゅ,- みゅ,6,vcv,44100,1,4.124626,true,true,
はるかぜちゃん,春音ハナ,連続音A,_みょみょみゃみょみぇみょ.wav,research/data/raw/reference/utau-samples/はるかぜちゃん/連続音A/_みょみょみゃみょみぇみょ.wav,_みょみょみゃみょみぇみょ,- みょ,6,vcv,44100,1,4.187120,true,true,
はるかぜちゃん,春音ハナ,連続音A,_むむもむまむ.wav,research/data/raw/reference/utau-samples/はるかぜちゃん/連続音A/_むむもむまむ.wav,_むむもむまむ,- む,6,vcv,44100,1,4.249615,true,true,
はるかぜちゃん,春音ハナ,連続音A,_めめみめむめ.wav,research/data/raw/reference/utau-samples/はるかぜちゃん/連続音A/_めめみめむめ.wav,_めめみめむめ,- め,5,vcv,44100,1,4.187120,true,true,
はるかぜちゃん,春音ハナ,連続音A,_ももまもめも.wav,research/data/raw/reference/utau-samples/はるかぜちゃん/連続音A/_ももまもめも.wav,_ももまもめも,- も,6,vcv,44100,1,4.187120,true,true,
はるかぜちゃん,春音ハナ,連続音A,_ややいぇやいや.wav,research/data/raw/reference/utau-samples/はるかぜちゃん/連続音A/_ややいぇやいや.wav,_ややいぇやいや,- や,5,vcv,44100,1,4.187120,true,true,
はるかぜちゃん,春音ハナ,連続音A,_ゆゆよゆやゆ.wav,research/data/raw/reference/utau-samples/はるかぜちゃん/連続音A/_ゆゆよゆやゆ.wav,_ゆゆよゆやゆ,- ゆ,6,vcv,44100,1,4.249615,true,true,
はるかぜちゃん,春音ハナ,連続音A,_よよやよいぇよ.wav,research/data/raw/reference/utau-samples/はるかぜちゃん/連続音A/_よよやよいぇよ.wav,_よよやよいぇよ,- よ,6,vcv,44100,1,4.187120,true,true,
はるかぜちゃん,春音ハナ,連続音A,_らられらりら.wav,research/data/raw/reference/utau-samples/はるかぜちゃん/連続音A/_らられらりら.wav,_らられらりら,- ら,6,vcv,44100,1,4.187120,true,true,
はるかぜちゃん,春音ハナ,連続音A,_りぇりぇりりぇりゅりぇ.wav,research/data/raw/reference/utau-samples/はるかぜちゃん/連続音A/_りぇりぇりりぇりゅりぇ.wav,_りぇりぇりりぇりゅりぇ,- りぇ,6,vcv,44100,1,4.187120,true,true,
はるかぜちゃん,春音ハナ,連続音A,_りゃりゃりぇりゃりりゃ.wav,research/data/raw/reference/utau-samples/はるかぜちゃん/連続音A/_りゃりゃりぇりゃりりゃ.wav,_りゃりゃりぇりゃりりゃ,- りゃ,5,vcv,44100,1,4.124626,true,true,
はるかぜちゃん,春音ハナ,連続音A,_りゅりゅりょりゅりゃりゅ.wav,research/data/raw/reference/utau-samples/はるかぜちゃん/連続音A/_りゅりゅりょりゅりゃりゅ.wav,_りゅりゅりょりゅりゃりゅ,- りゅ,6,vcv,44100,1,4.187120,true,true,
はるかぜちゃん,春音ハナ,連続音A,_りょりょりゃりょりぇりょ.wav,research/data/raw/reference/utau-samples/はるかぜちゃん/連続音A/_りょりょりゃりょりぇりょ.wav,_りょりょりゃりょりぇりょ,- りょ,6,vcv,44100,1,4.249615,true,true,
はるかぜちゃん,春音ハナ,連続音A,_りりりゅりりょり.wav,research/data/raw/reference/utau-samples/はるかぜちゃん/連続音A/_りりりゅりりょり.wav,_りりりゅりりょり,- り,6,vcv,44100,1,4.124626,true,true,
はるかぜちゃん,春音ハナ,連続音A,_りりるりろり.wav,research/data/raw/reference/utau-samples/はるかぜちゃん/連続音A/_りりるりろり.wav,_りりるりろり,i る,2,vcv,44100,1,4.124626,true,true,
はるかぜちゃん,春音ハナ,連続音A,_るるろるらる.wav,research/data/raw/reference/utau-samples/はるかぜちゃん/連続音A/_るるろるらる.wav,_るるろるらる,- る,6,vcv,44100,1,4.124626,true,true,
はるかぜちゃん,春音ハナ,連続音A,_れれりれるれ.wav,research/data/raw/reference/utau-samples/はるかぜちゃん/連続音A/_れれりれるれ.wav,_れれりれるれ,- れ,5,vcv,44100,1,4.187120,true,true,
はるかぜちゃん,春音ハナ,連続音A,_ろろらろれろ.wav,research/data/raw/reference/utau-samples/はるかぜちゃん/連続音A/_ろろらろれろ.wav,_ろろらろれろ,- ろ,6,vcv,44100,1,4.249615,true,true,
はるかぜちゃん,春音ハナ,連続音A,_わわうぇわうぃわ.wav,research/data/raw/reference/utau-samples/はるかぜちゃん/連続音A/_わわうぇわうぃわ.wav,_わわうぇわうぃわ,- わ,6,vcv,44100,1,4.124626,true,true,
はるかぜちゃん,春音ハナ,連続音A,_んあんいんう.wav,research/data/raw/reference/utau-samples/はるかぜちゃん/連続音A/_んあんいんう.wav,_んあんいんう,- ん,5,vcv,44100,1,4.124626,true,true,
はるかぜちゃん,春音ハナ,連続音A,_んいんゆんよ.wav,research/data/raw/reference/utau-samples/はるかぜちゃん/連続音A/_んいんゆんよ.wav,_んいんゆんよ,n ゆ,3,vcv,44100,1,4.124626,true,true,
はるかぜちゃん,春音ハナ,連続音A,_んうぃんうんうぉ.wav,research/data/raw/reference/utau-samples/はるかぜちゃん/連続音A/_んうぃんうんうぉ.wav,_んうぃんうんうぉ,n うぃ,3,vcv,44100,1,4.187120,true,true,
はるかぜちゃん,春音ハナ,連続音A,_んえんおんん.wav,research/data/raw/reference/utau-samples/はるかぜちゃん/連続音A/_んえんおんん.wav,_んえんおんん,n え,6,vcv,44100,1,4.124626,true,true,
はるかぜちゃん,春音ハナ,連続音A,_んかんけんき.wav,research/data/raw/reference/utau-samples/はるかぜちゃん/連続音A/_んかんけんき.wav,_んかんけんき,n か,3,vcv,44100,1,4.187120,true,true,
はるかぜちゃん,春音ハナ,連続音A,_んがんげんぎ.wav,research/data/raw/reference/utau-samples/はるかぜちゃん/連続音A/_んがんげんぎ.wav,_んがんげんぎ,,0,vcv,44100,1,4.187120,true,true,
はるかぜちゃん,春音ハナ,連続音A,_んきゃんきぇんき.wav,research/data/raw/reference/utau-samples/はるかぜちゃん/連続音A/_んきゃんきぇんき.wav,_んきゃんきぇんき,n きゃ,2,vcv,44100,1,4.187120,true,true,
はるかぜちゃん,春音ハナ,連続音A,_んきんきゅんきょ.wav,research/data/raw/reference/utau-samples/はるかぜちゃん/連続音A/_んきんきゅんきょ.wav,_んきんきゅんきょ,n きゅ,2,vcv,44100,1,4.249615,true,true,
はるかぜちゃん,春音ハナ,連続音A,_んきんくんこ.wav,research/data/raw/reference/utau-samples/はるかぜちゃん/連続音A/_んきんくんこ.wav,_んきんくんこ,n く,2,vcv,44100,1,4.124626,true,true,
はるかぜちゃん,春音ハナ,連続音A,_んぎゃんぎぇんぎ.wav,research/data/raw/reference/utau-samples/はるかぜちゃん/連続音A/_んぎゃんぎぇんぎ.wav,_んぎゃんぎぇんぎ,,0,vcv,44100,1,4.124626,true,true,
はるかぜちゃん,春音ハナ,連続音A,_んぎんぎゅんぎょ.wav,research/data/raw/reference/utau-samples/はるかぜちゃん/連続音A/_んぎんぎゅんぎょ.wav,_んぎんぎゅんぎょ,,0,vcv,44100,1,4.187120,true,true,
はるかぜちゃん,春音ハナ,連続音A,_んぎんぐんご.wav,research/data/raw/reference/utau-samples/はるかぜちゃん/連続音A/_んぎんぐんご.wav,_んぎんぐんご,,0,vcv,44100,1,4.249615,true,true,
はるかぜちゃん,春音ハナ,連続音A,_んさんせんすぃ.wav,research/data/raw/reference/utau-samples/はるかぜちゃん/連続音A/_んさんせんすぃ.wav,_んさんせんすぃ,n さ,3,vcv,44100,1,4.187120,true,true,
はるかぜちゃん,春音ハナ,連続音A,_んざんぜんずぃ.wav,research/data/raw/reference/utau-samples/はるかぜちゃん/連続音A/_んざんぜんずぃ.wav,_んざんぜんずぃ,,0,vcv,44100,1,4.249615,true,true,
はるかぜちゃん,春音ハナ,連続音A,_んしゃんしぇんし.wav,research/data/raw/reference/utau-samples/はるかぜちゃん/連続音A/_んしゃんしぇんし.wav,_んしゃんしぇんし,n しゃ,3,vcv,44100,1,4.249615,true,true,
はるかぜちゃん,春音ハナ,連続音A,_んしんしゅんしょ.wav,research/data/raw/reference/utau-samples/はるかぜちゃん/連続音A/_んしんしゅんしょ.wav,_んしんしゅんしょ,n しゅ,2,vcv,44100,1,4.187120,true,true,
はるかぜちゃん,春音ハナ,連続音A,_んじゃんじぇんじ.wav,research/data/raw/reference/utau-samples/はるかぜちゃん/連続音A/_んじゃんじぇんじ.wav,_んじゃんじぇんじ,,0,vcv,44100,1,4.187120,true,true,
はるかぜちゃん,春音ハナ,連続音A,_んじんじゅんじょ.wav,research/data/raw/reference/utau-samples/はるかぜちゃん/連続音A/_んじんじゅんじょ.wav,_んじんじゅんじょ,,0,vcv,44100,1,4.187120,true,true,
はるかぜちゃん,春音ハナ,連続音A,_んすぃんすんそ.wav,research/data/raw/reference/utau-samples/はるかぜちゃん/連続音A/_んすぃんすんそ.wav,_んすぃんすんそ,n す,2,vcv,44100,1,4.124626,true,true,
はるかぜちゃん,春音ハナ,連続音A,_んずぃんずんぞ.wav,research/data/raw/reference/utau-samples/はるかぜちゃん/連続音A/_んずぃんずんぞ.wav,_んずぃんずんぞ,,0,vcv,44100,1,4.187120,true,true,
はるかぜちゃん,春音ハナ,連続音A,_んたんてんてぃ.wav,research/data/raw/reference/utau-samples/はるかぜちゃん/連続音A/_んたんてんてぃ.wav,_んたんてんてぃ,n た,3,vcv,44100,1,4.187120,true,true,
はるかぜちゃん,春音ハナ,連続音A,_んだんでんでぃ.wav,research/data/raw/reference/utau-samples/はるかぜちゃん/連続音A/_んだんでんでぃ.wav,_んだんでんでぃ,,0,vcv,44100,1,4.183991,true,true,
はるかぜちゃん,春音ハナ,連続音A,_んちゃんちぇんち.wav,research/data/raw/reference/utau-samples/はるかぜちゃん/連続音A/_んちゃんちぇんち.wav,_んちゃんちぇんち,n ちゃ,3,vcv,44100,1,4.187120,true,true,
はるかぜちゃん,春音ハナ,連続音A,_んちんちゅんちょ.wav,research/data/raw/reference/utau-samples/はるかぜちゃん/連続音A/_んちんちゅんちょ.wav,_んちんちゅんちょ,n ちゅ,2,vcv,44100,1,4.187120,true,true,
はるかぜちゃん,春音ハナ,連続音A,_んつぁんつぇんつぃ.wav,research/data/raw/reference/utau-samples/はるかぜちゃん/連続音A/_んつぁんつぇんつぃ.wav,_んつぁんつぇんつぃ,n つぁ,3,vcv,44100,1,4.187120,true,true,
はるかぜちゃん,春音ハナ,連続音A,_んつぃんつんつぉ.wav,research/data/raw/reference/utau-samples/はるかぜちゃん/連続音A/_んつぃんつんつぉ.wav,_んつぃんつんつぉ,n つ,2,vcv,44100,1,4.249615,true,true,
はるかぜちゃん,春音ハナ,連続音A,_んてぃんとぅんと.wav,research/data/raw/reference/utau-samples/はるかぜちゃん/連続音A/_んてぃんとぅんと.wav,_んてぃんとぅんと,n とぅ,2,vcv,44100,1,4.249615,true,true,
はるかぜちゃん,春音ハナ,連続音A,_んでぃんどぅんど.wav,research/data/raw/reference/utau-samples/はるかぜちゃん/連続音A/_んでぃんどぅんど.wav,_んでぃんどぅんど,,0,vcv,44100,1,4.124626,true,true,
はるかぜちゃん,春音ハナ,連続音A,_んなんねんに.wav,research/data/raw/reference/utau-samples/はるかぜちゃん/連続音A/_んなんねんに.wav,_んなんねんに,n な,3,vcv,44100,1,4.187120,true,true,
はるかぜちゃん,春音ハナ,連続音A,_んにゃんにぇんに.wav,research/data/raw/reference/utau-samples/はるかぜちゃん/連続音A/_んにゃんにぇんに.wav,_んにゃんにぇんに,n にゃ,2,vcv,44100,1,4.249615,true,true,
はるかぜちゃん,春音ハナ,連続音A,_んにんにゅんにょ.wav,research/data/raw/reference/utau-samples/はるかぜちゃん/連続音A/_んにんにゅんにょ.wav,_んにんにゅんにょ,n にゅ,2,vcv,44100,1,4.187120,true,true,
はるかぜちゃん,春音ハナ,連続音A,_んにんぬんの.wav,research/data/raw/reference/utau-samples/はるかぜちゃん/連続音A/_んにんぬんの.wav,_んにんぬんの,n ぬ,2,vcv,44100,1,4.126259,true,true,
はるかぜちゃん,春音ハナ,連続音A,_んはんへんひ.wav,research/data/raw/reference/utau-samples/はるかぜちゃん/連続音A/_んはんへんひ.wav,_んはんへんひ,n は,3,vcv,44100,1,4.124626,true,true,
はるかぜちゃん,春音ハナ,連続音A,_んばんべんび.wav,research/data/raw/reference/utau-samples/はるかぜちゃん/連続音A/_んばんべんび.wav,_んばんべんび,,0,vcv,44100,1,4.187120,true,true,
はるかぜちゃん,春音ハナ,連続音A,_んぱんぺんぴ.wav,research/data/raw/reference/utau-samples/はるかぜちゃん/連続音A/_んぱんぺんぴ.wav,_んぱんぺんぴ,,0,vcv,44100,1,4.249615,true,true,
はるかぜちゃん,春音ハナ,連続音A,_んひゃんひぇんひ.wav,research/data/raw/reference/utau-samples/はるかぜちゃん/連続音A/_んひゃんひぇんひ.wav,_んひゃんひぇんひ,n ひゃ,2,vcv,44100,1,4.187120,true,true,
はるかぜちゃん,春音ハナ,連続音A,_んひんひゅんひょ.wav,research/data/raw/reference/utau-samples/はるかぜちゃん/連続音A/_んひんひゅんひょ.wav,_んひんひゅんひょ,n ひゅ,2,vcv,44100,1,4.249615,true,true,
はるかぜちゃん,春音ハナ,連続音A,_んひんふんほ.wav,research/data/raw/reference/utau-samples/はるかぜちゃん/連続音A/_んひんふんほ.wav,_んひんふんほ,n ふ,2,vcv,44100,1,4.249615,true,true,
はるかぜちゃん,春音ハナ,連続音A,_んびゃんびぇんび.wav,research/data/raw/reference/utau-samples/はるかぜちゃん/連続音A/_んびゃんびぇんび.wav,_んびゃんびぇんび,,0,vcv,44100,1,4.187120,true,true,
はるかぜちゃん,春音ハナ,連続音A,_んびんびゅんびょ.wav,research/data/raw/reference/utau-samples/はるかぜちゃん/連続音A/_んびんびゅんびょ.wav,_んびんびゅんびょ,,0,vcv,44100,1,4.249615,true,true,
はるかぜちゃん,春音ハナ,連続音A,_んびんぶんぼ.wav,research/data/raw/reference/utau-samples/はるかぜちゃん/連続音A/_んびんぶんぼ.wav,_んびんぶんぼ,,0,vcv,44100,1,4.249615,true,true,
はるかぜちゃん,春音ハナ,連続音A,_んぴゃんぴぇんぴ.wav,research/data/raw/reference/utau-samples/はるかぜちゃん/連続音A/_んぴゃんぴぇんぴ.wav,_んぴゃんぴぇんぴ,,0,vcv,44100,1,4.249615,true,true,
はるかぜちゃん,春音ハナ,連続音A,_んぴんぴゅんぴょ.wav,research/data/raw/reference/utau-samples/はるかぜちゃん/連続音A/_んぴんぴゅんぴょ.wav,_んぴんぴゅんぴょ,,0,vcv,44100,1,4.249615,true,true,
はるかぜちゃん,春音ハナ,連続音A,_んぴんぷんぽ.wav,research/data/raw/reference/utau-samples/はるかぜちゃん/連続音A/_んぴんぷんぽ.wav,_んぴんぷんぽ,,0,vcv,44100,1,4.187120,true,true,
はるかぜちゃん,春音ハナ,連続音A,_んふぁんふぇんふぃ.wav,research/data/raw/reference/utau-samples/はるかぜちゃん/連続音A/_んふぁんふぇんふぃ.wav,_んふぁんふぇんふぃ,n ふぁ,3,vcv,44100,1,4.249615,true,true,
はるかぜちゃん,春音ハナ,連続音A,_んふぃんふんふぉ.wav,research/data/raw/reference/utau-samples/はるかぜちゃん/連続音A/_んふぃんふんふぉ.wav,_んふぃんふんふぉ,n ふぉ,1,vcv,44100,1,4.187120,true,true,
はるかぜちゃん,春音ハナ,連続音A,_んまんめんみ.wav,research/data/raw/reference/utau-samples/はるかぜちゃん/連続音A/_んまんめんみ.wav,_んまんめんみ,n ま,3,vcv,44100,1,4.124626,true,true,
はるかぜちゃん,春音ハナ,連続音A,_んみゃんみぇんみ.wav,research/data/raw/reference/utau-samples/はるかぜちゃん/連続音A/_んみゃんみぇんみ.wav,_んみゃんみぇんみ,n みゃ,2,vcv,44100,1,4.187120,true,true,
はるかぜちゃん,春音ハナ,連続音A,_んみんみゅんみょ.wav,research/data/raw/reference/utau-samples/はるかぜちゃん/連続音A/_んみんみゅんみょ.wav,_んみんみゅんみょ,n みゅ,2,vcv,44100,1,4.187120,true,true,
はるかぜちゃん,春音ハナ,連続音A,_んみんむんも.wav,research/data/raw/reference/utau-samples/はるかぜちゃん/連続音A/_んみんむんも.wav,_んみんむんも,n む,2,vcv,44100,1,4.187120,true,true,
はるかぜちゃん,春音ハナ,連続音A,_んやんいぇんい.wav,research/data/raw/reference/utau-samples/はるかぜちゃん/連続音A/_んやんいぇんい.wav,_んやんいぇんい,n や,2,vcv,44100,1,4.249615,true,true,
はるかぜちゃん,春音ハナ,連続音A,_んらんれんり.wav,research/data/raw/reference/utau-samples/はるかぜちゃん/連続音A/_んらんれんり.wav,_んらんれんり,n ら,3,vcv,44100,1,4.187120,true,true,
はるかぜちゃん,春音ハナ,連続音A,_んりゃんりぇんり.wav,research/data/raw/reference/utau-samples/はるかぜちゃん/連続音A/_んりゃんりぇんり.wav,_んりゃんりぇんり,n りゃ,2,vcv,44100,1,4.124626,true,true,
はるかぜちゃん,春音ハナ,連続音A,_んりんりゅんりょ.wav,research/data/raw/reference/utau-samples/はるかぜちゃん/連続音A/_んりんりゅんりょ.wav,_んりんりゅんりょ,n りゅ,2,vcv,44100,1,4.124626,true,true,
はるかぜちゃん,春音ハナ,連続音A,_んりんるんろ.wav,research/data/raw/reference/utau-samples/はるかぜちゃん/連続音A/_んりんるんろ.wav,_んりんるんろ,n る,2,vcv,44100,1,4.187120,true,true,
はるかぜちゃん,春音ハナ,連続音A,_んわんうぇんうぃ.wav,research/data/raw/reference/utau-samples/はるかぜちゃん/連続音A/_んわんうぇんうぃ.wav,_んわんうぇんうぃ,n わ,2,vcv,44100,1,4.187120,true,true,
ろん,天羽ソラtypeLON,単独音,あ.wav,research/data/raw/reference/utau-samples/ろん/単独音/あ.wav,あ,,1,vowel,44100,1,1.802336,true,true,
ろん,天羽ソラtypeLON,単独音,い.wav,research/data/raw/reference/utau-samples/ろん/単独音/い.wav,い,,1,vowel,44100,1,1.835488,true,true,
ろん,天羽ソラtypeLON,単独音,いぇ.wav,research/data/raw/reference/utau-samples/ろん/単独音/いぇ.wav,いぇ,,1,cv,44100,1,1.385397,true,true,
ろん,天羽ソラtypeLON,単独音,う.wav,research/data/raw/reference/utau-samples/ろん/単独音/う.wav,う,,1,vowel,44100,1,1.405170,true,true,
ろん,天羽ソラtypeLON,単独音,うぃ.wav,research/data/raw/reference/utau-samples/ろん/単独音/うぃ.wav,うぃ,,1,cv,44100,1,1.252222,true,true,
ろん,天羽ソラtypeLON,単独音,うぇ.wav,research/data/raw/reference/utau-samples/ろん/単独音/うぇ.wav,うぇ,,1,cv,44100,1,1.353560,true,true,
ろん,天羽ソラtypeLON,単独音,え.wav,research/data/raw/reference/utau-samples/ろん/単独音/え.wav,え,,1,vowel,44100,1,1.668980,true,true,
ろん,天羽ソラtypeLON,単独音,お.wav,research/data/raw/reference/utau-samples/ろん/単独音/お.wav,お,を,2,vowel,44100,1,1.716984,true,true,
ろん,天羽ソラtypeLON,単独音,か.wav,research/data/raw/reference/utau-samples/ろん/単独音/か.wav,か,,1,cv,44100,1,1.578141,true,true,
ろん,天羽ソラtypeLON,単独音,が.wav,research/data/raw/reference/utau-samples/ろん/単独音/が.wav,が,,0,cv,44100,1,1.365374,true,true,
ろん,天羽ソラtypeLON,単独音,き.wav,research/data/raw/reference/utau-samples/ろん/単独音/き.wav,き,,1,cv,44100,1,2.052426,true,true,
ろん,天羽ソラtypeLON,単独音,きぇ.wav,research/data/raw/reference/utau-samples/ろん/単独音/きぇ.wav,きぇ,,1,cv,44100,1,1.559841,true,true,
ろん,天羽ソラtypeLON,単独音,きゃ.wav,research/data/raw/reference/utau-samples/ろん/単独音/きゃ.wav,きゃ,,1,cv,44100,1,1.433175,true,true,
ろん,天羽ソラtypeLON,単独音,きゅ.wav,research/data/raw/reference/utau-samples/ろん/単独音/きゅ.wav,きゅ,,1,cv,44100,1,1.885556,true,true,
ろん,天羽ソラtypeLON,単独音,きょ.wav,research/data/raw/reference/utau-samples/ろん/単独音/きょ.wav,きょ,,1,cv,44100,1,1.733560,true,true,
ろん,天羽ソラtypeLON,単独音,ぎ.wav,research/data/raw/reference/utau-samples/ろん/単独音/ぎ.wav,ぎ,,0,cv,44100,1,2.206893,true,true,
ろん,天羽ソラtypeLON,単独音,ぎぇ.wav,research/data/raw/reference/utau-samples/ろん/単独音/ぎぇ.wav,ぎぇ,,0,cv,44100,1,1.411474,true,true,
ろん,天羽ソラtypeLON,単独音,ぎゃ.wav,research/data/raw/reference/utau-samples/ろん/単独音/ぎゃ.wav,ぎゃ,,0,cv,44100,1,1.223061,true,true,
ろん,天羽ソラtypeLON,単独音,ぎゅ.wav,research/data/raw/reference/utau-samples/ろん/単独音/ぎゅ.wav,ぎゅ,,0,cv,44100,1,1.785578,true,true,
ろん,天羽ソラtypeLON,単独音,ぎょ.wav,research/data/raw/reference/utau-samples/ろん/単独音/ぎょ.wav,ぎょ,,0,cv,44100,1,1.480703,true,true,
ろん,天羽ソラtypeLON,単独音,く.wav,research/data/raw/reference/utau-samples/ろん/単独音/く.wav,く,,1,cv,44100,1,1.921950,true,true,
ろん,天羽ソラtypeLON,単独音,くぁ.wav,research/data/raw/reference/utau-samples/ろん/単独音/くぁ.wav,くぁ,,1,cv,44100,1,1.679274,true,true,
ろん,天羽ソラtypeLON,単独音,くぃ.wav,research/data/raw/reference/utau-samples/ろん/単独音/くぃ.wav,くぃ,,1,cv,44100,1,1.368027,true,true,
ろん,天羽ソラtypeLON,単独音,くぇ.wav,research/data/raw/reference/utau-samples/ろん/単独音/くぇ.wav,くぇ,,1,cv,44100,1,1.429546,true,true,
ろん,天羽ソラtypeLON,単独音,くぉ.wav,research/data/raw/reference/utau-samples/ろん/単独音/くぉ.wav,くぉ,,1,cv,44100,1,1.534512,true,true,
ろん,天羽ソラtypeLON,単独音,ぐ.wav,research/data/raw/reference/utau-samples/ろん/単独音/ぐ.wav,ぐ,,0,cv,44100,1,1.935669,true,true,
ろん,天羽ソラtypeLON,単独音,ぐぁ.wav,research/data/raw/reference/utau-samples/ろん/単独音/ぐぁ.wav,ぐぁ,,0,cv,44100,1,1.672041,true,true,
ろん,天羽ソラtypeLON,単独音,ぐぃ.wav,research/data/raw/reference/utau-samples/ろん/単独音/ぐぃ.wav,ぐぃ,,0,cv,44100,1,1.541769,true,true,
ろん,天羽ソラtypeLON,単独音,ぐぇ.wav,research/data/raw/reference/utau-samples/ろん/単独音/ぐぇ.wav,ぐぇ,,0,cv,44100,1,1.516417,true,true,
ろん,天羽ソラtypeLON,単独音,ぐぉ.wav,research/data/raw/reference/utau-samples/ろん/単独音/ぐぉ.wav,ぐぉ,,0,cv,44100,1,1.990522,true,true,
ろん,天羽ソラtypeLON,単独音,け.wav,research/data/raw/reference/utau-samples/ろん/単独音/け.wav,け,,1,cv,44100,1,2.095850,true,true,
ろん,天羽ソラtypeLON,単独音,げ.wav,research/data/raw/reference/utau-samples/ろん/単独音/げ.wav,げ,,0,cv,44100,1,1.841383,true,true,
ろん,天羽ソラtypeLON,単独音,こ.wav,research/data/raw/reference/utau-samples/ろん/単独音/こ.wav,こ,,1,cv,44100,1,1.722902,true,true,
ろん,天羽ソラtypeLON,単独音,ご.wav,research/data/raw/reference/utau-samples/ろん/単独音/ご.wav,ご,,0,cv,44100,1,1.657551,true,true,
ろん,天羽ソラtypeLON,単独音,さ.wav,research/data/raw/reference/utau-samples/ろん/単独音/さ.wav,さ,,1,cv,44100,1,1.563469,true,true,
ろん,天羽ソラtypeLON,単独音,ざ.wav,research/data/raw/reference/utau-samples/ろん/単独音/ざ.wav,ざ,,0,cv,44100,1,1.472971,true,true,
ろん,天羽ソラtypeLON,単独音,し.wav,research/data/raw/reference/utau-samples/ろん/単独音/し.wav,し,,1,cv,44100,1,1.914512,true,true,
ろん,天羽ソラtypeLON,単独音,しぇ.wav,research/data/raw/reference/utau-samples/ろん/単独音/しぇ.wav,しぇ,,1,cv,44100,1,1.795079,true,true,
ろん,天羽ソラtypeLON,単独音,しゃ.wav,research/data/raw/reference/utau-samples/ろん/単独音/しゃ.wav,しゃ,,1,cv,44100,1,1.816803,true,true,
ろん,天羽ソラtypeLON,単独音,しゅ.wav,research/data/raw/reference/utau-samples/ろん/単独音/しゅ.wav,しゅ,,1,cv,44100,1,2.026712,true,true,
ろん,天羽ソラtypeLON,単独音,しょ.wav,research/data/raw/reference/utau-samples/ろん/単独音/しょ.wav,しょ,,1,cv,44100,1,1.834898,true,true,
ろん,天羽ソラtypeLON,単独音,じ.wav,research/data/raw/reference/utau-samples/ろん/単独音/じ.wav,じ,,0,cv,44100,1,2.114512,true,true,
ろん,天羽ソラtypeLON,単独音,じぇ.wav,research/data/raw/reference/utau-samples/ろん/単独音/じぇ.wav,じぇ,,0,cv,44100,1,1.393379,true,true,
ろん,天羽ソラtypeLON,単独音,じゃ.wav,research/data/raw/reference/utau-samples/ろん/単独音/じゃ.wav,じゃ,,0,cv,44100,1,1.208798,true,true,
ろん,天羽ソラtypeLON,単独音,じゅ.wav,research/data/raw/reference/utau-samples/ろん/単独音/じゅ.wav,じゅ,,0,cv,44100,1,1.353560,true,true,
ろん,天羽ソラtypeLON,単独音,じょ.wav,research/data/raw/reference/utau-samples/ろん/単独音/じょ.wav,じょ,,0,cv,44100,1,1.295646,true,true,
ろん,天羽ソラtypeLON,単独音,す.wav,research/data/raw/reference/utau-samples/ろん/単独音/す.wav,す,,1,cv,44100,1,2.028413,true,true,
ろん,天羽ソラtypeLON,単独音,すぃ.wav,research/data/raw/reference/utau-samples/ろん/単独音/すぃ.wav,すぃ,,1,cv,44100,1,1.165351,true,true,
ろん,天羽ソラtypeLON,単独音,ず.wav,research/data/raw/reference/utau-samples/ろん/単独音/ず.wav,ず,,0,cv,44100,1,2.277370,true,true,
ろん,天羽ソラtypeLON,単独音,ずぃ.wav,research/data/raw/reference/utau-samples/ろん/単独音/ずぃ.wav,ずぃ,,0,cv,44100,1,1.726327,true,true,
ろん,天羽ソラtypeLON,単独音,せ.wav,research/data/raw/reference/utau-samples/ろん/単独音/せ.wav,せ,,1,cv,44100,1,1.977574,true,true,
ろん,天羽ソラtypeLON,単独音,ぜ.wav,research/data/raw/reference/utau-samples/ろん/単独音/ぜ.wav,ぜ,,0,cv,44100,1,1.930136,true,true,
ろん,天羽ソラtypeLON,単独音,そ.wav,research/data/raw/reference/utau-samples/ろん/単独音/そ.wav,そ,,1,cv,44100,1,1.972426,true,true,
ろん,天羽ソラtypeLON,単独音,ぞ.wav,research/data/raw/reference/utau-samples/ろん/単独音/ぞ.wav,ぞ,,0,cv,44100,1,1.614898,true,true,
ろん,天羽ソラtypeLON,単独音,た.wav,research/data/raw/reference/utau-samples/ろん/単独音/た.wav,た,,1,cv,44100,1,1.881565,true,true,
ろん,天羽ソラtypeLON,単独音,だ.wav,research/data/raw/reference/utau-samples/ろん/単独音/だ.wav,だ,,0,cv,44100,1,1.657574,true,true,
ろん,天羽ソラtypeLON,単独音,ち.wav,research/data/raw/reference/utau-samples/ろん/単独音/ち.wav,ち,,1,cv,44100,1,1.979478,true,true,
ろん,天羽ソラtypeLON,単独音,ちぇ.wav,research/data/raw/reference/utau-samples/ろん/単独音/ちぇ.wav,ちぇ,,1,cv,44100,1,1.802336,true,true,
ろん,天羽ソラtypeLON,単独音,ちゃ.wav,research/data/raw/reference/utau-samples/ろん/単独音/ちゃ.wav,ちゃ,,1,cv,44100,1,1.585193,true,true,
ろん,天羽ソラtypeLON,単独音,ちゅ.wav,research/data/raw/reference/utau-samples/ろん/単独音/ちゅ.wav,ちゅ,,1,cv,44100,1,2.294512,true,true,
ろん,天羽ソラtypeLON,単独音,ちょ.wav,research/data/raw/reference/utau-samples/ろん/単独音/ちょ.wav,ちょ,,1,cv,44100,1,1.588798,true,true,
ろん,天羽ソラtypeLON,単独音,ぢ.wav,research/data/raw/reference/utau-samples/ろん/単独音/ぢ.wav,ぢ,,0,cv,44100,1,1.799660,true,true,
ろん,天羽ソラtypeLON,単独音,ぢぇ.wav,research/data/raw/reference/utau-samples/ろん/単独音/ぢぇ.wav,ぢぇ,,0,cv,44100,1,1.538141,true,true,
ろん,天羽ソラtypeLON,単独音,ぢゃ.wav,research/data/raw/reference/utau-samples/ろん/単独音/ぢゃ.wav,ぢゃ,,0,cv,44100,1,1.415079,true,true,
ろん,天羽ソラtypeLON,単独音,ぢゅ.wav,research/data/raw/reference/utau-samples/ろん/単独音/ぢゅ.wav,ぢゅ,,0,cv,44100,1,1.407846,true,true,
ろん,天羽ソラtypeLON,単独音,ぢょ.wav,research/data/raw/reference/utau-samples/ろん/単独音/ぢょ.wav,ぢょ,,0,cv,44100,1,1.064014,true,true,
ろん,天羽ソラtypeLON,単独音,つ.wav,research/data/raw/reference/utau-samples/ろん/単独音/つ.wav,つ,,1,cv,44100,1,1.894127,true,true,
ろん,天羽ソラtypeLON,単独音,つぁ.wav,research/data/raw/reference/utau-samples/ろん/単独音/つぁ.wav,つぁ,,1,cv,44100,1,1.197937,true,true,
ろん,天羽ソラtypeLON,単独音,つぃ.wav,research/data/raw/reference/utau-samples/ろん/単独音/つぃ.wav,つぃ,,1,cv,44100,1,1.585170,true,true,
ろん,天羽ソラtypeLON,単独音,つぇ.wav,research/data/raw/reference/utau-samples/ろん/単独音/つぇ.wav,つぇ,,1,cv,44100,1,1.704603,true,true,
ろん,天羽ソラtypeLON,単独音,つぉ.wav,research/data/raw/reference/utau-samples/ろん/単独音/つぉ.wav,つぉ,,1,cv,44100,1,1.834898,true,true,
ろん,天羽ソラtypeLON,単独音,づ.wav,research/data/raw/reference/utau-samples/ろん/単独音/づ.wav,づ,,0,cv,44100,1,1.897370,true,true,
ろん,天羽ソラtypeLON,単独音,づぁ.wav,research/data/raw/reference/utau-samples/ろん/単独音/づぁ.wav,づぁ,,0,cv,44100,1,1.487460,true,true,
ろん,天羽ソラtypeLON,単独音,づぃ.wav,research/data/raw/reference/utau-samples/ろん/単独音/づぃ.wav,づぃ,,0,cv,44100,1,1.436780,true,true,
ろん,天羽ソラtypeLON,単独音,づぇ.wav,research/data/raw/reference/utau-samples/ろん/単独音/づぇ.wav,づぇ,,0,cv,44100,1,1.719093,true,true,
ろん,天羽ソラtypeLON,単独音,づぉ.wav,research/data/raw/reference/utau-samples/ろん/単独音/づぉ.wav,づぉ,,0,cv,44100,1,1.889184,true,true,
ろん,天羽ソラtypeLON,単独音,て.wav,research/data/raw/reference/utau-samples/ろん/単独音/て.wav,て,,1,cv,44100,1,1.682336,true,true,
ろん,天羽ソラtypeLON,単独音,てぃ.wav,research/data/raw/reference/utau-samples/ろん/単独音/てぃ.wav,てぃ,,1,cv,44100,1,1.664785,true,true,
ろん,天羽ソラtypeLON,単独音,てゅ.wav,research/data/raw/reference/utau-samples/ろん/単独音/てゅ.wav,てゅ,,1,cv,44100,1,1.849388,true,true,
ろん,天羽ソラtypeLON,単独音,で.wav,research/data/raw/reference/utau-samples/ろん/単独音/で.wav,で,,0,cv,44100,1,1.631270,true,true,
ろん,天羽ソラtypeLON,単独音,でぃ.wav,research/data/raw/reference/utau-samples/ろん/単独音/でぃ.wav,でぃ,,0,cv,44100,1,1.845760,true,true,
ろん,天羽ソラtypeLON,単独音,でゅ.wav,research/data/raw/reference/utau-samples/ろん/単独音/でゅ.wav,でゅ,,0,cv,44100,1,1.664807,true,true,
ろん,天羽ソラtypeLON,単独音,と.wav,research/data/raw/reference/utau-samples/ろん/単独音/と.wav,と,,1,cv,44100,1,1.913946,true,true,
ろん,天羽ソラtypeLON,単独音,とぅ.wav,research/data/raw/reference/utau-samples/ろん/単独音/とぅ.wav,とぅ,,1,cv,44100,1,1.610499,true,true,
ろん,天羽ソラtypeLON,単独音,ど.wav,research/data/raw/reference/utau-samples/ろん/単独音/ど.wav,ど,,0,cv,44100,1,1.891655,true,true,
ろん,天羽ソラtypeLON,単独音,どぅ.wav,research/data/raw/reference/utau-samples/ろん/単独音/どぅ.wav,どぅ,,0,cv,44100,1,1.776984,true,true,
ろん,天羽ソラtypeLON,単独音,な.wav,research/data/raw/reference/utau-samples/ろん/単独音/な.wav,な,,1,cv,44100,1,1.795079,true,true,
ろん,天羽ソラtypeLON,単独音,に.wav,research/data/raw/reference/utau-samples/ろん/単独音/に.wav,に,,1,cv,44100,1,2.023107,true,true,
ろん,天羽ソラtypeLON,単独音,にぇ.wav,research/data/raw/reference/utau-samples/ろん/単独音/にぇ.wav,にぇ,,1,cv,44100,1,1.592426,true,true,
ろん,天羽ソラtypeLON,単独音,にゃ.wav,research/data/raw/reference/utau-samples/ろん/単独音/にゃ.wav,にゃ,,1,cv,44100,1,1.596032,true,true,
ろん,天羽ソラtypeLON,単独音,にゅ.wav,research/data/raw/reference/utau-samples/ろん/単独音/にゅ.wav,にゅ,,1,cv,44100,1,1.270317,true,true,
ろん,天羽ソラtypeLON,単独音,にょ.wav,research/data/raw/reference/utau-samples/ろん/単独音/にょ.wav,にょ,,1,cv,44100,1,1.744422,true,true,
ろん,天羽ソラtypeLON,単独音,ぬ.wav,research/data/raw/reference/utau-samples/ろん/単独音/ぬ.wav,ぬ,,1,cv,44100,1,2.051859,true,true,
ろん,天羽ソラtypeLON,単独音,ね.wav,research/data/raw/reference/utau-samples/ろん/単独音/ね.wav,ね,,1,cv,44100,1,1.729751,true,true,
ろん,天羽ソラtypeLON,単独音,の.wav,research/data/raw/reference/utau-samples/ろん/単独音/の.wav,の,,1,cv,44100,1,1.738707,true,true,
ろん,天羽ソラtypeLON,単独音,は.wav,research/data/raw/reference/utau-samples/ろん/単独音/は.wav,は,,1,cv,44100,1,1.518889,true,true,
ろん,天羽ソラtypeLON,単独音,ば.wav,research/data/raw/reference/utau-samples/ろん/単独音/ば.wav,ば,,0,cv,44100,1,1.726327,true,true,
ろん,天羽ソラtypeLON,単独音,ぱ.wav,research/data/raw/reference/utau-samples/ろん/単独音/ぱ.wav,ぱ,,0,cv,44100,1,2.085578,true,true,
ろん,天羽ソラtypeLON,単独音,ひ.wav,research/data/raw/reference/utau-samples/ろん/単独音/ひ.wav,ひ,,1,cv,44100,1,1.715465,true,true,
ろん,天羽ソラtypeLON,単独音,ひぇ.wav,research/data/raw/reference/utau-samples/ろん/単独音/ひぇ.wav,ひぇ,,1,cv,44100,1,1.545374,true,true,
ろん,天羽ソラtypeLON,単独音,ひゃ.wav,research/data/raw/reference/utau-samples/ろん/単独音/ひゃ.wav,ひゃ,,1,cv,44100,1,1.679274,true,true,
ろん,天羽ソラtypeLON,単独音,ひゅ.wav,research/data/raw/reference/utau-samples/ろん/単独音/ひゅ.wav,ひゅ,,1,cv,44100,1,1.469365,true,true,
ろん,天羽ソラtypeLON,単独音,ひょ.wav,research/data/raw/reference/utau-samples/ろん/単独音/ひょ.wav,ひょ,,1,cv,44100,1,1.871088,true,true,
ろん,天羽ソラtypeLON,単独音,び.wav,research/data/raw/reference/utau-samples/ろん/単独音/び.wav,び,,0,cv,44100,1,1.552608,true,true,
ろん,天羽ソラtypeLON,単独音,びぇ.wav,research/data/raw/reference/utau-samples/ろん/単独音/びぇ.wav,びぇ,,0,cv,44100,1,1.353560,true,true,
ろん,天羽ソラtypeLON,単独音,びゃ.wav,research/data/raw/reference/utau-samples/ろん/単独音/びゃ.wav,びゃ,,0,cv,44100,1,1.357188,true,true,
ろん,天羽ソラtypeLON,単独音,びゅ.wav,research/data/raw/reference/utau-samples/ろん/単独音/びゅ.wav,びゅ,,0,cv,44100,1,1.067664,true,true,
ろん,天羽ソラtypeLON,単独音,びょ.wav,research/data/raw/reference/utau-samples/ろん/単独音/びょ.wav,びょ,,0,cv,44100,1,1.237755,true,true,
ろん,天羽ソラtypeLON,単独音,ぴ.wav,research/data/raw/reference/utau-samples/ろん/単独音/ぴ.wav,ぴ,,0,cv,44100,1,1.784218,true,true,
ろん,天羽ソラtypeLON,単独音,ぴぇ.wav,research/data/raw/reference/utau-samples/ろん/単独音/ぴぇ.wav,ぴぇ,,0,cv,44100,1,1.610522,true,true,
ろん,天羽ソラtypeLON,単独音,ぴゃ.wav,research/data/raw/reference/utau-samples/ろん/単独音/ぴゃ.wav,ぴゃ,,0,cv,44100,1,1.183447,true,true,
ろん,天羽ソラtypeLON,単独音,ぴゅ.wav,research/data/raw/reference/utau-samples/ろん/単独音/ぴゅ.wav,ぴゅ,,0,cv,44100,1,1.382517,true,true,
ろん,天羽ソラtypeLON,単独音,ぴょ.wav,research/data/raw/reference/utau-samples/ろん/単独音/ぴょ.wav,ぴょ,,0,cv,44100,1,1.339070,true,true,
ろん,天羽ソラtypeLON,単独音,ふ.wav,research/data/raw/reference/utau-samples/ろん/単独音/ふ.wav,ふ,,1,cv,44100,1,2.073741,true,true,
ろん,天羽ソラtypeLON,単独音,ふぁ.wav,research/data/raw/reference/utau-samples/ろん/単独音/ふぁ.wav,ふぁ,,1,cv,44100,1,1.740794,true,true,
ろん,天羽ソラtypeLON,単独音,ふぃ.wav,research/data/raw/reference/utau-samples/ろん/単独音/ふぃ.wav,ふぃ,,1,cv,44100,1,1.520023,true,true,
ろん,天羽ソラtypeLON,単独音,ふぇ.wav,research/data/raw/reference/utau-samples/ろん/単独音/ふぇ.wav,ふぇ,,1,cv,44100,1,1.816803,true,true,
ろん,天羽ソラtypeLON,単独音,ふぉ.wav,research/data/raw/reference/utau-samples/ろん/単独音/ふぉ.wav,ふぉ,,1,cv,44100,1,1.711859,true,true,
ろん,天羽ソラtypeLON,単独音,ぶ.wav,research/data/raw/reference/utau-samples/ろん/単独音/ぶ.wav,ぶ,,0,cv,44100,1,1.842132,true,true,
ろん,天羽ソラtypeLON,単独音,ぷ.wav,research/data/raw/reference/utau-samples/ろん/単独音/ぷ.wav,ぷ,,0,cv,44100,1,1.654898,true,true,
ろん,天羽ソラtypeLON,単独音,へ.wav,research/data/raw/reference/utau-samples/ろん/単独音/へ.wav,へ,,1,cv,44100,1,1.664785,true,true,
ろん,天羽ソラtypeLON,単独音,べ.wav,research/data/raw/reference/utau-samples/ろん/単独音/べ.wav,べ,,0,cv,44100,1,1.722721,true,true,
ろん,天羽ソラtypeLON,単独音,ぺ.wav,research/data/raw/reference/utau-samples/ろん/単独音/ぺ.wav,ぺ,,0,cv,44100,1,1.875669,true,true,
ろん,天羽ソラtypeLON,単独音,ほ.wav,research/data/raw/reference/utau-samples/ろん/単独音/ほ.wav,ほ,,1,cv,44100,1,2.001361,true,true,
ろん,天羽ソラtypeLON,単独音,ぼ.wav,research/data/raw/reference/utau-samples/ろん/単独音/ぼ.wav,ぼ,,0,cv,44100,1,1.900045,true,true,
ろん,天羽ソラtypeLON,単独音,ぽ.wav,research/data/raw/reference/utau-samples/ろん/単独音/ぽ.wav,ぽ,,0,cv,44100,1,1.907279,true,true,
ろん,天羽ソラtypeLON,単独音,ま.wav,research/data/raw/reference/utau-samples/ろん/単独音/ま.wav,ま,,1,cv,44100,1,1.436803,true,true,
ろん,天羽ソラtypeLON,単独音,み.wav,research/data/raw/reference/utau-samples/ろん/単独音/み.wav,み,,1,cv,44100,1,2.023107,true,true,
ろん,天羽ソラtypeLON,単独音,みぇ.wav,research/data/raw/reference/utau-samples/ろん/単独音/みぇ.wav,みぇ,,1,cv,44100,1,1.480227,true,true,
ろん,天羽ソラtypeLON,単独音,みゃ.wav,research/data/raw/reference/utau-samples/ろん/単独音/みゃ.wav,みゃ,,1,cv,44100,1,1.422313,true,true,
ろん,天羽ソラtypeLON,単独音,みゅ.wav,research/data/raw/reference/utau-samples/ろん/単独音/みゅ.wav,みゅ,,1,cv,44100,1,1.491088,true,true,
ろん,天羽ソラtypeLON,単独音,みょ.wav,research/data/raw/reference/utau-samples/ろん/単独音/みょ.wav,みょ,,1,cv,44100,1,1.480227,true,true,
ろん,天羽ソラtypeLON,単独音,む.wav,research/data/raw/reference/utau-samples/ろん/単独音/む.wav,む,,1,cv,44100,1,2.160612,true,true,
ろん,天羽ソラtypeLON,単独音,め.wav,research/data/raw/reference/utau-samples/ろん/単独音/め.wav,め,,1,cv,44100,1,1.472993,true,true,
ろん,天羽ソラtypeLON,単独音,も.wav,research/data/raw/reference/utau-samples/ろん/単独音/も.wav,も,,1,cv,44100,1,1.976032,true,true,
ろん,天羽ソラtypeLON,単独音,や.wav,research/data/raw/reference/utau-samples/ろん/単独音/や.wav,や,,1,cv,44100,1,1.596054,true,true,
ろん,天羽ソラtypeLON,単独音,ゆ.wav,research/data/raw/reference/utau-samples/ろん/単独音/ゆ.wav,ゆ,,1,cv,44100,1,1.588798,true,true,
ろん,天羽ソラtypeLON,単独音,よ.wav,research/data/raw/reference/utau-samples/ろん/単独音/よ.wav,よ,,1,cv,44100,1,1.787868,true,true,
ろん,天羽ソラtypeLON,単独音,ら.wav,research/data/raw/reference/utau-samples/ろん/単独音/ら.wav,ら,,1,cv,44100,1,1.273923,true,true,
ろん,天羽ソラtypeLON,単独音,り.wav,research/data/raw/reference/utau-samples/ろん/単独音/り.wav,り,,1,cv,44100,1,1.878322,true,true,
ろん,天羽ソラtypeLON,単独音,りぇ.wav,research/data/raw/reference/utau-samples/ろん/単独音/りぇ.wav,りぇ,,1,cv,44100,1,1.527256,true,true,
ろん,天羽ソラtypeLON,単独音,りゃ.wav,research/data/raw/reference/utau-samples/ろん/単独音/りゃ.wav,りゃ,,1,cv,44100,1,1.396984,true,true,
ろん,天羽ソラtypeLON,単独音,りゅ.wav,research/data/raw/reference/utau-samples/ろん/単独音/りゅ.wav,りゅ,,1,cv,44100,1,1.702268,true,true,
ろん,天羽ソラtypeLON,単独音,りょ.wav,research/data/raw/reference/utau-samples/ろん/単独音/りょ.wav,りょ,,1,cv,44100,1,1.702245,true,true,
ろん,天羽ソラtypeLON,単独音,る.wav,research/data/raw/reference/utau-samples/ろん/単独音/る.wav,る,,1,cv,44100,1,1.570703,true,true,
ろん,天羽ソラtypeLON,単独音,れ.wav,research/data/raw/reference/utau-samples/ろん/単独音/れ.wav,れ,,1,cv,44100,1,1.686508,true,true,
ろん,天羽ソラtypeLON,単独音,ろ.wav,research/data/raw/reference/utau-samples/ろん/単独音/ろ.wav,ろ,,1,cv,44100,1,1.462132,true,true,
ろん,天羽ソラtypeLON,単独音,わ.wav,research/data/raw/reference/utau-samples/ろん/単独音/わ.wav,わ,,1,cv,44100,1,1.943447,true,true,
ろん,天羽ソラtypeLON,単独音,ん.wav,research/data/raw/reference/utau-samples/ろん/単独音/ん.wav,ん,,1,cv,44100,1,1.816803,true,true,
ろん,天羽ソラtypeLON,単独音,ヴ.wav,research/data/raw/reference/utau-samples/ろん/単独音/ヴ.wav,ヴ,,0,cv,44100,1,1.498322,true,true,
ろん,天羽ソラtypeLON,単独音,ヴぁ.wav,research/data/raw/reference/utau-samples/ろん/単独音/ヴぁ.wav,ヴぁ,,0,cv,44100,1,1.491088,true,true,
ろん,天羽ソラtypeLON,単独音,ヴぃ.wav,research/data/raw/reference/utau-samples/ろん/単独音/ヴぃ.wav,ヴぃ,,0,cv,44100,1,1.331837,true,true,
ろん,天羽ソラtypeLON,単独音,ヴぇ.wav,research/data/raw/reference/utau-samples/ろん/単独音/ヴぇ.wav,ヴぇ,,0,cv,44100,1,1.664807,true,true,
ろん,天羽ソラtypeLON,単独音,ヴぉ.wav,research/data/raw/reference/utau-samples/ろん/単独音/ヴぉ.wav,ヴぉ,,0,cv,44100,1,1.628617,true,true,
ろん,天羽ソラtypeLON,子音,g'1.wav,research/data/raw/reference/utau-samples/ろん/子音/g'1.wav,g'1,,0,cv,44100,1,0.024717,false,false,
ろん,天羽ソラtypeLON,子音,g'2.wav,research/data/raw/reference/utau-samples/ろん/子音/g'2.wav,g'2,,0,cv,44100,1,0.032494,false,false,
ろん,天羽ソラtypeLON,子音,g1.wav,research/data/raw/reference/utau-samples/ろん/子音/g1.wav,g1,,0,cv,44100,1,0.019773,false,false,
ろん,天羽ソラtypeLON,子音,g2.wav,research/data/raw/reference/utau-samples/ろん/子音/g2.wav,g2,,0,cv,44100,1,0.009093,false,false,
ろん,天羽ソラtypeLON,子音,k'1.wav,research/data/raw/reference/utau-samples/ろん/子音/k'1.wav,k'1,,0,cv,44100,1,0.092426,false,false,
ろん,天羽ソラtypeLON,子音,k'2.wav,research/data/raw/reference/utau-samples/ろん/子音/k'2.wav,k'2,,0,cv,44100,1,0.019955,false,false,
ろん,天羽ソラtypeLON,子音,k1.wav,research/data/raw/reference/utau-samples/ろん/子音/k1.wav,k1,,0,cv,44100,1,0.025102,false,false,
ろん,天羽ソラtypeLON,子音,k2.wav,research/data/raw/reference/utau-samples/ろん/子音/k2.wav,k2,,0,cv,44100,1,0.034376,false,false,
ろん,天羽ソラtypeLON,連続音,_あめうぇりゃえしょ.wav,research/data/raw/reference/utau-samples/ろん/連続音/_あめうぇりゃえしょ.wav,_あめうぇりゃえしょ,- あ,6,vcv,44100,1,4.356122,true,true,
ろん,天羽ソラtypeLON,連続音,_いうぁんヴぃちゅん.wav,research/data/raw/reference/utau-samples/ろん/連続音/_いうぁんヴぃちゅん.wav,_いうぁんヴぃちゅん,,0,vcv,44100,1,4.405624,true,true,
ろん,天羽ソラtypeLON,連続音,_いくんぎぇいう.wav,research/data/raw/reference/utau-samples/ろん/連続音/_いくんぎぇいう.wav,_いくんぎぇいう,,0,vcv,44100,1,4.552449,true,true,
ろん,天羽ソラtypeLON,連続音,_いざんひどん.wav,research/data/raw/reference/utau-samples/ろん/連続音/_いざんひどん.wav,_いざんひどん,,0,vcv,44100,1,4.389206,true,true,
ろん,天羽ソラtypeLON,連続音,_いしみしゅんす.wav,research/data/raw/reference/utau-samples/ろん/連続音/_いしみしゅんす.wav,_いしみしゅんす,i し,4,vcv,44100,1,4.397415,true,true,
ろん,天羽ソラtypeLON,連続音,_いつんこいそ.wav,research/data/raw/reference/utau-samples/ろん/連続音/_いつんこいそ.wav,_いつんこいそ,i つ,4,vcv,44100,1,4.463197,true,true,
ろん,天羽ソラtypeLON,連続音,_いでんにぇいびゅ.wav,research/data/raw/reference/utau-samples/ろん/連続音/_いでんにぇいびゅ.wav,_いでんにぇいびゅ,,0,vcv,44100,1,4.638594,true,true,
ろん,天羽ソラtypeLON,連続音,_いとんきゅいぶ.wav,research/data/raw/reference/utau-samples/ろん/連続音/_いとんきゅいぶ.wav,_いとんきゅいぶ,,0,vcv,44100,1,4.434966,true,true,
ろん,天羽ソラtypeLON,連続音,_いぴゃんじてぃめ.wav,research/data/raw/reference/utau-samples/ろん/連続音/_いぴゃんじてぃめ.wav,_いぴゃんじてぃめ,,0,vcv,44100,1,4.346463,true,true,
ろん,天羽ソラtypeLON,連続音,_いみゅがりゃざびょ.wav,research/data/raw/reference/utau-samples/ろん/連続音/_いみゅがりゃざびょ.wav,_いみゅがりゃざびょ,,0,vcv,44100,1,4.348073,true,true,
ろん,天羽ソラtypeLON,連続音,_いゆあぴぇおゆ.wav,research/data/raw/reference/utau-samples/ろん/連続音/_いゆあぴぇおゆ.wav,_いゆあぴぇおゆ,,0,vcv,44100,1,4.156259,true,true,
ろん,天羽ソラtypeLON,連続音,_いよんぬいきぇ.wav,research/data/raw/reference/utau-samples/ろん/連続音/_いよんぬいきぇ.wav,_いよんぬいきぇ,i よ,3,vcv,44100,1,4.577937,true,true,
ろん,天羽ソラtypeLON,連続音,_いりぇんりたん.wav,research/data/raw/reference/utau-samples/ろん/連続音/_いりぇんりたん.wav,_いりぇんりたん,i りぇ,3,vcv,44100,1,4.562222,true,true,
ろん,天羽ソラtypeLON,連続音,_いりゃんひょいぺ.wav,research/data/raw/reference/utau-samples/ろん/連続音/_いりゃんひょいぺ.wav,_いりゃんひょいぺ,,0,vcv,44100,1,4.438639,true,true,
ろん,天羽ソラtypeLON,連続音,_いろんぴぇいね.wav,research/data/raw/reference/utau-samples/ろん/連続音/_いろんぴぇいね.wav,_いろんぴぇいね,,0,vcv,44100,1,4.217120,true,true,
ろん,天羽ソラtypeLON,連続音,_うぁごびぬはや.wav,research/data/raw/reference/utau-samples/ろん/連続音/_うぁごびぬはや.wav,_うぁごびぬはや,,0,vcv,44100,1,4.393243,true,true,
ろん,天羽ソラtypeLON,連続音,_うぃじゃちぇじゃしゅべ.wav,research/data/raw/reference/utau-samples/ろん/連続音/_うぃじゃちぇじゃしゅべ.wav,_うぃじゃちぇじゃしゅべ,,0,vcv,44100,1,4.222971,true,true,
ろん,天羽ソラtypeLON,連続音,_うぇぎヴなししょ.wav,research/data/raw/reference/utau-samples/ろん/連続音/_うぇぎヴなししょ.wav,_うぇぎヴなししょ,,0,vcv,44100,1,4.372948,true,true,
ろん,天羽ソラtypeLON,連続音,_うぉんやんにゅん.wav,research/data/raw/reference/utau-samples/ろん/連続音/_うぉんやんにゅん.wav,_うぉんやんにゅん,- うぉ,3,vcv,44100,1,4.441179,true,true,
ろん,天羽ソラtypeLON,連続音,_うお.wav,research/data/raw/reference/utau-samples/ろん/連続音/_うお.wav,_うお,u お,2,vcv,44100,1,0.769546,true,true,
ろん,天羽ソラtypeLON,連続音,_うよぎゅじょれぐ.wav,research/data/raw/reference/utau-samples/ろん/連続音/_うよぎゅじょれぐ.wav,_うよぎゅじょれぐ,,0,vcv,44100,1,4.397506,true,true,
ろん,天羽ソラtypeLON,連続音,_えぴぇちびょちぇん.wav,research/data/raw/reference/utau-samples/ろん/連続音/_えぴぇちびょちぇん.wav,_えぴぇちびょちぇん,,0,vcv,44100,1,4.029206,true,true,
ろん,天羽ソラtypeLON,連続音,_おどぅヴぃござで.wav,research/data/raw/reference/utau-samples/ろん/連続音/_おどぅヴぃござで.wav,_おどぅヴぃござで,,0,vcv,44100,1,4.013764,true,true,
ろん,天羽ソラtypeLON,連続音,_かにぇよべにぇひゅ.wav,research/data/raw/reference/utau-samples/ろん/連続音/_かにぇよべにぇひゅ.wav,_かにぇよべにぇひゅ,,0,vcv,44100,1,4.054331,true,true,
ろん,天羽ソラtypeLON,連続音,_がうぇいぴょひょぎゃ.wav,research/data/raw/reference/utau-samples/ろん/連続音/_がうぇいぴょひょぎゃ.wav,_がうぇいぴょひょぎゃ,,0,vcv,44100,1,4.187732,true,true,
ろん,天羽ソラtypeLON,連続音,_きぇのきゅにおあ.wav,research/data/raw/reference/utau-samples/ろん/連続音/_きぇのきゅにおあ.wav,_きぇのきゅにおあ,- きぇ,4,vcv,44100,1,4.370771,true,true,
ろん,天羽ソラtypeLON,連続音,_きぇのきゅにゅた.wav,research/data/raw/reference/utau-samples/ろん/連続音/_きぇのきゅにゅた.wav,_きぇのきゅにゅた,u にゅ,1,vcv,44100,1,3.740635,true,true,
ろん,天羽ソラtypeLON,連続音,_きぎぇわぎにぎゃ.wav,research/data/raw/reference/utau-samples/ろん/連続音/_きぎぇわぎにぎゃ.wav,_きぎぇわぎにぎゃ,,0,vcv,44100,1,4.293447,true,true,
ろん,天羽ソラtypeLON,連続音,_きゃぴぇぞもみゅびぇ.wav,research/data/raw/reference/utau-samples/ろん/連続音/_きゃぴぇぞもみゅびぇ.wav,_きゃぴぇぞもみゅびぇ,,0,vcv,44100,1,3.954898,true,true,
ろん,天羽ソラtypeLON,連続音,_きゅんちょんヴぇうぉ.wav,research/data/raw/reference/utau-samples/ろん/連続音/_きゅんちょんヴぇうぉ.wav,_きゅんちょんヴぇうぉ,,0,vcv,44100,1,4.342608,true,true,
ろん,天羽ソラtypeLON,連続音,_きょとぅびゅびかう.wav,research/data/raw/reference/utau-samples/ろん/連続音/_きょとぅびゅびかう.wav,_きょとぅびゅびかう,,0,vcv,44100,1,4.211837,true,true,
ろん,天羽ソラtypeLON,連続音,_ぎぇりぇばひへく.wav,research/data/raw/reference/utau-samples/ろん/連続音/_ぎぇりぇばひへく.wav,_ぎぇりぇばひへく,,0,vcv,44100,1,4.370068,true,true,
ろん,天羽ソラtypeLON,連続音,_ぎぎきちぇみゅえ.wav,research/data/raw/reference/utau-samples/ろん/連続音/_ぎぎきちぇみゅえ.wav,_ぎぎきちぇみゅえ,,0,vcv,44100,1,4.366689,true,true,
ろん,天羽ソラtypeLON,連続音,_ぎゃてちゃヴびょちゃ.wav,research/data/raw/reference/utau-samples/ろん/連続音/_ぎゃてちゃヴびょちゃ.wav,_ぎゃてちゃヴびょちゃ,,0,vcv,44100,1,4.334354,true,true,
ろん,天羽ソラtypeLON,連続音,_ぎゅびゃみゃじゅりゃぴ.wav,research/data/raw/reference/utau-samples/ろん/連続音/_ぎゅびゃみゃじゅりゃぴ.wav,_ぎゅびゃみゃじゅりゃぴ,,0,vcv,44100,1,4.320045,true,true,
ろん,天羽ソラtypeLON,連続音,_ぎょじゃんぱんと.wav,research/data/raw/reference/utau-samples/ろん/連続音/_ぎょじゃんぱんと.wav,_ぎょじゃんぱんと,,0,vcv,44100,1,4.320680,true,true,
ろん,天羽ソラtypeLON,連続音,_くちょんげけむ.wav,research/data/raw/reference/utau-samples/ろん/連続音/_くちょんげけむ.wav,_くちょんげけむ,,0,vcv,44100,1,4.248435,true,true,
ろん,天羽ソラtypeLON,連続音,_ぐぱじょほヴぃにょ.wav,research/data/raw/reference/utau-samples/ろん/連続音/_ぐぱじょほヴぃにょ.wav,_ぐぱじょほヴぃにょ,,0,vcv,44100,1,4.163401,true,true,
ろん,天羽ソラtypeLON,連続音,_けゆぼうぃぞぼ.wav,research/data/raw/reference/utau-samples/ろん/連続音/_けゆぼうぃぞぼ.wav,_けゆぼうぃぞぼ,,0,vcv,44100,1,4.192404,true,true,
ろん,天羽ソラtypeLON,連続音,_げしゅきゅみじょり.wav,research/data/raw/reference/utau-samples/ろん/連続音/_げしゅきゅみじょり.wav,_げしゅきゅみじょり,,0,vcv,44100,1,4.241837,true,true,
ろん,天羽ソラtypeLON,連続音,_こなほしゃこひぇ.wav,research/data/raw/reference/utau-samples/ろん/連続音/_こなほしゃこひぇ.wav,_こなほしゃこひぇ,- こ,6,vcv,44100,1,4.257891,true,true,
ろん,天羽ソラtypeLON,連続音,_ごさみゅのえひ.wav,research/data/raw/reference/utau-samples/ろん/連続音/_ごさみゅのえひ.wav,_ごさみゅのえひ,,0,vcv,44100,1,4.363469,true,true,
ろん,天羽ソラtypeLON,連続音,_さわひょすゆぎ.wav,research/data/raw/reference/utau-samples/ろん/連続音/_さわひょすゆぎ.wav,_さわひょすゆぎ,,0,vcv,44100,1,4.285215,true,true,
ろん,天羽ソラtypeLON,連続音,_さわひょそ.wav,research/data/raw/reference/utau-samples/ろん/連続音/_さわひょそ.wav,_さわひょそ,o そ,1,vcv,44100,1,3.388912,true,true,
ろん,天羽ソラtypeLON,連続音,_ざぎゃとぅうとぅね.wav,research/data/raw/reference/utau-samples/ろん/連続音/_ざぎゃとぅうとぅね.wav,_ざぎゃとぅうとぅね,,0,vcv,44100,1,4.295420,true,true,
ろん,天羽ソラtypeLON,連続音,_しぇぎゅにどぅひょこ.wav,research/data/raw/reference/utau-samples/ろん/連続音/_しぇぎゅにどぅひょこ.wav,_しぇぎゅにどぅひょこ,,0,vcv,44100,1,4.325646,true,true,
ろん,天羽ソラtypeLON,連続音,_してぶしぇだの.wav,research/data/raw/reference/utau-samples/ろん/連続音/_してぶしぇだの.wav,_してぶしぇだの,,0,vcv,44100,1,4.323152,true,true,
ろん,天羽ソラtypeLON,連続音,_しゃぎょごへたよ.wav,research/data/raw/reference/utau-samples/ろん/連続音/_しゃぎょごへたよ.wav,_しゃぎょごへたよ,,0,vcv,44100,1,4.209206,true,true,
ろん,天羽ソラtypeLON,連続音,_しゅしょしぇあどぱ.wav,research/data/raw/reference/utau-samples/ろん/連続音/_しゅしょしぇあどぱ.wav,_しゅしょしぇあどぱ,,0,vcv,44100,1,4.259206,true,true,
ろん,天羽ソラtypeLON,連続音,_しょじヴぉまたあ.wav,research/data/raw/reference/utau-samples/ろん/連続音/_しょじヴぉまたあ.wav,_しょじヴぉまたあ,,0,vcv,44100,1,4.617982,true,true,
ろん,天羽ソラtypeLON,連続音,_じぇまびゅてもけ.wav,research/data/raw/reference/utau-samples/ろん/連続音/_じぇまびゅてもけ.wav,_じぇまびゅてもけ,,0,vcv,44100,1,4.228481,true,true,
ろん,天羽ソラtypeLON,連続音,_じひせおんびぇ.wav,research/data/raw/reference/utau-samples/ろん/連続音/_じひせおんびぇ.wav,_じひせおんびぇ,,0,vcv,44100,1,4.213061,true,true,
ろん,天羽ソラtypeLON,連続音,_じゃへヴヴぉぎょど.wav,research/data/raw/reference/utau-samples/ろん/連続音/_じゃへヴヴぉぎょど.wav,_じゃへヴヴぉぎょど,,0,vcv,44100,1,4.080975,true,true,
ろん,天羽ソラtypeLON,連続音,_じゅずとてぃさむ.wav,research/data/raw/reference/utau-samples/ろん/連続音/_じゅずとてぃさむ.wav,_じゅずとてぃさむ,,0,vcv,44100,1,4.195964,true,true,
ろん,天羽ソラtypeLON,連続音,_じょりょひゃかちょす.wav,research/data/raw/reference/utau-samples/ろん/連続音/_じょりょひゃかちょす.wav,_じょりょひゃかちょす,,0,vcv,44100,1,4.008322,true,true,
ろん,天羽ソラtypeLON,連続音,_すりひゅにゃくす.wav,research/data/raw/reference/utau-samples/ろん/連続音/_すりひゅにゃくす.wav,_すりひゅにゃくす,- す,6,vcv,44100,1,4.526599,true,true,
ろん,天羽ソラtypeLON,連続音,_ずぴちぼのじょ.wav,research/data/raw/reference/utau-samples/ろん/連続音/_ずぴちぼのじょ.wav,_ずぴちぼのじょ,,0,vcv,44100,1,4.048050,true,true,
ろん,天羽ソラtypeLON,連続音,_せにゅまもふし.wav,research/data/raw/reference/utau-samples/ろん/連続音/_せにゅまもふし.wav,_せにゅまもふし,- せ,6,vcv,44100,1,4.155374,true,true,
ろん,天羽ソラtypeLON,連続音,_ぜみゃぴょうみぇひゃ.wav,research/data/raw/reference/utau-samples/ろん/連続音/_ぜみゃぴょうみぇひゃ.wav,_ぜみゃぴょうみぇひゃ,,0,vcv,44100,1,4.238481,true,true,
ろん,天羽ソラtypeLON,連続音,_そらはみぇきょきゃ.wav,research/data/raw/reference/utau-samples/ろん/連続音/_そらはみぇきょきゃ.wav,_そらはみぇきょきゃ,- そ,6,vcv,44100,1,4.283424,true,true,
ろん,天羽ソラtypeLON,連続音,_ぞかどぅきぇがりぇ.wav,research/data/raw/reference/utau-samples/ろん/連続音/_ぞかどぅきぇがりぇ.wav,_ぞかどぅきぇがりぇ,,0,vcv,44100,1,4.270249,true,true,
ろん,天羽ソラtypeLON,連続音,_たんぴゅぴゅさん.wav,research/data/raw/reference/utau-samples/ろん/連続音/_たんぴゅぴゅさん.wav,_たんぴゅぴゅさん,,0,vcv,44100,1,4.341338,true,true,
ろん,天羽ソラtypeLON,連続音,_だみょうぇるうぉん.wav,research/data/raw/reference/utau-samples/ろん/連続音/_だみょうぇるうぉん.wav,_だみょうぇるうぉん,,0,vcv,44100,1,4.328027,true,true,
ろん,天羽ソラtypeLON,連続音,_ちぇびゃぶみゃぎぇふ.wav,research/data/raw/reference/utau-samples/ろん/連続音/_ちぇびゃぶみゃぎぇふ.wav,_ちぇびゃぶみゃぎぇふ,,0,vcv,44100,1,4.248889,true,true,
ろん,天羽ソラtypeLON,連続音,_ちゃつじゃびみぇき.wav,research/data/raw/reference/utau-samples/ろん/連続音/_ちゃつじゃびみぇき.wav,_ちゃつじゃびみぇき,,0,vcv,44100,1,4.248345,true,true,
ろん,天羽ソラtypeLON,連続音,_ちゅんろきょうぁヴぁ.wav,research/data/raw/reference/utau-samples/ろん/連続音/_ちゅんろきょうぁヴぁ.wav,_ちゅんろきょうぁヴぁ,,0,vcv,44100,1,4.174444,true,true,
ろん,天羽ソラtypeLON,連続音,_ちょちょにぇびゅせひょ.wav,research/data/raw/reference/utau-samples/ろん/連続音/_ちょちょにぇびゅせひょ.wav,_ちょちょにぇびゅせひょ,,0,vcv,44100,1,4.049002,true,true,
ろん,天羽ソラtypeLON,連続音,_ちわぬぶヴぇぽ.wav,research/data/raw/reference/utau-samples/ろん/連続音/_ちわぬぶヴぇぽ.wav,_ちわぬぶヴぇぽ,,0,vcv,44100,1,4.307052,true,true,
ろん,天羽ソラtypeLON,連続音,_つもにょみぇきゅうぃ.wav,research/data/raw/reference/utau-samples/ろん/連続音/_つもにょみぇきゅうぃ.wav,_つもにょみぇきゅうぃ,- つ,6,vcv,44100,1,4.004376,true,true,
ろん,天羽ソラtypeLON,連続音,_てぃみょぴゅにょきぇれ.wav,research/data/raw/reference/utau-samples/ろん/連続音/_てぃみょぴゅにょきぇれ.wav,_てぃみょぴゅにょきぇれ,,0,vcv,44100,1,4.269410,true,true,
ろん,天羽ソラtypeLON,連続音,_でぃきゃひゃにゃちゅち.wav,research/data/raw/reference/utau-samples/ろん/連続音/_でぃきゃひゃにゃちゅち.wav,_でぃきゃひゃにゃちゅち,,0,vcv,44100,1,4.391111,true,true,
ろん,天羽ソラtypeLON,連続音,_でうぁずでぬぎょ.wav,research/data/raw/reference/utau-samples/ろん/連続音/_でうぁずでぬぎょ.wav,_でうぁずでぬぎょ,,0,vcv,44100,1,4.163605,true,true,
ろん,天羽ソラtypeLON,連続音,_てヴぉつむほぴ.wav,research/data/raw/reference/utau-samples/ろん/連続音/_てヴぉつむほぴ.wav,_てヴぉつむほぴ,,0,vcv,44100,1,4.309909,true,true,
ろん,天羽ソラtypeLON,連続音,_とぅぐこくばき.wav,research/data/raw/reference/utau-samples/ろん/連続音/_とぅぐこくばき.wav,_とぅぐこくばき,,0,vcv,44100,1,4.199410,true,true,
ろん,天羽ソラtypeLON,連続音,_とぜぱにりょびゃ.wav,research/data/raw/reference/utau-samples/ろん/連続音/_とぜぱにりょびゃ.wav,_とぜぱにりょびゃ,,0,vcv,44100,1,4.180522,true,true,
ろん,天羽ソラtypeLON,連続音,_どぅうぁヴぉりぇぴゃぷ.wav,research/data/raw/reference/utau-samples/ろん/連続音/_どぅうぁヴぉりぇぴゃぷ.wav,_どぅうぁヴぉりぇぴゃぷ,,0,vcv,44100,1,4.288934,true,true,
ろん,天羽ソラtypeLON,連続音,_どたぺじぇざぴゃ.wav,research/data/raw/reference/utau-samples/ろん/連続音/_どたぺじぇざぴゃ.wav,_どたぺじぇざぴゃ,,0,vcv,44100,1,3.828980,true,true,
ろん,天羽ソラtypeLON,連続音,_なばそずひでぃ.wav,research/data/raw/reference/utau-samples/ろん/連続音/_なばそずひでぃ.wav,_なばそずひでぃ,,0,vcv,44100,1,4.311678,true,true,
ろん,天羽ソラtypeLON,連続音,_にぇずげねめしぇ.wav,research/data/raw/reference/utau-samples/ろん/連続音/_にぇずげねめしぇ.wav,_にぇずげねめしぇ,,0,vcv,44100,1,4.199637,true,true,
ろん,天羽ソラtypeLON,連続音,_にすにぇきぇひぇちゅ.wav,research/data/raw/reference/utau-samples/ろん/連続音/_にすにぇきぇひぇちゅ.wav,_にすにぇきぇひぇちゅ,- に,6,vcv,44100,1,4.276417,true,true,
ろん,天羽ソラtypeLON,連続音,_にゃんごびゅぷけ.wav,research/data/raw/reference/utau-samples/ろん/連続音/_にゃんごびゅぷけ.wav,_にゃんごびゅぷけ,,0,vcv,44100,1,4.259342,true,true,
ろん,天羽ソラtypeLON,連続音,_にゅどみょしゅぽぷ.wav,research/data/raw/reference/utau-samples/ろん/連続音/_にゅどみょしゅぽぷ.wav,_にゅどみょしゅぽぷ,,0,vcv,44100,1,4.285760,true,true,
ろん,天羽ソラtypeLON,連続音,_にょんざんぜん.wav,research/data/raw/reference/utau-samples/ろん/連続音/_にょんざんぜん.wav,_にょんざんぜん,,0,vcv,44100,1,4.360136,true,true,
ろん,天羽ソラtypeLON,連続音,_ぬるつヴひゃひぇ.wav,research/data/raw/reference/utau-samples/ろん/連続音/_ぬるつヴひゃひぇ.wav,_ぬるつヴひゃひぇ,,0,vcv,44100,1,4.248617,true,true,
ろん,天羽ソラtypeLON,連続音,_ねへじょりゃんう.wav,research/data/raw/reference/utau-samples/ろん/連続音/_ねへじょりゃんう.wav,_ねへじょりゃんう,,0,vcv,44100,1,4.320658,true,true,
ろん,天羽ソラtypeLON,連続音,_のてでぃらしょヴぇ.wav,research/data/raw/reference/utau-samples/ろん/連続音/_のてでぃらしょヴぇ.wav,_のてでぃらしょヴぇ,,0,vcv,44100,1,3.924966,true,true,
ろん,天羽ソラtypeLON,連続音,_はしゃいぜびょひゅ.wav,research/data/raw/reference/utau-samples/ろん/連続音/_はしゃいぜびょひゅ.wav,_はしゃいぜびょひゅ,,0,vcv,44100,1,4.273605,true,true,
ろん,天羽ソラtypeLON,連続音,_ばせてぃびゃうぉじぇ.wav,research/data/raw/reference/utau-samples/ろん/連続音/_ばせてぃびゃうぉじぇ.wav,_ばせてぃびゃうぉじぇ,,0,vcv,44100,1,3.865147,true,true,
ろん,天羽ソラtypeLON,連続音,_ぱげりょぜせしゃ.wav,research/data/raw/reference/utau-samples/ろん/連続音/_ぱげりょぜせしゃ.wav,_ぱげりょぜせしゃ,,0,vcv,44100,1,4.180544,true,true,
ろん,天羽ソラtypeLON,連続音,_ひぇちぇにゃりょヴぁにょ.wav,research/data/raw/reference/utau-samples/ろん/連続音/_ひぇちぇにゃりょヴぁにょ.wav,_ひぇちぇにゃりょヴぁにょ,,0,vcv,44100,1,3.984512,true,true,
ろん,天羽ソラtypeLON,連続音,_ひゃちやひゅうぇぴ.wav,research/data/raw/reference/utau-samples/ろん/連続音/_ひゃちやひゅうぇぴ.wav,_ひゃちやひゅうぇぴ,,0,vcv,44100,1,4.425692,true,true,
ろん,天羽ソラtypeLON,連続音,_ひゅぬりぇすそぬ.wav,research/data/raw/reference/utau-samples/ろん/連続音/_ひゅぬりぇすそぬ.wav,_ひゅぬりぇすそぬ,- ひゅ,6,vcv,44100,1,4.305488,true,true,
ろん,天羽ソラtypeLON,連続音,_ひょびぇべびぇてな.wav,research/data/raw/reference/utau-samples/ろん/連続音/_ひょびぇべびぇてな.wav,_ひょびぇべびぇてな,,0,vcv,44100,1,4.058776,true,true,
ろん,天羽ソラtypeLON,連続音,_ひりゅひぇぺヴぇご.wav,research/data/raw/reference/utau-samples/ろん/連続音/_ひりゅひぇぺヴぇご.wav,_ひりゅひぇぺヴぇご,,0,vcv,44100,1,4.150227,true,true,
ろん,天羽ソラtypeLON,連続音,_びぇどぅごにぱぽ.wav,research/data/raw/reference/utau-samples/ろん/連続音/_びぇどぅごにぱぽ.wav,_びぇどぅごにぱぽ,,0,vcv,44100,1,4.366735,true,true,
ろん,天羽ソラtypeLON,連続音,_びひぇんずんどぅ.wav,research/data/raw/reference/utau-samples/ろん/連続音/_びひぇんずんどぅ.wav,_びひぇんずんどぅ,,0,vcv,44100,1,4.322902,true,true,
ろん,天羽ソラtypeLON,連続音,_びゃうぃにゅぎぇびほ.wav,research/data/raw/reference/utau-samples/ろん/連続音/_びゃうぃにゅぎぇびほ.wav,_びゃうぃにゅぎぇびほ,,0,vcv,44100,1,4.135805,true,true,
ろん,天羽ソラtypeLON,連続音,_びゅぜほみがぞ.wav,research/data/raw/reference/utau-samples/ろん/連続音/_びゅぜほみがぞ.wav,_びゅぜほみがぞ,,0,vcv,44100,1,4.076236,true,true,
ろん,天羽ソラtypeLON,連続音,_びょむきヴぁぼうぉ.wav,research/data/raw/reference/utau-samples/ろん/連続音/_びょむきヴぁぼうぉ.wav,_びょむきヴぁぼうぉ,,0,vcv,44100,1,4.210340,true,true,
ろん,天羽ソラtypeLON,連続音,_ぴぇちょでぃうぉびょぎぇ.wav,research/data/raw/reference/utau-samples/ろん/連続音/_ぴぇちょでぃうぉびょぎぇ.wav,_ぴぇちょでぃうぉびょぎぇ,,0,vcv,44100,1,4.200703,true,true,
ろん,天羽ソラtypeLON,連続音,_ぴぴとぅぴょおよ.wav,research/data/raw/reference/utau-samples/ろん/連続音/_ぴぴとぅぴょおよ.wav,_ぴぴとぅぴょおよ,,0,vcv,44100,1,4.335692,true,true,
ろん,天羽ソラtypeLON,連続音,_ぴゃけらるちゅじゅ.wav,research/data/raw/reference/utau-samples/ろん/連続音/_ぴゃけらるちゅじゅ.wav,_ぴゃけらるちゅじゅ,,0,vcv,44100,1,4.297506,true,true,
ろん,天羽ソラtypeLON,連続音,_ぴゅぴぇじゅだきゅく.wav,research/data/raw/reference/utau-samples/ろん/連続音/_ぴゅぴぇじゅだきゅく.wav,_ぴゅぴぇじゅだきゅく,,0,vcv,44100,1,4.249955,true,true,
ろん,天羽ソラtypeLON,連続音,_ぴょろやじゃきゃヴぇ.wav,research/data/raw/reference/utau-samples/ろん/連続音/_ぴょろやじゃきゃヴぇ.wav,_ぴょろやじゃきゃヴぇ,,0,vcv,44100,1,3.858118,true,true,
ろん,天羽ソラtypeLON,連続音,_ぴょろゆや.wav,research/data/raw/reference/utau-samples/ろん/連続音/_ぴょろゆや.wav,_ぴょろゆや,,0,vcv,44100,1,2.876871,true,true,
ろん,天羽ソラtypeLON,連続音,_ふどぅみゅヴぁれり.wav,research/data/raw/reference/utau-samples/ろん/連続音/_ふどぅみゅヴぁれり.wav,_ふどぅみゅヴぁれり,,0,vcv,44100,1,4.096871,true,true,
ろん,天羽ソラtypeLON,連続音,_ぶかりぽみゃな.wav,research/data/raw/reference/utau-samples/ろん/連続音/_ぶかりぽみゃな.wav,_ぶかりぽみゃな,,0,vcv,44100,1,4.221678,true,true,
ろん,天羽ソラtypeLON,連続音,_ぷしゃだぱふりゅ.wav,research/data/raw/reference/utau-samples/ろん/連続音/_ぷしゃだぱふりゅ.wav,_ぷしゃだぱふりゅ,,0,vcv,44100,1,4.450476,true,true,
ろん,天羽ソラtypeLON,連続音,_へじにぇぎょぺぎゃ.wav,research/data/raw/reference/utau-samples/ろん/連続音/_へじにぇぎょぺぎゃ.wav,_へじにぇぎょぺぎゃ,,0,vcv,44100,1,4.179841,true,true,
ろん,天羽ソラtypeLON,連続音,_べかおぐちぇみ.wav,research/data/raw/reference/utau-samples/ろん/連続音/_べかおぐちぇみ.wav,_べかおぐちぇみ,,0,vcv,44100,1,3.930884,true,true,
ろん,天羽ソラtypeLON,連続音,_べかおげりょぜせしゃ.wav,research/data/raw/reference/utau-samples/ろん/連続音/_べかおげりょぜせしゃ.wav,_べかおげりょぜせしゃ,,0,vcv,44100,1,5.366871,true,true,
ろん,天羽ソラtypeLON,連続音,_ぺヴぃぎょわとめ.wav,research/data/raw/reference/utau-samples/ろん/連続音/_ぺヴぃぎょわとめ.wav,_ぺヴぃぎょわとめ,,0,vcv,44100,1,3.923333,true,true,
ろん,天羽ソラtypeLON,連続音,_ほぞぎりおせ.wav,research/data/raw/reference/utau-samples/ろん/連続音/_ほぞぎりおせ.wav,_ほぞぎりおせ,,0,vcv,44100,1,4.190522,true,true,
ろん,天羽ソラtypeLON,連続音,_ぼひんてにょしょ.wav,research/data/raw/reference/utau-samples/ろん/連続音/_ぼひんてにょしょ.wav,_ぼひんてにょしょ,,0,vcv,44100,1,4.250317,true,true,
ろん,天羽ソラtypeLON,連続音,_ぽんうぇそんぶ.wav,research/data/raw/reference/utau-samples/ろん/連続音/_ぽんうぇそんぶ.wav,_ぽんうぇそんぶ,,0,vcv,44100,1,4.207710,true,true,
ろん,天羽ソラtypeLON,連続音,_まヴぃしぇとぅきょは.wav,research/data/raw/reference/utau-samples/ろん/連続音/_まヴぃしぇとぅきょは.wav,_まヴぃしぇとぅきょは,,0,vcv,44100,1,4.247506,true,true,
ろん,天羽ソラtypeLON,連続音,_みぇぎぇぼぴゃうぁちゃ.wav,research/data/raw/reference/utau-samples/ろん/連続音/_みぇぎぇぼぴゃうぁちゃ.wav,_みぇぎぇぼぴゃうぁちゃ,,0,vcv,44100,1,4.316780,true,true,
ろん,天羽ソラtypeLON,連続音,_みちょばきぇこちゅ.wav,research/data/raw/reference/utau-samples/ろん/連続音/_みちょばきぇこちゅ.wav,_みちょばきぇこちゅ,,0,vcv,44100,1,4.256576,true,true,
ろん,天羽ソラtypeLON,連続音,_みゃびゃぜえうぃだ.wav,research/data/raw/reference/utau-samples/ろん/連続音/_みゃびゃぜえうぃだ.wav,_みゃびゃぜえうぃだ,,0,vcv,44100,1,4.032222,true,true,
ろん,天羽ソラtypeLON,連続音,_みゅりょりゅぞしえ.wav,research/data/raw/reference/utau-samples/ろん/連続音/_みゅりょりゅぞしえ.wav,_みゅりょりゅぞしえ,,0,vcv,44100,1,4.164807,true,true,
ろん,天羽ソラtypeLON,連続音,_みょだびぇみぇつへ.wav,research/data/raw/reference/utau-samples/ろん/連続音/_みょだびぇみぇつへ.wav,_みょだびぇみぇつへ,,0,vcv,44100,1,4.196803,true,true,
ろん,天羽ソラtypeLON,連続音,_むきゃでぃばんい.wav,research/data/raw/reference/utau-samples/ろん/連続音/_むきゃでぃばんい.wav,_むきゃでぃばんい,,0,vcv,44100,1,4.251633,true,true,
ろん,天羽ソラtypeLON,連続音,_めしヴぇげさてぃ.wav,research/data/raw/reference/utau-samples/ろん/連続音/_めしヴぇげさてぃ.wav,_めしヴぇげさてぃ,,0,vcv,44100,1,4.370385,true,true,
ろん,天羽ソラtypeLON,連続音,_もきびぇヴぁまじぇ.wav,research/data/raw/reference/utau-samples/ろん/連続音/_もきびぇヴぁまじぇ.wav,_もきびぇヴぁまじぇ,,0,vcv,44100,1,4.084172,true,true,
ろん,天羽ソラtypeLON,連続音,_やねぜきゃみじぇ.wav,research/data/raw/reference/utau-samples/ろん/連続音/_やねぜきゃみじぇ.wav,_やねぜきゃみじぇ,,0,vcv,44100,1,4.098934,true,true,
ろん,天羽ソラtypeLON,連続音,_ゆみょぴょにゃゆや.wav,research/data/raw/reference/utau-samples/ろん/連続音/_ゆみょぴょにゃゆや.wav,_ゆみょぴょにゃゆや,,0,vcv,44100,1,4.137392,true,true,
ろん,天羽ソラtypeLON,連続音,_よぽヴぉぴぇとと.wav,research/data/raw/reference/utau-samples/ろん/連続音/_よぽヴぉぴぇとと.wav,_よぽヴぉぴぇとと,,0,vcv,44100,1,4.252358,true,true,
ろん,天羽ソラtypeLON,連続音,_らんかんへは.wav,research/data/raw/reference/utau-samples/ろん/連続音/_らんかんへは.wav,_らんかんへは,- ら,4,vcv,44100,1,4.425941,true,true,
ろん,天羽ソラtypeLON,連続音,_りぇぴょちふゆわ.wav,research/data/raw/reference/utau-samples/ろん/連続音/_りぇぴょちふゆわ.wav,_りぇぴょちふゆわ,,0,vcv,44100,1,3.893016,true,true,
ろん,天羽ソラtypeLON,連続音,_りまんどじゅめ.wav,research/data/raw/reference/utau-samples/ろん/連続音/_りまんどじゅめ.wav,_りまんどじゅめ,,0,vcv,44100,1,4.231565,true,true,
ろん,天羽ソラtypeLON,連続音,_りゃにゅらぐでぃび.wav,research/data/raw/reference/utau-samples/ろん/連続音/_りゃにゅらぐでぃび.wav,_りゃにゅらぐでぃび,,0,vcv,44100,1,4.252902,true,true,
ろん,天羽ソラtypeLON,連続音,_りゅしゅぎゅぎゃじぎゅ.wav,research/data/raw/reference/utau-samples/ろん/連続音/_りゅしゅぎゅぎゃじぎゅ.wav,_りゅしゅぎゅぎゃじぎゅ,,0,vcv,44100,1,4.130499,true,true,
ろん,天羽ソラtypeLON,連続音,_りょでやぎゅじの.wav,research/data/raw/reference/utau-samples/ろん/連続音/_りょでやぎゅじの.wav,_りょでやぎゅじの,,0,vcv,44100,1,4.368186,true,true,
ろん,天羽ソラtypeLON,連続音,_るれみょががろ.wav,research/data/raw/reference/utau-samples/ろん/連続音/_るれみょががろ.wav,_るれみょががろ,,0,vcv,44100,1,4.244739,true,true,
ろん,天羽ソラtypeLON,連続音,_れでりゅあすぴゃ.wav,research/data/raw/reference/utau-samples/ろん/連続音/_れでりゅあすぴゃ.wav,_れでりゅあすぴゃ,,0,vcv,44100,1,4.236032,true,true,
ろん,天羽ソラtypeLON,連続音,_ろいれにひゃきょ.wav,research/data/raw/reference/utau-samples/ろん/連続音/_ろいれにひゃきょ.wav,_ろいれにひゃきょ,- ろ,5,vcv,44100,1,4.323583,true,true,
ろん,天羽ソラtypeLON,連続音,_わさぴゅろねう.wav,research/data/raw/reference/utau-samples/ろん/連続音/_わさぴゅろねう.wav,_わさぴゅろねう,,0,vcv,44100,1,4.082472,true,true,
ろん,天羽ソラtypeLON,連続音,_んうぉんにゃんぼ.wav,research/data/raw/reference/utau-samples/ろん/連続音/_んうぉんにゃんぼ.wav,_んうぉんにゃんぼ,,0,vcv,44100,1,4.187347,true,true,
ろん,天羽ソラtypeLON,連続音,_んえいうぇんとぅ.wav,research/data/raw/reference/utau-samples/ろん/連続音/_んえいうぇんとぅ.wav,_んえいうぇんとぅ,n え,3,vcv,44100,1,4.457302,true,true,
ろん,天羽ソラtypeLON,連続音,_んおいはんぎゅ.wav,research/data/raw/reference/utau-samples/ろん/連続音/_んおいはんぎゅ.wav,_んおいはんぎゅ,,0,vcv,44100,1,4.477868,true,true,
ろん,天羽ソラtypeLON,連続音,_んきぇんぎやん.wav,research/data/raw/reference/utau-samples/ろん/連続音/_んきぇんぎやん.wav,_んきぇんぎやん,,0,vcv,44100,1,4.291814,true,true,
ろん,天羽ソラtypeLON,連続音,_んきゃいにゃんぎょ.wav,research/data/raw/reference/utau-samples/ろん/連続音/_んきゃいにゃんぎょ.wav,_んきゃいにゃんぎょ,,0,vcv,44100,1,4.406417,true,true,
ろん,天羽ソラtypeLON,連続音,_んきるんむい.wav,research/data/raw/reference/utau-samples/ろん/連続音/_んきるんむい.wav,_んきるんむい,n き,3,vcv,44100,1,4.366757,true,true,
ろん,天羽ソラtypeLON,連続音,_んぎゃんだいい.wav,research/data/raw/reference/utau-samples/ろん/連続音/_んぎゃんだいい.wav,_んぎゃんだいい,,0,vcv,44100,1,4.526259,true,true,
ろん,天羽ソラtypeLON,連続音,_んけいぷんじょ.wav,research/data/raw/reference/utau-samples/ろん/連続音/_んけいぷんじょ.wav,_んけいぷんじょ,,0,vcv,44100,1,4.334649,true,true,
ろん,天羽ソラtypeLON,連続音,_んしぇいきゅんひゃ.wav,research/data/raw/reference/utau-samples/ろん/連続音/_んしぇいきゅんひゃ.wav,_んしぇいきゅんひゃ,n しぇ,3,vcv,44100,1,4.180181,true,true,
ろん,天羽ソラtypeLON,連続音,_んしょんめんぴょ.wav,research/data/raw/reference/utau-samples/ろん/連続音/_んしょんめんぴょ.wav,_んしょんめんぴょ,,0,vcv,44100,1,4.333673,true,true,
ろん,天羽ソラtypeLON,連続音,_んじぇんなんしゃ.wav,research/data/raw/reference/utau-samples/ろん/連続音/_んじぇんなんしゃ.wav,_んじぇんなんしゃ,,0,vcv,44100,1,4.360136,true,true,
ろん,天羽ソラtypeLON,連続音,_んせんみぴゅん.wav,research/data/raw/reference/utau-samples/ろん/連続音/_んせんみぴゅん.wav,_んせんみぴゅん,,0,vcv,44100,1,4.350023,true,true,
ろん,天羽ソラtypeLON,連続音,_んたいひょんみゃ.wav,research/data/raw/reference/utau-samples/ろん/連続音/_んたいひょんみゃ.wav,_んたいひょんみゃ,n た,3,vcv,44100,1,4.284444,true,true,
ろん,天羽ソラtypeLON,連続音,_んちじゅんヴん.wav,research/data/raw/reference/utau-samples/ろん/連続音/_んちじゅんヴん.wav,_んちじゅんヴん,,0,vcv,44100,1,4.391814,true,true,
ろん,天羽ソラtypeLON,連続音,_んちゅんくんじゃ.wav,research/data/raw/reference/utau-samples/ろん/連続音/_んちゅんくんじゃ.wav,_んちゅんくんじゃ,,0,vcv,44100,1,4.187823,true,true,
ろん,天羽ソラtypeLON,連続音,_んつんゆんみぇ.wav,research/data/raw/reference/utau-samples/ろん/連続音/_んつんゆんみぇ.wav,_んつんゆんみぇ,n つ,3,vcv,44100,1,4.026712,true,true,
ろん,天羽ソラtypeLON,連続音,_んてぃぴぇんちぇい.wav,research/data/raw/reference/utau-samples/ろん/連続音/_んてぃぴぇんちぇい.wav,_んてぃぴぇんちぇい,,0,vcv,44100,1,4.386395,true,true,
ろん,天羽ソラtypeLON,連続音,_んでぃみゃんヴぁん.wav,research/data/raw/reference/utau-samples/ろん/連続音/_んでぃみゃんヴぁん.wav,_んでぃみゃんヴぁん,,0,vcv,44100,1,4.238481,true,true,
ろん,天羽ソラtypeLON,連続音,_んでんねんぴゃ.wav,research/data/raw/reference/utau-samples/ろん/連続音/_んでんねんぴゃ.wav,_んでんねんぴゃ,,0,vcv,44100,1,4.252766,true,true,
ろん,天羽ソラtypeLON,連続音,_んにけんあい.wav,research/data/raw/reference/utau-samples/ろん/連続音/_んにけんあい.wav,_んにけんあい,n に,3,vcv,44100,1,4.377392,true,true,
ろん,天羽ソラtypeLON,連続音,_んはんヴぉいべ.wav,research/data/raw/reference/utau-samples/ろん/連続音/_んはんヴぉいべ.wav,_んはんヴぉいべ,,0,vcv,44100,1,4.208141,true,true,
ろん,天羽ソラtypeLON,連続音,_んばりゅちゃべぷ.wav,research/data/raw/reference/utau-samples/ろん/連続音/_んばりゅちゃべぷ.wav,_んばりゅちゃべぷ,,0,vcv,44100,1,4.149161,true,true,
ろん,天羽ソラtypeLON,連続音,_んひぇんよんひゅ.wav,research/data/raw/reference/utau-samples/ろん/連続音/_んひぇんよんひゅ.wav,_んひぇんよんひゅ,n ひぇ,3,vcv,44100,1,4.368435,true,true,
ろん,天羽ソラtypeLON,連続音,_んびむんきょん.wav,research/data/raw/reference/utau-samples/ろん/連続音/_んびむんきょん.wav,_んびむんきょん,,0,vcv,44100,1,4.330544,true,true,
ろん,天羽ソラtypeLON,連続音,_んびゃんにょんも.wav,research/data/raw/reference/utau-samples/ろん/連続音/_んびゃんにょんも.wav,_んびゃんにょんも,,0,vcv,44100,1,4.241315,true,true,
ろん,天羽ソラtypeLON,連続音,_んびゅんうぁんら.wav,research/data/raw/reference/utau-samples/ろん/連続音/_んびゅんうぁんら.wav,_んびゅんうぁんら,,0,vcv,44100,1,4.207574,true,true,
ろん,天羽ソラtypeLON,連続音,_んぴヴぃきょんま.wav,research/data/raw/reference/utau-samples/ろん/連続音/_んぴヴぃきょんま.wav,_んぴヴぃきょんま,,0,vcv,44100,1,4.224490,true,true,
ろん,天羽ソラtypeLON,連続音,_んふんれんそ.wav,research/data/raw/reference/utau-samples/ろん/連続音/_んふんれんそ.wav,_んふんれんそ,n ふ,3,vcv,44100,1,4.198685,true,true,
ろん,天羽ソラtypeLON,連続音,_んぷんのいあ.wav,research/data/raw/reference/utau-samples/ろん/連続音/_んぷんのいあ.wav,_んぷんのいあ,,0,vcv,44100,1,4.250998,true,true,
ろん,天羽ソラtypeLON,連続音,_んべんびょんさ.wav,research/data/raw/reference/utau-samples/ろん/連続音/_んべんびょんさ.wav,_んべんびょんさ,,0,vcv,44100,1,4.198027,true,true,
ろん,天羽ソラtypeLON,連続音,_んぺいこんうぃ.wav,research/data/raw/reference/utau-samples/ろん/連続音/_んぺいこんうぃ.wav,_んぺいこんうぃ,,0,vcv,44100,1,4.341315,true,true,
ろん,天羽ソラtypeLON,連続音,_んぽいずんし.wav,research/data/raw/reference/utau-samples/ろん/連続音/_んぽいずんし.wav,_んぽいずんし,,0,vcv,44100,1,4.479161,true,true,
ろん,天羽ソラtypeLON,連続音,_んみゅんがんりぇ.wav,research/data/raw/reference/utau-samples/ろん/連続音/_んみゅんがんりぇ.wav,_んみゅんがんりぇ,,0,vcv,44100,1,4.226780,true,true,
ろん,天羽ソラtypeLON,連続音,_んりゃんぞんちゃ.wav,research/data/raw/reference/utau-samples/ろん/連続音/_んりゃんぞんちゃ.wav,_んりゃんぞんちゃ,,0,vcv,44100,1,4.328685,true,true,
ろん,天羽ソラtypeLON,連続音,_んりゅいげんほ.wav,research/data/raw/reference/utau-samples/ろん/連続音/_んりゅいげんほ.wav,_んりゅいげんほ,,0,vcv,44100,1,4.368118,true,true,
ろん,天羽ソラtypeLON,連続音,_んるいうぃなん.wav,research/data/raw/reference/utau-samples/ろん/連続音/_んるいうぃなん.wav,_んるいうぃなん,n る,3,vcv,44100,1,4.157937,true,true,
ろん,天羽ソラtypeLON,連続音,_んわいぐんりょ.wav,research/data/raw/reference/utau-samples/ろん/連続音/_んわいぐんりょ.wav,_んわいぐんりょ,,0,vcv,44100,1,4.403741,true,true,
ろん,天羽ソラtypeLON,連続音,_んんじゅんぐん.wav,research/data/raw/reference/utau-samples/ろん/連続音/_んんじゅんぐん.wav,_んんじゅんぐん,,0,vcv,44100,1,4.179070,true,true,
ろん,天羽ソラtypeLON,連続音,_ヴぁんみょんしゅじぇ.wav,research/data/raw/reference/utau-samples/ろん/連続音/_ヴぁんみょんしゅじぇ.wav,_ヴぁんみょんしゅじぇ,,0,vcv,44100,1,4.272154,true,true,
ろん,天羽ソラtypeLON,連続音,_ヴぃしゃしぇろにゅた.wav,research/data/raw/reference/utau-samples/ろん/連続音/_ヴぃしゃしぇろにゅた.wav,_ヴぃしゃしぇろにゅた,,0,vcv,44100,1,4.246281,true,true,
ろん,天羽ソラtypeLON,連続音,_ヴぇぴゅいじちゃら.wav,research/data/raw/reference/utau-samples/ろん/連続音/_ヴぇぴゅいじちゃら.wav,_ヴぇぴゅいじちゃら,,0,vcv,44100,1,4.372245,true,true,
ろん,天羽ソラtypeLON,連続音,_ヴぉるぺどヴざ.wav,research/data/raw/reference/utau-samples/ろん/連続音/_ヴぉるぺどヴざ.wav,_ヴぉるぺどヴざ,,0,vcv,44100,1,4.201701,true,true,
ろん,天羽ソラtypeLON,連続音,_ヴてぃもぶふひゅ.wav,research/data/raw/reference/utau-samples/ろん/連続音/_ヴてぃもぶふひゅ.wav,_ヴてぃもぶふひゅ,,0,vcv,44100,1,4.231315,true,true,
平野文,星野フミカ,単独音,あ.wav,research/data/raw/reference/utau-samples/平野文/単独音/あ.wav,あ,,1,vowel,44100,1,0.999909,true,true,
平野文,星野フミカ,単独音,い.wav,research/data/raw/reference/utau-samples/平野文/単独音/い.wav,い,,1,vowel,44100,1,1.062404,true,true,
平野文,星野フミカ,単独音,いぇ.wav,research/data/raw/reference/utau-samples/平野文/単独音/いぇ.wav,いぇ,,1,cv,44100,1,0.999909,true,true,
平野文,星野フミカ,単独音,う.wav,research/data/raw/reference/utau-samples/平野文/単独音/う.wav,う,,1,vowel,44100,1,1.062404,true,true,
平野文,星野フミカ,単独音,うぁ.wav,research/data/raw/reference/utau-samples/平野文/単独音/うぁ.wav,うぁ,,1,cv,44100,1,0.999909,true,true,
平野文,星野フミカ,単独音,うぃ.wav,research/data/raw/reference/utau-samples/平野文/単独音/うぃ.wav,うぃ,,1,cv,44100,1,1.062404,true,true,
平野文,星野フミカ,単独音,うぇ.wav,research/data/raw/reference/utau-samples/平野文/単独音/うぇ.wav,うぇ,,1,cv,44100,1,0.999909,true,true,
平野文,星野フミカ,単独音,うぉ.wav,research/data/raw/reference/utau-samples/平野文/単独音/うぉ.wav,うぉ,,1,cv,44100,1,0.999909,true,true,
平野文,星野フミカ,単独音,え.wav,research/data/raw/reference/utau-samples/平野文/単独音/え.wav,え,,1,vowel,44100,1,0.999909,true,true,
平野文,星野フミカ,単独音,お.wav,research/data/raw/reference/utau-samples/平野文/単独音/お.wav,お,を,1,vowel,44100,1,1.062404,true,true,
平野文,星野フミカ,単独音,あらあら.wav,research/data/raw/reference/utau-samples/平野文/単独音/おまけ/あらあら.wav,あらあら,,0,unknown,44100,1,1.124989,false,true,
平野文,星野フミカ,単独音,おはよ.wav,research/data/raw/reference/utau-samples/平野文/単独音/おまけ/おはよ.wav,おはよ,,0,cv,44100,1,1.075011,false,true,
平野文,星野フミカ,単独音,おめでとう.wav,research/data/raw/reference/utau-samples/平野文/単独音/おまけ/おめでとう.wav,おめでとう,,0,unknown,44100,1,1.880000,false,true,
平野文,星野フミカ,単独音,おやすみ.wav,research/data/raw/reference/utau-samples/平野文/単独音/おまけ/おやすみ.wav,おやすみ,,0,unknown,44100,1,0.800000,false,true,
平野文,星野フミカ,単独音,すごいじゃない.wav,research/data/raw/reference/utau-samples/平野文/単独音/おまけ/すごいじゃない.wav,すごいじゃない,,0,unknown,44100,1,2.170000,false,true,
平野文,星野フミカ,単独音,どうかしら.wav,research/data/raw/reference/utau-samples/平野文/単独音/おまけ/どうかしら.wav,どうかしら,,0,unknown,44100,1,1.180000,false,true,
平野文,星野フミカ,単独音,ねぇ？.wav,research/data/raw/reference/utau-samples/平野文/単独音/おまけ/ねぇ？.wav,ねぇ？,,0,cv,44100,1,0.900000,false,true,
平野文,星野フミカ,単独音,ひどいわ.wav,research/data/raw/reference/utau-samples/平野文/単独音/おまけ/ひどいわ.wav,ひどいわ,,0,unknown,44100,1,0.915011,false,true,
平野文,星野フミカ,単独音,また明日ね.wav,research/data/raw/reference/utau-samples/平野文/単独音/おまけ/また明日ね.wav,また明日ね,,0,unknown,44100,1,1.674989,false,true,
平野文,星野フミカ,単独音,もう.wav,research/data/raw/reference/utau-samples/平野文/単独音/おまけ/もう.wav,もう,,0,cv,44100,1,1.024989,false,true,
平野文,星野フミカ,単独音,キライ！.wav,research/data/raw/reference/utau-samples/平野文/単独音/おまけ/キライ！.wav,キライ！,,0,unknown,44100,1,0.795011,false,true,
平野文,星野フミカ,単独音,スキ.wav,research/data/raw/reference/utau-samples/平野文/単独音/おまけ/スキ.wav,スキ,,0,cv,44100,1,0.700000,false,true,
平野文,星野フミカ,単独音,ダーリン.wav,research/data/raw/reference/utau-samples/平野文/単独音/おまけ/ダーリン.wav,ダーリン,,0,unknown,44100,1,0.790000,false,true,
平野文,星野フミカ,単独音,冗談よ.wav,research/data/raw/reference/utau-samples/平野文/単独音/おまけ/冗談よ.wav,冗談よ,,0,cv,44100,1,1.080000,false,true,
平野文,星野フミカ,単独音,出来たわよ.wav,research/data/raw/reference/utau-samples/平野文/単独音/おまけ/出来たわよ.wav,出来たわよ,,0,unknown,44100,1,0.900000,false,true,
平野文,星野フミカ,単独音,愛してる.wav,research/data/raw/reference/utau-samples/平野文/単独音/おまけ/愛してる.wav,愛してる,,0,unknown,44100,1,1.074989,false,true,
平野文,星野フミカ,単独音,歌うわよ.wav,research/data/raw/reference/utau-samples/平野文/単独音/おまけ/歌うわよ.wav,歌うわよ,,0,unknown,44100,1,1.060000,false,true,
平野文,星野フミカ,単独音,か.wav,research/data/raw/reference/utau-samples/平野文/単独音/か.wav,か,,1,cv,44100,1,1.062404,true,true,
平野文,星野フミカ,単独音,が.wav,research/data/raw/reference/utau-samples/平野文/単独音/が.wav,が,,0,cv,44100,1,0.999909,true,true,
平野文,星野フミカ,単独音,き.wav,research/data/raw/reference/utau-samples/平野文/単独音/き.wav,き,,1,cv,44100,1,0.999909,true,true,
平野文,星野フミカ,単独音,きぇ.wav,research/data/raw/reference/utau-samples/平野文/単独音/きぇ.wav,きぇ,,1,cv,44100,1,0.999909,true,true,
平野文,星野フミカ,単独音,きゃ.wav,research/data/raw/reference/utau-samples/平野文/単独音/きゃ.wav,きゃ,,1,cv,44100,1,0.999909,true,true,
平野文,星野フミカ,単独音,きゅ.wav,research/data/raw/reference/utau-samples/平野文/単独音/きゅ.wav,きゅ,,1,cv,44100,1,1.062404,true,true,
平野文,星野フミカ,単独音,きょ.wav,research/data/raw/reference/utau-samples/平野文/単独音/きょ.wav,きょ,,1,cv,44100,1,0.999909,true,true,
平野文,星野フミカ,単独音,ぎ.wav,research/data/raw/reference/utau-samples/平野文/単独音/ぎ.wav,ぎ,,0,cv,44100,1,1.062404,true,true,
平野文,星野フミカ,単独音,ぎぇ.wav,research/data/raw/reference/utau-samples/平野文/単独音/ぎぇ.wav,ぎぇ,,0,cv,44100,1,0.999909,true,true,
平野文,星野フミカ,単独音,ぎゃ.wav,research/data/raw/reference/utau-samples/平野文/単独音/ぎゃ.wav,ぎゃ,,0,cv,44100,1,1.062404,true,true,
平野文,星野フミカ,単独音,ぎゅ.wav,research/data/raw/reference/utau-samples/平野文/単独音/ぎゅ.wav,ぎゅ,,0,cv,44100,1,1.062404,true,true,
平野文,星野フミカ,単独音,ぎょ.wav,research/data/raw/reference/utau-samples/平野文/単独音/ぎょ.wav,ぎょ,,0,cv,44100,1,1.062404,true,true,
平野文,星野フミカ,単独音,く.wav,research/data/raw/reference/utau-samples/平野文/単独音/く.wav,く,,1,cv,44100,1,0.999909,true,true,
平野文,星野フミカ,単独音,くぁ.wav,research/data/raw/reference/utau-samples/平野文/単独音/くぁ.wav,くぁ,,1,cv,44100,1,1.062404,true,true,
平野文,星野フミカ,単独音,くぃ.wav,research/data/raw/reference/utau-samples/平野文/単独音/くぃ.wav,くぃ,,1,cv,44100,1,0.999909,true,true,
平野文,星野フミカ,単独音,くぇ.wav,research/data/raw/reference/utau-samples/平野文/単独音/くぇ.wav,くぇ,,1,cv,44100,1,0.999909,true,true,
平野文,星野フミカ,単独音,くぉ.wav,research/data/raw/reference/utau-samples/平野文/単独音/くぉ.wav,くぉ,,1,cv,44100,1,1.062404,true,true,
平野文,星野フミカ,単独音,ぐ.wav,research/data/raw/reference/utau-samples/平野文/単独音/ぐ.wav,ぐ,,0,cv,44100,1,0.999909,true,true,
平野文,星野フミカ,単独音,ぐぁ.wav,research/data/raw/reference/utau-samples/平野文/単独音/ぐぁ.wav,ぐぁ,,0,cv,44100,1,0.999909,true,true,
平野文,星野フミカ,単独音,ぐぃ.wav,research/data/raw/reference/utau-samples/平野文/単独音/ぐぃ.wav,ぐぃ,,0,cv,44100,1,1.062404,true,true,
平野文,星野フミカ,単独音,ぐぇ.wav,research/data/raw/reference/utau-samples/平野文/単独音/ぐぇ.wav,ぐぇ,,0,cv,44100,1,0.999909,true,true,
平野文,星野フミカ,単独音,ぐぉ.wav,research/data/raw/reference/utau-samples/平野文/単独音/ぐぉ.wav,ぐぉ,,0,cv,44100,1,0.999909,true,true,
平野文,星野フミカ,単独音,け.wav,research/data/raw/reference/utau-samples/平野文/単独音/け.wav,け,,1,cv,44100,1,1.062404,true,true,
平野文,星野フミカ,単独音,げ.wav,research/data/raw/reference/utau-samples/平野文/単独音/げ.wav,げ,,0,cv,44100,1,0.999909,true,true,
平野文,星野フミカ,単独音,こ.wav,research/data/raw/reference/utau-samples/平野文/単独音/こ.wav,こ,,1,cv,44100,1,1.062404,true,true,
平野文,星野フミカ,単独音,ご.wav,research/data/raw/reference/utau-samples/平野文/単独音/ご.wav,ご,,0,cv,44100,1,1.062404,true,true,
平野文,星野フミカ,単独音,さ.wav,research/data/raw/reference/utau-samples/平野文/単独音/さ.wav,さ,,1,cv,44100,1,0.999909,true,true,
平野文,星野フミカ,単独音,ざ.wav,research/data/raw/reference/utau-samples/平野文/単独音/ざ.wav,ざ,,0,cv,44100,1,0.999909,true,true,
平野文,星野フミカ,単独音,し.wav,research/data/raw/reference/utau-samples/平野文/単独音/し.wav,し,,1,cv,44100,1,0.999909,true,true,
平野文,星野フミカ,単独音,しぇ.wav,research/data/raw/reference/utau-samples/平野文/単独音/しぇ.wav,しぇ,,1,cv,44100,1,0.999909,true,true,
平野文,星野フミカ,単独音,しゃ.wav,research/data/raw/reference/utau-samples/平野文/単独音/しゃ.wav,しゃ,,1,cv,44100,1,1.062404,true,true,
平野文,星野フミカ,単独音,しゅ.wav,research/data/raw/reference/utau-samples/平野文/単独音/しゅ.wav,しゅ,,1,cv,44100,1,0.999909,true,true,
平野文,星野フミカ,単独音,しょ.wav,research/data/raw/reference/utau-samples/平野文/単独音/しょ.wav,しょ,,1,cv,44100,1,1.062404,true,true,
平野文,星野フミカ,単独音,じ.wav,research/data/raw/reference/utau-samples/平野文/単独音/じ.wav,じ,,0,cv,44100,1,0.999909,true,true,
平野文,星野フミカ,単独音,じぇ.wav,research/data/raw/reference/utau-samples/平野文/単独音/じぇ.wav,じぇ,,0,cv,44100,1,0.999909,true,true,
平野文,星野フミカ,単独音,じゃ.wav,research/data/raw/reference/utau-samples/平野文/単独音/じゃ.wav,じゃ,,0,cv,44100,1,0.999909,true,true,
平野文,星野フミカ,単独音,じゅ.wav,research/data/raw/reference/utau-samples/平野文/単独音/じゅ.wav,じゅ,,0,cv,44100,1,1.062404,true,true,
平野文,星野フミカ,単独音,じょ.wav,research/data/raw/reference/utau-samples/平野文/単独音/じょ.wav,じょ,,0,cv,44100,1,0.999909,true,true,
平野文,星野フミカ,単独音,す.wav,research/data/raw/reference/utau-samples/平野文/単独音/す.wav,す,,1,cv,44100,1,1.062404,true,true,
平野文,星野フミカ,単独音,すぁ.wav,research/data/raw/reference/utau-samples/平野文/単独音/すぁ.wav,すぁ,,1,cv,44100,1,0.999909,true,true,
平野文,星野フミカ,単独音,すぃ.wav,research/data/raw/reference/utau-samples/平野文/単独音/すぃ.wav,すぃ,,1,cv,44100,1,0.999909,true,true,
平野文,星野フミカ,単独音,すぇ.wav,research/data/raw/reference/utau-samples/平野文/単独音/すぇ.wav,すぇ,,1,cv,44100,1,1.062404,true,true,
平野文,星野フミカ,単独音,すぉ.wav,research/data/raw/reference/utau-samples/平野文/単独音/すぉ.wav,すぉ,,1,cv,44100,1,0.999909,true,true,
平野文,星野フミカ,単独音,ず.wav,research/data/raw/reference/utau-samples/平野文/単独音/ず.wav,ず,,0,cv,44100,1,1.062404,true,true,
平野文,星野フミカ,単独音,ずぁ.wav,research/data/raw/reference/utau-samples/平野文/単独音/ずぁ.wav,ずぁ,,0,cv,44100,1,1.062404,true,true,
平野文,星野フミカ,単独音,ずぃ.wav,research/data/raw/reference/utau-samples/平野文/単独音/ずぃ.wav,ずぃ,,0,cv,44100,1,0.999909,true,true,
平野文,星野フミカ,単独音,ずぇ.wav,research/data/raw/reference/utau-samples/平野文/単独音/ずぇ.wav,ずぇ,,0,cv,44100,1,0.999909,true,true,
平野文,星野フミカ,単独音,ずぉ.wav,research/data/raw/reference/utau-samples/平野文/単独音/ずぉ.wav,ずぉ,,0,cv,44100,1,1.062404,true,true,
平野文,星野フミカ,単独音,せ.wav,research/data/raw/reference/utau-samples/平野文/単独音/せ.wav,せ,,1,cv,44100,1,1.062404,true,true,
平野文,星野フミカ,単独音,ぜ.wav,research/data/raw/reference/utau-samples/平野文/単独音/ぜ.wav,ぜ,,0,cv,44100,1,0.999909,true,true,
平野文,星野フミカ,単独音,そ.wav,research/data/raw/reference/utau-samples/平野文/単独音/そ.wav,そ,,1,cv,44100,1,0.999909,true,true,
平野文,星野フミカ,単独音,ぞ.wav,research/data/raw/reference/utau-samples/平野文/単独音/ぞ.wav,ぞ,,0,cv,44100,1,0.999909,true,true,
平野文,星野フミカ,単独音,た.wav,research/data/raw/reference/utau-samples/平野文/単独音/た.wav,た,,1,cv,44100,1,0.999909,true,true,
平野文,星野フミカ,単独音,だ.wav,research/data/raw/reference/utau-samples/平野文/単独音/だ.wav,だ,,0,cv,44100,1,1.062404,true,true,
平野文,星野フミカ,単独音,ち.wav,research/data/raw/reference/utau-samples/平野文/単独音/ち.wav,ち,,1,cv,44100,1,1.062404,true,true,
平野文,星野フミカ,単独音,ちぇ.wav,research/data/raw/reference/utau-samples/平野文/単独音/ちぇ.wav,ちぇ,,1,cv,44100,1,0.999909,true,true,
平野文,星野フミカ,単独音,ちゃ.wav,research/data/raw/reference/utau-samples/平野文/単独音/ちゃ.wav,ちゃ,,1,cv,44100,1,1.062404,true,true,
平野文,星野フミカ,単独音,ちゅ.wav,research/data/raw/reference/utau-samples/平野文/単独音/ちゅ.wav,ちゅ,,1,cv,44100,1,0.999909,true,true,
平野文,星野フミカ,単独音,ちょ.wav,research/data/raw/reference/utau-samples/平野文/単独音/ちょ.wav,ちょ,,1,cv,44100,1,1.062404,true,true,
平野文,星野フミカ,単独音,つ.wav,research/data/raw/reference/utau-samples/平野文/単独音/つ.wav,つ,,1,cv,44100,1,0.999909,true,true,
平野文,星野フミカ,単独音,つぁ.wav,research/data/raw/reference/utau-samples/平野文/単独音/つぁ.wav,つぁ,,1,cv,44100,1,0.999909,true,true,
平野文,星野フミカ,単独音,つぃ.wav,research/data/raw/reference/utau-samples/平野文/単独音/つぃ.wav,つぃ,,1,cv,44100,1,1.062404,true,true,
平野文,星野フミカ,単独音,つぇ.wav,research/data/raw/reference/utau-samples/平野文/単独音/つぇ.wav,つぇ,,1,cv,44100,1,0.937415,true,true,
平野文,星野フミカ,単独音,つぉ.wav,research/data/raw/reference/utau-samples/平野文/単独音/つぉ.wav,つぉ,,1,cv,44100,1,1.062404,true,true,
平野文,星野フミカ,単独音,て.wav,research/data/raw/reference/utau-samples/平野文/単独音/て.wav,て,,1,cv,44100,1,0.999909,true,true,
平野文,星野フミカ,単独音,てぃ.wav,research/data/raw/reference/utau-samples/平野文/単独音/てぃ.wav,てぃ,,1,cv,44100,1,0.999909,true,true,
平野文,星野フミカ,単独音,てゅ.wav,research/data/raw/reference/utau-samples/平野文/単独音/てゅ.wav,てゅ,,1,cv,44100,1,0.999909,true,true,
平野文,星野フミカ,単独音,で.wav,research/data/raw/reference/utau-samples/平野文/単独音/で.wav,で,,0,cv,44100,1,0.999909,true,true,
平野文,星野フミカ,単独音,でぃ.wav,research/data/raw/reference/utau-samples/平野文/単独音/でぃ.wav,でぃ,,0,cv,44100,1,0.999909,true,true,
平野文,星野フミカ,単独音,でゅ.wav,research/data/raw/reference/utau-samples/平野文/単独音/でゅ.wav,でゅ,,0,cv,44100,1,1.062404,true,true,
平野文,星野フミカ,単独音,と.wav,research/data/raw/reference/utau-samples/平野文/単独音/と.wav,と,,1,cv,44100,1,1.062404,true,true,
平野文,星野フミカ,単独音,とぅ.wav,research/data/raw/reference/utau-samples/平野文/単独音/とぅ.wav,とぅ,,1,cv,44100,1,1.062404,true,true,
平野文,星野フミカ,単独音,ど.wav,research/data/raw/reference/utau-samples/平野文/単独音/ど.wav,ど,,0,cv,44100,1,0.999909,true,true,
平野文,星野フミカ,単独音,どぅ.wav,research/data/raw/reference/utau-samples/平野文/単独音/どぅ.wav,どぅ,,0,cv,44100,1,0.999909,true,true,
平野文,星野フミカ,単独音,な.wav,research/data/raw/reference/utau-samples/平野文/単独音/な.wav,な,,1,cv,44100,1,1.062404,true,true,
平野文,星野フミカ,単独音,に.wav,research/data/raw/reference/utau-samples/平野文/単独音/に.wav,に,,1,cv,44100,1,0.999909,true,true,
平野文,星野フミカ,単独音,にぇ.wav,research/data/raw/reference/utau-samples/平野文/単独音/にぇ.wav,にぇ,,1,cv,44100,1,1.062404,true,true,
平野文,星野フミカ,単独音,にゃ.wav,research/data/raw/reference/utau-samples/平野文/単独音/にゃ.wav,にゃ,,1,cv,44100,1,0.999909,true,true,
平野文,星野フミカ,単独音,にゅ.wav,research/data/raw/reference/utau-samples/平野文/単独音/にゅ.wav,にゅ,,1,cv,44100,1,0.999909,true,true,
平野文,星野フミカ,単独音,にょ.wav,research/data/raw/reference/utau-samples/平野文/単独音/にょ.wav,にょ,,1,cv,44100,1,0.999909,true,true,
平野文,星野フミカ,単独音,ぬ.wav,research/data/raw/reference/utau-samples/平野文/単独音/ぬ.wav,ぬ,,1,cv,44100,1,1.062404,true,true,
平野文,星野フミカ,単独音,ね.wav,research/data/raw/reference/utau-samples/平野文/単独音/ね.wav,ね,,1,cv,44100,1,1.062404,true,true,
平野文,星野フミカ,単独音,の.wav,research/data/raw/reference/utau-samples/平野文/単独音/の.wav,の,,1,cv,44100,1,1.062404,true,true,
平野文,星野フミカ,単独音,は.wav,research/data/raw/reference/utau-samples/平野文/単独音/は.wav,は,,1,cv,44100,1,0.999909,true,true,
平野文,星野フミカ,単独音,ば.wav,research/data/raw/reference/utau-samples/平野文/単独音/ば.wav,ば,,0,cv,44100,1,1.062404,true,true,
平野文,星野フミカ,単独音,ぱ.wav,research/data/raw/reference/utau-samples/平野文/単独音/ぱ.wav,ぱ,,0,cv,44100,1,1.062404,true,true,
平野文,星野フミカ,単独音,ひ.wav,research/data/raw/reference/utau-samples/平野文/単独音/ひ.wav,ひ,,1,cv,44100,1,0.999909,true,true,
平野文,星野フミカ,単独音,ひぇ.wav,research/data/raw/reference/utau-samples/平野文/単独音/ひぇ.wav,ひぇ,,1,cv,44100,1,1.062404,true,true,
平野文,星野フミカ,単独音,ひゃ.wav,research/data/raw/reference/utau-samples/平野文/単独音/ひゃ.wav,ひゃ,,1,cv,44100,1,0.999909,true,true,
平野文,星野フミカ,単独音,ひゅ.wav,research/data/raw/reference/utau-samples/平野文/単独音/ひゅ.wav,ひゅ,,1,cv,44100,1,1.062404,true,true,
平野文,星野フミカ,単独音,ひょ.wav,research/data/raw/reference/utau-samples/平野文/単独音/ひょ.wav,ひょ,,1,cv,44100,1,0.999909,true,true,
平野文,星野フミカ,単独音,び.wav,research/data/raw/reference/utau-samples/平野文/単独音/び.wav,び,,0,cv,44100,1,0.999909,true,true,
平野文,星野フミカ,単独音,びぇ.wav,research/data/raw/reference/utau-samples/平野文/単独音/びぇ.wav,びぇ,,0,cv,44100,1,0.999909,true,true,
平野文,星野フミカ,単独音,びゃ.wav,research/data/raw/reference/utau-samples/平野文/単独音/びゃ.wav,びゃ,,0,cv,44100,1,1.062404,true,true,
平野文,星野フミカ,単独音,びゅ.wav,research/data/raw/reference/utau-samples/平野文/単独音/びゅ.wav,びゅ,,0,cv,44100,1,0.999909,true,true,
平野文,星野フミカ,単独音,びょ.wav,research/data/raw/reference/utau-samples/平野文/単独音/びょ.wav,びょ,,0,cv,44100,1,1.062404,true,true,
平野文,星野フミカ,単独音,ぴ.wav,research/data/raw/reference/utau-samples/平野文/単独音/ぴ.wav,ぴ,,0,cv,44100,1,0.999909,true,true,
平野文,星野フミカ,単独音,ぴぇ.wav,research/data/raw/reference/utau-samples/平野文/単独音/ぴぇ.wav,ぴぇ,,0,cv,44100,1,1.062404,true,true,
平野文,星野フミカ,単独音,ぴゃ.wav,research/data/raw/reference/utau-samples/平野文/単独音/ぴゃ.wav,ぴゃ,,0,cv,44100,1,0.999909,true,true,
平野文,星野フミカ,単独音,ぴゅ.wav,research/data/raw/reference/utau-samples/平野文/単独音/ぴゅ.wav,ぴゅ,,0,cv,44100,1,0.999909,true,true,
平野文,星野フミカ,単独音,ぴょ.wav,research/data/raw/reference/utau-samples/平野文/単独音/ぴょ.wav,ぴょ,,0,cv,44100,1,1.062404,true,true,
平野文,星野フミカ,単独音,ふ.wav,research/data/raw/reference/utau-samples/平野文/単独音/ふ.wav,ふ,,1,cv,44100,1,1.062404,true,true,
平野文,星野フミカ,単独音,ふぁ.wav,research/data/raw/reference/utau-samples/平野文/単独音/ふぁ.wav,ふぁ,,1,cv,44100,1,1.062404,true,true,
平野文,星野フミカ,単独音,ふぃ.wav,research/data/raw/reference/utau-samples/平野文/単独音/ふぃ.wav,ふぃ,,1,cv,44100,1,0.999909,true,true,
平野文,星野フミカ,単独音,ふぇ.wav,research/data/raw/reference/utau-samples/平野文/単独音/ふぇ.wav,ふぇ,,1,cv,44100,1,1.062404,true,true,
平野文,星野フミカ,単独音,ふぉ.wav,research/data/raw/reference/utau-samples/平野文/単独音/ふぉ.wav,ふぉ,,1,cv,44100,1,1.062404,true,true,
平野文,星野フミカ,単独音,ぶ.wav,research/data/raw/reference/utau-samples/平野文/単独音/ぶ.wav,ぶ,,0,cv,44100,1,0.999909,true,true,
平野文,星野フミカ,単独音,ぶぁ.wav,research/data/raw/reference/utau-samples/平野文/単独音/ぶぁ.wav,ぶぁ,,0,cv,44100,1,0.999909,true,true,
平野文,星野フミカ,単独音,ぶぃ.wav,research/data/raw/reference/utau-samples/平野文/単独音/ぶぃ.wav,ぶぃ,,0,cv,44100,1,1.062404,true,true,
平野文,星野フミカ,単独音,ぶぇ.wav,research/data/raw/reference/utau-samples/平野文/単独音/ぶぇ.wav,ぶぇ,,0,cv,44100,1,0.999909,true,true,
平野文,星野フミカ,単独音,ぶぉ.wav,research/data/raw/reference/utau-samples/平野文/単独音/ぶぉ.wav,ぶぉ,,0,cv,44100,1,0.999909,true,true,
平野文,星野フミカ,単独音,ぷ.wav,research/data/raw/reference/utau-samples/平野文/単独音/ぷ.wav,ぷ,,0,cv,44100,1,0.999909,true,true,
平野文,星野フミカ,単独音,ぷぁ.wav,research/data/raw/reference/utau-samples/平野文/単独音/ぷぁ.wav,ぷぁ,,0,cv,44100,1,0.999909,true,true,
平野文,星野フミカ,単独音,ぷぃ.wav,research/data/raw/reference/utau-samples/平野文/単独音/ぷぃ.wav,ぷぃ,,0,cv,44100,1,1.062404,true,true,
平野文,星野フミカ,単独音,ぷぇ.wav,research/data/raw/reference/utau-samples/平野文/単独音/ぷぇ.wav,ぷぇ,,0,cv,44100,1,0.999909,true,true,
平野文,星野フミカ,単独音,ぷぉ.wav,research/data/raw/reference/utau-samples/平野文/単独音/ぷぉ.wav,ぷぉ,,0,cv,44100,1,0.999909,true,true,
平野文,星野フミカ,単独音,へ.wav,research/data/raw/reference/utau-samples/平野文/単独音/へ.wav,へ,,1,cv,44100,1,0.999909,true,true,
平野文,星野フミカ,単独音,べ.wav,research/data/raw/reference/utau-samples/平野文/単独音/べ.wav,べ,,0,cv,44100,1,1.062404,true,true,
平野文,星野フミカ,単独音,ぺ.wav,research/data/raw/reference/utau-samples/平野文/単独音/ぺ.wav,ぺ,,0,cv,44100,1,1.062404,true,true,
平野文,星野フミカ,単独音,ほ.wav,research/data/raw/reference/utau-samples/平野文/単独音/ほ.wav,ほ,,1,cv,44100,1,0.999909,true,true,
平野文,星野フミカ,単独音,ぼ.wav,research/data/raw/reference/utau-samples/平野文/単独音/ぼ.wav,ぼ,,0,cv,44100,1,0.999909,true,true,
平野文,星野フミカ,単独音,ぽ.wav,research/data/raw/reference/utau-samples/平野文/単独音/ぽ.wav,ぽ,,0,cv,44100,1,0.999909,true,true,
平野文,星野フミカ,単独音,ま.wav,research/data/raw/reference/utau-samples/平野文/単独音/ま.wav,ま,,1,cv,44100,1,1.062404,true,true,
平野文,星野フミカ,単独音,み.wav,research/data/raw/reference/utau-samples/平野文/単独音/み.wav,み,,1,cv,44100,1,0.999909,true,true,
平野文,星野フミカ,単独音,みぇ.wav,research/data/raw/reference/utau-samples/平野文/単独音/みぇ.wav,みぇ,,1,cv,44100,1,0.999909,true,true,
平野文,星野フミカ,単独音,みゃ.wav,research/data/raw/reference/utau-samples/平野文/単独音/みゃ.wav,みゃ,,1,cv,44100,1,0.999909,true,true,
平野文,星野フミカ,単独音,みゅ.wav,research/data/raw/reference/utau-samples/平野文/単独音/みゅ.wav,みゅ,,1,cv,44100,1,1.062404,true,true,
平野文,星野フミカ,単独音,みょ.wav,research/data/raw/reference/utau-samples/平野文/単独音/みょ.wav,みょ,,1,cv,44100,1,1.062404,true,true,
平野文,星野フミカ,単独音,む.wav,research/data/raw/reference/utau-samples/平野文/単独音/む.wav,む,,1,cv,44100,1,0.999909,true,true,
平野文,星野フミカ,単独音,め.wav,research/data/raw/reference/utau-samples/平野文/単独音/め.wav,め,,1,cv,44100,1,1.062404,true,true,
平野文,星野フミカ,単独音,も.wav,research/data/raw/reference/utau-samples/平野文/単独音/も.wav,も,,1,cv,44100,1,1.062404,true,true,
平野文,星野フミカ,単独音,や.wav,research/data/raw/reference/utau-samples/平野文/単独音/や.wav,や,,1,cv,44100,1,0.999909,true,true,
平野文,星野フミカ,単独音,ゆ.wav,research/data/raw/reference/utau-samples/平野文/単独音/ゆ.wav,ゆ,,1,cv,44100,1,1.062404,true,true,
平野文,星野フミカ,単独音,よ.wav,research/data/raw/reference/utau-samples/平野文/単独音/よ.wav,よ,,1,cv,44100,1,1.062404,true,true,
平野文,星野フミカ,単独音,ら.wav,research/data/raw/reference/utau-samples/平野文/単独音/ら.wav,ら,,1,cv,44100,1,0.999909,true,true,
平野文,星野フミカ,単独音,り.wav,research/data/raw/reference/utau-samples/平野文/単独音/り.wav,り,,1,cv,44100,1,0.999909,true,true,
平野文,星野フミカ,単独音,りぇ.wav,research/data/raw/reference/utau-samples/平野文/単独音/りぇ.wav,りぇ,,1,cv,44100,1,0.999909,true,true,
平野文,星野フミカ,単独音,りゃ.wav,research/data/raw/reference/utau-samples/平野文/単独音/りゃ.wav,りゃ,,1,cv,44100,1,1.062404,true,true,
平野文,星野フミカ,単独音,りゅ.wav,research/data/raw/reference/utau-samples/平野文/単独音/りゅ.wav,りゅ,,1,cv,44100,1,0.999909,true,true,
平野文,星野フミカ,単独音,りょ.wav,research/data/raw/reference/utau-samples/平野文/単独音/りょ.wav,りょ,,1,cv,44100,1,1.062404,true,true,
平野文,星野フミカ,単独音,る.wav,research/data/raw/reference/utau-samples/平野文/単独音/る.wav,る,,1,cv,44100,1,1.062404,true,true,
平野文,星野フミカ,単独音,れ.wav,research/data/raw/reference/utau-samples/平野文/単独音/れ.wav,れ,,1,cv,44100,1,0.999909,true,true,
平野文,星野フミカ,単独音,ろ.wav,research/data/raw/reference/utau-samples/平野文/単独音/ろ.wav,ろ,,1,cv,44100,1,0.999909,true,true,
平野文,星野フミカ,単独音,わ.wav,research/data/raw/reference/utau-samples/平野文/単独音/わ.wav,わ,,1,cv,44100,1,1.062404,true,true,
平野文,星野フミカ,単独音,を.wav,research/data/raw/reference/utau-samples/平野文/単独音/を.wav,を,,1,cv,44100,1,0.999909,true,true,
平野文,星野フミカ,単独音,ん.wav,research/data/raw/reference/utau-samples/平野文/単独音/ん.wav,ん,,1,cv,44100,1,0.999909,true,true,
平野文,星野フミカ,単独音,ヴ.wav,research/data/raw/reference/utau-samples/平野文/単独音/ヴ.wav,ヴ,,0,cv,44100,1,0.999909,true,true,
平野文,星野フミカ,単独音,ヴぁ.wav,research/data/raw/reference/utau-samples/平野文/単独音/ヴぁ.wav,ヴぁ,,0,cv,44100,1,1.062404,true,true,
平野文,星野フミカ,単独音,ヴぃ.wav,research/data/raw/reference/utau-samples/平野文/単独音/ヴぃ.wav,ヴぃ,,0,cv,44100,1,1.062404,true,true,
平野文,星野フミカ,単独音,ヴぇ.wav,research/data/raw/reference/utau-samples/平野文/単独音/ヴぇ.wav,ヴぇ,,0,cv,44100,1,1.062404,true,true,
平野文,星野フミカ,単独音,ヴぉ.wav,research/data/raw/reference/utau-samples/平野文/単独音/ヴぉ.wav,ヴぉ,,0,cv,44100,1,0.999909,true,true,
平野文,星野フミカ,連続音,_ああいあうあ.wav,research/data/raw/reference/utau-samples/平野文/連続音/_ああいあうあ.wav,_ああいあうあ,- あ,6,vcv,44100,1,4.187120,true,true,
平野文,星野フミカ,連続音,_いいういえい.wav,research/data/raw/reference/utau-samples/平野文/連続音/_いいういえい.wav,_いいういえい,- い,6,vcv,44100,1,4.249615,true,true,
平野文,星野フミカ,連続音,_いいゆいよい.wav,research/data/raw/reference/utau-samples/平野文/連続音/_いいゆいよい.wav,_いいゆいよい,i ゆ,3,vcv,44100,1,4.249615,true,true,
平野文,星野フミカ,連続音,_いぇいぇいいぇゆいぇ.wav,research/data/raw/reference/utau-samples/平野文/連続音/_いぇいぇいいぇゆいぇ.wav,_いぇいぇいいぇゆいぇ,- いぇ,5,vcv,44100,1,4.249615,true,true,
平野文,星野フミカ,連続音,_うぃうぃううぃうぉうぃ.wav,research/data/raw/reference/utau-samples/平野文/連続音/_うぃうぃううぃうぉうぃ.wav,_うぃうぃううぃうぉうぃ,- うぃ,5,vcv,44100,1,4.124626,true,true,
平野文,星野フミカ,連続音,_うううぉうわう.wav,research/data/raw/reference/utau-samples/平野文/連続音/_うううぉうわう.wav,_うううぉうわう,- う,5,vcv,44100,1,4.124626,true,true,
平野文,星野フミカ,連続音,_ううえうおう.wav,research/data/raw/reference/utau-samples/平野文/連続音/_ううえうおう.wav,_ううえうおう,u え,4,vcv,44100,1,4.124626,true,true,
平野文,星野フミカ,連続音,_うぇうぇうぃうぇううぇ.wav,research/data/raw/reference/utau-samples/平野文/連続音/_うぇうぇうぃうぇううぇ.wav,_うぇうぇうぃうぇううぇ,- うぇ,5,vcv,44100,1,4.124626,true,true,
平野文,星野フミカ,連続音,_うぉうぉわうぉうぇうぉ.wav,research/data/raw/reference/utau-samples/平野文/連続音/_うぉうぉわうぉうぇうぉ.wav,_うぉうぉわうぉうぇうぉ,- うぉ,6,vcv,44100,1,4.187120,true,true,
平野文,星野フミカ,連続音,_ええおえあえ.wav,research/data/raw/reference/utau-samples/平野文/連続音/_ええおえあえ.wav,_ええおえあえ,- え,7,vcv,44100,1,4.124626,true,true,
平野文,星野フミカ,連続音,_おおあおいお.wav,research/data/raw/reference/utau-samples/平野文/連続音/_おおあおいお.wav,_おおあおいお,- お,9,vcv,44100,1,4.249615,true,true,
平野文,星野フミカ,連続音,_かかけかきか.wav,research/data/raw/reference/utau-samples/平野文/連続音/_かかけかきか.wav,_かかけかきか,- か,6,vcv,44100,1,4.249615,true,true,
平野文,星野フミカ,連続音,_ががげがぎが.wav,research/data/raw/reference/utau-samples/平野文/連続音/_ががげがぎが.wav,_ががげがぎが,,0,vcv,44100,1,4.187120,true,true,
平野文,星野フミカ,連続音,_きぇきぇききぇきゅきぇ.wav,research/data/raw/reference/utau-samples/平野文/連続音/_きぇきぇききぇきゅきぇ.wav,_きぇきぇききぇきゅきぇ,- きぇ,6,vcv,44100,1,4.187120,true,true,
平野文,星野フミカ,連続音,_きききゅききょき.wav,research/data/raw/reference/utau-samples/平野文/連続音/_きききゅききょき.wav,_きききゅききょき,- き,6,vcv,44100,1,4.249615,true,true,
平野文,星野フミカ,連続音,_ききくきこき.wav,research/data/raw/reference/utau-samples/平野文/連続音/_ききくきこき.wav,_ききくきこき,i く,2,vcv,44100,1,4.124626,true,true,
平野文,星野フミカ,連続音,_きゃきゃきぇきゃききゃ.wav,research/data/raw/reference/utau-samples/平野文/連続音/_きゃきゃきぇきゃききゃ.wav,_きゃきゃきぇきゃききゃ,- きゃ,5,vcv,44100,1,4.249615,true,true,
平野文,星野フミカ,連続音,_きゅきゅきょきゅきゃきゅ.wav,research/data/raw/reference/utau-samples/平野文/連続音/_きゅきゅきょきゅきゃきゅ.wav,_きゅきゅきょきゅきゃきゅ,- きゅ,6,vcv,44100,1,4.187120,true,true,
平野文,星野フミカ,連続音,_きょきょきゃきょきぇきょ.wav,research/data/raw/reference/utau-samples/平野文/連続音/_きょきょきゃきょきぇきょ.wav,_きょきょきゃきょきぇきょ,- きょ,6,vcv,44100,1,4.124626,true,true,
平野文,星野フミカ,連続音,_ぎぇぎぇぎぎぇぎゅぎぇ.wav,research/data/raw/reference/utau-samples/平野文/連続音/_ぎぇぎぇぎぎぇぎゅぎぇ.wav,_ぎぇぎぇぎぎぇぎゅぎぇ,,0,vcv,44100,1,4.249615,true,true,
平野文,星野フミカ,連続音,_ぎぎぎゅぎぎょぎ.wav,research/data/raw/reference/utau-samples/平野文/連続音/_ぎぎぎゅぎぎょぎ.wav,_ぎぎぎゅぎぎょぎ,,0,vcv,44100,1,4.187120,true,true,
平野文,星野フミカ,連続音,_ぎぎぐぎごぎ.wav,research/data/raw/reference/utau-samples/平野文/連続音/_ぎぎぐぎごぎ.wav,_ぎぎぐぎごぎ,,0,vcv,44100,1,4.249615,true,true,
平野文,星野フミカ,連続音,_ぎゃぎゃぎぇぎゃぎぎゃ.wav,research/data/raw/reference/utau-samples/平野文/連続音/_ぎゃぎゃぎぇぎゃぎぎゃ.wav,_ぎゃぎゃぎぇぎゃぎぎゃ,,0,vcv,44100,1,4.249615,true,true,
平野文,星野フミカ,連続音,_ぎゅぎゅぎょぎゅぎゃぎゅ.wav,research/data/raw/reference/utau-samples/平野文/連続音/_ぎゅぎゅぎょぎゅぎゃぎゅ.wav,_ぎゅぎゅぎょぎゅぎゃぎゅ,,0,vcv,44100,1,4.187120,true,true,
平野文,星野フミカ,連続音,_ぎょぎょぎゃぎょぎぇぎょ.wav,research/data/raw/reference/utau-samples/平野文/連続音/_ぎょぎょぎゃぎょぎぇぎょ.wav,_ぎょぎょぎゃぎょぎぇぎょ,,0,vcv,44100,1,4.187120,true,true,
平野文,星野フミカ,連続音,_くくこくかく.wav,research/data/raw/reference/utau-samples/平野文/連続音/_くくこくかく.wav,_くくこくかく,- く,6,vcv,44100,1,4.187120,true,true,
平野文,星野フミカ,連続音,_ぐぐごぐがぐ.wav,research/data/raw/reference/utau-samples/平野文/連続音/_ぐぐごぐがぐ.wav,_ぐぐごぐがぐ,,0,vcv,44100,1,4.187120,true,true,
平野文,星野フミカ,連続音,_けけきけくけ.wav,research/data/raw/reference/utau-samples/平野文/連続音/_けけきけくけ.wav,_けけきけくけ,- け,5,vcv,44100,1,4.124626,true,true,
平野文,星野フミカ,連続音,_げげぎげぐげ.wav,research/data/raw/reference/utau-samples/平野文/連続音/_げげぎげぐげ.wav,_げげぎげぐげ,,0,vcv,44100,1,4.187120,true,true,
平野文,星野フミカ,連続音,_ここかこけこ.wav,research/data/raw/reference/utau-samples/平野文/連続音/_ここかこけこ.wav,_ここかこけこ,- こ,6,vcv,44100,1,4.124626,true,true,
平野文,星野フミカ,連続音,_ごごがごげご.wav,research/data/raw/reference/utau-samples/平野文/連続音/_ごごがごげご.wav,_ごごがごげご,,0,vcv,44100,1,4.249615,true,true,
平野文,星野フミカ,連続音,_ささせさすぃさ.wav,research/data/raw/reference/utau-samples/平野文/連続音/_ささせさすぃさ.wav,_ささせさすぃさ,- さ,6,vcv,44100,1,4.249615,true,true,
平野文,星野フミカ,連続音,_ざざぜざずぃざ.wav,research/data/raw/reference/utau-samples/平野文/連続音/_ざざぜざずぃざ.wav,_ざざぜざずぃざ,,0,vcv,44100,1,4.187120,true,true,
平野文,星野フミカ,連続音,_しぇしぇししぇしゅしぇ.wav,research/data/raw/reference/utau-samples/平野文/連続音/_しぇしぇししぇしゅしぇ.wav,_しぇしぇししぇしゅしぇ,- しぇ,6,vcv,44100,1,4.124626,true,true,
平野文,星野フミカ,連続音,_しししゅししょし.wav,research/data/raw/reference/utau-samples/平野文/連続音/_しししゅししょし.wav,_しししゅししょし,- し,6,vcv,44100,1,4.124626,true,true,
平野文,星野フミカ,連続音,_しゃしゃしぇしゃししゃ.wav,research/data/raw/reference/utau-samples/平野文/連続音/_しゃしゃしぇしゃししゃ.wav,_しゃしゃしぇしゃししゃ,- しゃ,6,vcv,44100,1,4.249615,true,true,
平野文,星野フミカ,連続音,_しゅしゅしょしゅしゃしゅ.wav,research/data/raw/reference/utau-samples/平野文/連続音/_しゅしゅしょしゅしゃしゅ.wav,_しゅしゅしょしゅしゃしゅ,- しゅ,6,vcv,44100,1,4.187120,true,true,
平野文,星野フミカ,連続音,_しょしょしゃしょしぇしょ.wav,research/data/raw/reference/utau-samples/平野文/連続音/_しょしょしゃしょしぇしょ.wav,_しょしょしゃしょしぇしょ,- しょ,6,vcv,44100,1,4.124626,true,true,
平野文,星野フミカ,連続音,_じぇじぇじじぇじゅじぇ.wav,research/data/raw/reference/utau-samples/平野文/連続音/_じぇじぇじじぇじゅじぇ.wav,_じぇじぇじじぇじゅじぇ,,0,vcv,44100,1,4.187120,true,true,
平野文,星野フミカ,連続音,_じじじゅじじょじ.wav,research/data/raw/reference/utau-samples/平野文/連続音/_じじじゅじじょじ.wav,_じじじゅじじょじ,,0,vcv,44100,1,4.249615,true,true,
平野文,星野フミカ,連続音,_じゃじゃじぇじゃじじゃ.wav,research/data/raw/reference/utau-samples/平野文/連続音/_じゃじゃじぇじゃじじゃ.wav,_じゃじゃじぇじゃじじゃ,,0,vcv,44100,1,4.187120,true,true,
平野文,星野フミカ,連続音,_じゅじゅじょじゅじゃじゅ.wav,research/data/raw/reference/utau-samples/平野文/連続音/_じゅじゅじょじゅじゃじゅ.wav,_じゅじゅじょじゅじゃじゅ,,0,vcv,44100,1,4.187120,true,true,
平野文,星野フミカ,連続音,_じょじょじゃじょじぇじょ.wav,research/data/raw/reference/utau-samples/平野文/連続音/_じょじょじゃじょじぇじょ.wav,_じょじょじゃじょじぇじょ,,0,vcv,44100,1,4.187120,true,true,
平野文,星野フミカ,連続音,_すぃすぃすすぃそすぃ.wav,research/data/raw/reference/utau-samples/平野文/連続音/_すぃすぃすすぃそすぃ.wav,_すぃすぃすすぃそすぃ,- すぃ,6,vcv,44100,1,4.124626,true,true,
平野文,星野フミカ,連続音,_すすそすさす.wav,research/data/raw/reference/utau-samples/平野文/連続音/_すすそすさす.wav,_すすそすさす,- す,6,vcv,44100,1,4.187120,true,true,
平野文,星野フミカ,連続音,_ずぃずぃずずぃぞずぃ.wav,research/data/raw/reference/utau-samples/平野文/連続音/_ずぃずぃずずぃぞずぃ.wav,_ずぃずぃずずぃぞずぃ,,0,vcv,44100,1,4.249615,true,true,
平野文,星野フミカ,連続音,_ずずぞずざず.wav,research/data/raw/reference/utau-samples/平野文/連続音/_ずずぞずざず.wav,_ずずぞずざず,,0,vcv,44100,1,4.187120,true,true,
平野文,星野フミカ,連続音,_せせすぃせすせ.wav,research/data/raw/reference/utau-samples/平野文/連続音/_せせすぃせすせ.wav,_せせすぃせすせ,- せ,6,vcv,44100,1,4.249615,true,true,
平野文,星野フミカ,連続音,_ぜぜずぃぜずぜ.wav,research/data/raw/reference/utau-samples/平野文/連続音/_ぜぜずぃぜずぜ.wav,_ぜぜずぃぜずぜ,,0,vcv,44100,1,4.187120,true,true,
平野文,星野フミカ,連続音,_そそさそせそ.wav,research/data/raw/reference/utau-samples/平野文/連続音/_そそさそせそ.wav,_そそさそせそ,- そ,6,vcv,44100,1,4.187120,true,true,
平野文,星野フミカ,連続音,_ぞぞざぞぜぞ.wav,research/data/raw/reference/utau-samples/平野文/連続音/_ぞぞざぞぜぞ.wav,_ぞぞざぞぜぞ,,0,vcv,44100,1,4.124626,true,true,
平野文,星野フミカ,連続音,_たたてたてぃた.wav,research/data/raw/reference/utau-samples/平野文/連続音/_たたてたてぃた.wav,_たたてたてぃた,- た,6,vcv,44100,1,4.249615,true,true,
平野文,星野フミカ,連続音,_だだでだでぃだ.wav,research/data/raw/reference/utau-samples/平野文/連続音/_だだでだでぃだ.wav,_だだでだでぃだ,,0,vcv,44100,1,4.249615,true,true,
平野文,星野フミカ,連続音,_ちぇちぇちちぇちゅちぇ.wav,research/data/raw/reference/utau-samples/平野文/連続音/_ちぇちぇちちぇちゅちぇ.wav,_ちぇちぇちちぇちゅちぇ,- ちぇ,6,vcv,44100,1,4.187120,true,true,
平野文,星野フミカ,連続音,_ちちちゅちちょち.wav,research/data/raw/reference/utau-samples/平野文/連続音/_ちちちゅちちょち.wav,_ちちちゅちちょち,- ち,6,vcv,44100,1,4.249615,true,true,
平野文,星野フミカ,連続音,_ちゃちゃちぇちゃちちゃ.wav,research/data/raw/reference/utau-samples/平野文/連続音/_ちゃちゃちぇちゃちちゃ.wav,_ちゃちゃちぇちゃちちゃ,- ちゃ,6,vcv,44100,1,4.249615,true,true,
平野文,星野フミカ,連続音,_ちゅちゅちょちゅちゃちゅ.wav,research/data/raw/reference/utau-samples/平野文/連続音/_ちゅちゅちょちゅちゃちゅ.wav,_ちゅちゅちょちゅちゃちゅ,- ちゅ,6,vcv,44100,1,4.124626,true,true,
平野文,星野フミカ,連続音,_ちょちょちゃちょちぇちょ.wav,research/data/raw/reference/utau-samples/平野文/連続音/_ちょちょちゃちょちぇちょ.wav,_ちょちょちゃちょちぇちょ,- ちょ,6,vcv,44100,1,4.124626,true,true,
平野文,星野フミカ,連続音,_つぁつぁつぇつぁつぃつぁ.wav,research/data/raw/reference/utau-samples/平野文/連続音/_つぁつぁつぇつぁつぃつぁ.wav,_つぁつぁつぇつぁつぃつぁ,- つぁ,6,vcv,44100,1,4.249615,true,true,
平野文,星野フミカ,連続音,_つぃつぃつつぃつぉつぃ.wav,research/data/raw/reference/utau-samples/平野文/連続音/_つぃつぃつつぃつぉつぃ.wav,_つぃつぃつつぃつぉつぃ,- つぃ,6,vcv,44100,1,4.187120,true,true,
平野文,星野フミカ,連続音,_つぇつぇつぃつぇつつぇ.wav,research/data/raw/reference/utau-samples/平野文/連続音/_つぇつぇつぃつぇつつぇ.wav,_つぇつぇつぃつぇつつぇ,- つぇ,6,vcv,44100,1,4.187120,true,true,
平野文,星野フミカ,連続音,_つぉつぉつぁつぉつぇつぉ.wav,research/data/raw/reference/utau-samples/平野文/連続音/_つぉつぉつぁつぉつぇつぉ.wav,_つぉつぉつぁつぉつぇつぉ,- つぉ,6,vcv,44100,1,4.187120,true,true,
平野文,星野フミカ,連続音,_つつつぉつつぁつ.wav,research/data/raw/reference/utau-samples/平野文/連続音/_つつつぉつつぁつ.wav,_つつつぉつつぁつ,- つ,6,vcv,44100,1,4.249615,true,true,
平野文,星野フミカ,連続音,_てぃてぃとぅてぃとてぃ.wav,research/data/raw/reference/utau-samples/平野文/連続音/_てぃてぃとぅてぃとてぃ.wav,_てぃてぃとぅてぃとてぃ,- てぃ,6,vcv,44100,1,4.249615,true,true,
平野文,星野フミカ,連続音,_てててぃてとぅて.wav,research/data/raw/reference/utau-samples/平野文/連続音/_てててぃてとぅて.wav,_てててぃてとぅて,- て,6,vcv,44100,1,4.249615,true,true,
平野文,星野フミカ,連続音,_でぃでぃどぅでぃどでぃ.wav,research/data/raw/reference/utau-samples/平野文/連続音/_でぃでぃどぅでぃどでぃ.wav,_でぃでぃどぅでぃどでぃ,,0,vcv,44100,1,4.187120,true,true,
平野文,星野フミカ,連続音,_でででぃでどぅで.wav,research/data/raw/reference/utau-samples/平野文/連続音/_でででぃでどぅで.wav,_でででぃでどぅで,,0,vcv,44100,1,4.187120,true,true,
平野文,星野フミカ,連続音,_とぅとぅととぅたとぅ.wav,research/data/raw/reference/utau-samples/平野文/連続音/_とぅとぅととぅたとぅ.wav,_とぅとぅととぅたとぅ,- とぅ,6,vcv,44100,1,4.249615,true,true,
平野文,星野フミカ,連続音,_ととたとてと.wav,research/data/raw/reference/utau-samples/平野文/連続音/_ととたとてと.wav,_ととたとてと,- と,6,vcv,44100,1,4.249615,true,true,
平野文,星野フミカ,連続音,_どぅどぅどどぅだどぅ.wav,research/data/raw/reference/utau-samples/平野文/連続音/_どぅどぅどどぅだどぅ.wav,_どぅどぅどどぅだどぅ,,0,vcv,44100,1,4.249615,true,true,
平野文,星野フミカ,連続音,_どどだどでど.wav,research/data/raw/reference/utau-samples/平野文/連続音/_どどだどでど.wav,_どどだどでど,,0,vcv,44100,1,4.124626,true,true,
平野文,星野フミカ,連続音,_ななねなにな.wav,research/data/raw/reference/utau-samples/平野文/連続音/_ななねなにな.wav,_ななねなにな,- な,6,vcv,44100,1,4.249615,true,true,
平野文,星野フミカ,連続音,_にぇにぇににぇにゅにぇ.wav,research/data/raw/reference/utau-samples/平野文/連続音/_にぇにぇににぇにゅにぇ.wav,_にぇにぇににぇにゅにぇ,- にぇ,6,vcv,44100,1,4.187120,true,true,
平野文,星野フミカ,連続音,_にににゅににょに.wav,research/data/raw/reference/utau-samples/平野文/連続音/_にににゅににょに.wav,_にににゅににょに,- に,6,vcv,44100,1,4.187120,true,true,
平野文,星野フミカ,連続音,_ににぬにのに.wav,research/data/raw/reference/utau-samples/平野文/連続音/_ににぬにのに.wav,_ににぬにのに,i ぬ,2,vcv,44100,1,4.249615,true,true,
平野文,星野フミカ,連続音,_にゃにゃにぇにゃににゃ.wav,research/data/raw/reference/utau-samples/平野文/連続音/_にゃにゃにぇにゃににゃ.wav,_にゃにゃにぇにゃににゃ,- にゃ,5,vcv,44100,1,4.249615,true,true,
平野文,星野フミカ,連続音,_にゅにゅにょにゅにゃにゅ.wav,research/data/raw/reference/utau-samples/平野文/連続音/_にゅにゅにょにゅにゃにゅ.wav,_にゅにゅにょにゅにゃにゅ,- にゅ,6,vcv,44100,1,4.249615,true,true,
平野文,星野フミカ,連続音,_にょにょにゃにょにぇにょ.wav,research/data/raw/reference/utau-samples/平野文/連続音/_にょにょにゃにょにぇにょ.wav,_にょにょにゃにょにぇにょ,- にょ,6,vcv,44100,1,4.249615,true,true,
平野文,星野フミカ,連続音,_ぬぬのぬなぬ.wav,research/data/raw/reference/utau-samples/平野文/連続音/_ぬぬのぬなぬ.wav,_ぬぬのぬなぬ,- ぬ,6,vcv,44100,1,4.124626,true,true,
平野文,星野フミカ,連続音,_ねねにねぬね.wav,research/data/raw/reference/utau-samples/平野文/連続音/_ねねにねぬね.wav,_ねねにねぬね,- ね,5,vcv,44100,1,4.249615,true,true,
平野文,星野フミカ,連続音,_ののなのねの.wav,research/data/raw/reference/utau-samples/平野文/連続音/_ののなのねの.wav,_ののなのねの,- の,6,vcv,44100,1,4.124626,true,true,
平野文,星野フミカ,連続音,_ははへはひは.wav,research/data/raw/reference/utau-samples/平野文/連続音/_ははへはひは.wav,_ははへはひは,- は,6,vcv,44100,1,4.187120,true,true,
平野文,星野フミカ,連続音,_ばばべばびば.wav,research/data/raw/reference/utau-samples/平野文/連続音/_ばばべばびば.wav,_ばばべばびば,,0,vcv,44100,1,4.249615,true,true,
平野文,星野フミカ,連続音,_ぱぱぺぱぴぱ.wav,research/data/raw/reference/utau-samples/平野文/連続音/_ぱぱぺぱぴぱ.wav,_ぱぱぺぱぴぱ,,0,vcv,44100,1,4.249615,true,true,
平野文,星野フミカ,連続音,_ひぇひぇひひぇひゅひぇ.wav,research/data/raw/reference/utau-samples/平野文/連続音/_ひぇひぇひひぇひゅひぇ.wav,_ひぇひぇひひぇひゅひぇ,- ひぇ,6,vcv,44100,1,4.124626,true,true,
平野文,星野フミカ,連続音,_ひひひゅひひょひ.wav,research/data/raw/reference/utau-samples/平野文/連続音/_ひひひゅひひょひ.wav,_ひひひゅひひょひ,- ひ,6,vcv,44100,1,4.124626,true,true,
平野文,星野フミカ,連続音,_ひひふひほひ.wav,research/data/raw/reference/utau-samples/平野文/連続音/_ひひふひほひ.wav,_ひひふひほひ,i ふ,2,vcv,44100,1,4.124626,true,true,
平野文,星野フミカ,連続音,_ひゃひゃひぇひゃひひゃ.wav,research/data/raw/reference/utau-samples/平野文/連続音/_ひゃひゃひぇひゃひひゃ.wav,_ひゃひゃひぇひゃひひゃ,- ひゃ,5,vcv,44100,1,4.249615,true,true,
平野文,星野フミカ,連続音,_ひゅひゅひょひゅひゃひゅ.wav,research/data/raw/reference/utau-samples/平野文/連続音/_ひゅひゅひょひゅひゃひゅ.wav,_ひゅひゅひょひゅひゃひゅ,- ひゅ,6,vcv,44100,1,4.249615,true,true,
平野文,星野フミカ,連続音,_ひょひょひゃひょひぇひょ.wav,research/data/raw/reference/utau-samples/平野文/連続音/_ひょひょひゃひょひぇひょ.wav,_ひょひょひゃひょひぇひょ,- ひょ,6,vcv,44100,1,4.249615,true,true,
平野文,星野フミカ,連続音,_びぇびぇびびぇびゅびぇ.wav,research/data/raw/reference/utau-samples/平野文/連続音/_びぇびぇびびぇびゅびぇ.wav,_びぇびぇびびぇびゅびぇ,,0,vcv,44100,1,4.249615,true,true,
平野文,星野フミカ,連続音,_びびびゅびびょび.wav,research/data/raw/reference/utau-samples/平野文/連続音/_びびびゅびびょび.wav,_びびびゅびびょび,,0,vcv,44100,1,4.187120,true,true,
平野文,星野フミカ,連続音,_びびぶびぼび.wav,research/data/raw/reference/utau-samples/平野文/連続音/_びびぶびぼび.wav,_びびぶびぼび,,0,vcv,44100,1,4.249615,true,true,
平野文,星野フミカ,連続音,_びゃびゃびぇびゃびびゃ.wav,research/data/raw/reference/utau-samples/平野文/連続音/_びゃびゃびぇびゃびびゃ.wav,_びゃびゃびぇびゃびびゃ,,0,vcv,44100,1,4.249615,true,true,
平野文,星野フミカ,連続音,_びゅびゅびょびゅびゃびゅ.wav,research/data/raw/reference/utau-samples/平野文/連続音/_びゅびゅびょびゅびゃびゅ.wav,_びゅびゅびょびゅびゃびゅ,,0,vcv,44100,1,4.249615,true,true,
平野文,星野フミカ,連続音,_びょびょびゃびょびぇびょ.wav,research/data/raw/reference/utau-samples/平野文/連続音/_びょびょびゃびょびぇびょ.wav,_びょびょびゃびょびぇびょ,,0,vcv,44100,1,4.249615,true,true,
平野文,星野フミカ,連続音,_ぴぇぴぇぴぴぇぴゅぴぇ.wav,research/data/raw/reference/utau-samples/平野文/連続音/_ぴぇぴぇぴぴぇぴゅぴぇ.wav,_ぴぇぴぇぴぴぇぴゅぴぇ,,0,vcv,44100,1,4.187120,true,true,
平野文,星野フミカ,連続音,_ぴぴぴゅぴぴょぴ.wav,research/data/raw/reference/utau-samples/平野文/連続音/_ぴぴぴゅぴぴょぴ.wav,_ぴぴぴゅぴぴょぴ,,0,vcv,44100,1,4.249615,true,true,
平野文,星野フミカ,連続音,_ぴぴぷぴぽぴ.wav,research/data/raw/reference/utau-samples/平野文/連続音/_ぴぴぷぴぽぴ.wav,_ぴぴぷぴぽぴ,,0,vcv,44100,1,4.249615,true,true,
平野文,星野フミカ,連続音,_ぴゃぴゃぴぇぴゃぴぴゃ.wav,research/data/raw/reference/utau-samples/平野文/連続音/_ぴゃぴゃぴぇぴゃぴぴゃ.wav,_ぴゃぴゃぴぇぴゃぴぴゃ,,0,vcv,44100,1,4.187120,true,true,
平野文,星野フミカ,連続音,_ぴゅぴゅぴょぴゅぴゃぴゅ.wav,research/data/raw/reference/utau-samples/平野文/連続音/_ぴゅぴゅぴょぴゅぴゃぴゅ.wav,_ぴゅぴゅぴょぴゅぴゃぴゅ,,0,vcv,44100,1,4.249615,true,true,
平野文,星野フミカ,連続音,_ぴょぴょぴゃぴょぴぇぴょ.wav,research/data/raw/reference/utau-samples/平野文/連続音/_ぴょぴょぴゃぴょぴぇぴょ.wav,_ぴょぴょぴゃぴょぴぇぴょ,,0,vcv,44100,1,4.187120,true,true,
平野文,星野フミカ,連続音,_ふぁふぁふぇふぁふぃふぁ.wav,research/data/raw/reference/utau-samples/平野文/連続音/_ふぁふぁふぇふぁふぃふぁ.wav,_ふぁふぁふぇふぁふぃふぁ,- ふぁ,6,vcv,44100,1,4.249615,true,true,
平野文,星野フミカ,連続音,_ふぃふぃふふぃふぉふぃ.wav,research/data/raw/reference/utau-samples/平野文/連続音/_ふぃふぃふふぃふぉふぃ.wav,_ふぃふぃふふぃふぉふぃ,- ふぃ,5,vcv,44100,1,4.249615,true,true,
平野文,星野フミカ,連続音,_ふぇふぇふぃふぇふふぇ.wav,research/data/raw/reference/utau-samples/平野文/連続音/_ふぇふぇふぃふぇふふぇ.wav,_ふぇふぇふぃふぇふふぇ,- ふぇ,6,vcv,44100,1,4.249615,true,true,
平野文,星野フミカ,連続音,_ふぉふぉふぁふぉふぇふぉ.wav,research/data/raw/reference/utau-samples/平野文/連続音/_ふぉふぉふぁふぉふぇふぉ.wav,_ふぉふぉふぁふぉふぇふぉ,- ふぉ,6,vcv,44100,1,4.187120,true,true,
平野文,星野フミカ,連続音,_ふふふぉふふぁふ.wav,research/data/raw/reference/utau-samples/平野文/連続音/_ふふふぉふふぁふ.wav,_ふふふぉふふぁふ,- ふ,6,vcv,44100,1,4.124626,true,true,
平野文,星野フミカ,連続音,_ふふほふはふ.wav,research/data/raw/reference/utau-samples/平野文/連続音/_ふふほふはふ.wav,_ふふほふはふ,u ほ,2,vcv,44100,1,4.187120,true,true,
平野文,星野フミカ,連続音,_ぶぶぼぶばぶ.wav,research/data/raw/reference/utau-samples/平野文/連続音/_ぶぶぼぶばぶ.wav,_ぶぶぼぶばぶ,,0,vcv,44100,1,4.249615,true,true,
平野文,星野フミカ,連続音,_ぷぷぽぷぱぷ.wav,research/data/raw/reference/utau-samples/平野文/連続音/_ぷぷぽぷぱぷ.wav,_ぷぷぽぷぱぷ,,0,vcv,44100,1,4.187120,true,true,
平野文,星野フミカ,連続音,_へへひへふへ.wav,research/data/raw/reference/utau-samples/平野文/連続音/_へへひへふへ.wav,_へへひへふへ,- へ,4,vcv,44100,1,4.249615,true,true,
平野文,星野フミカ,連続音,_べべびべぶべ.wav,research/data/raw/reference/utau-samples/平野文/連続音/_べべびべぶべ.wav,_べべびべぶべ,,0,vcv,44100,1,4.187120,true,true,
平野文,星野フミカ,連続音,_ぺぺぴぺぷぺ.wav,research/data/raw/reference/utau-samples/平野文/連続音/_ぺぺぴぺぷぺ.wav,_ぺぺぴぺぷぺ,,0,vcv,44100,1,4.187120,true,true,
平野文,星野フミカ,連続音,_ほほはほへほ.wav,research/data/raw/reference/utau-samples/平野文/連続音/_ほほはほへほ.wav,_ほほはほへほ,- ほ,6,vcv,44100,1,4.124626,true,true,
平野文,星野フミカ,連続音,_ぼぼばぼべぼ.wav,research/data/raw/reference/utau-samples/平野文/連続音/_ぼぼばぼべぼ.wav,_ぼぼばぼべぼ,,0,vcv,44100,1,4.187120,true,true,
平野文,星野フミカ,連続音,_ぽぽぱぽぺぽ.wav,research/data/raw/reference/utau-samples/平野文/連続音/_ぽぽぱぽぺぽ.wav,_ぽぽぱぽぺぽ,,0,vcv,44100,1,4.249615,true,true,
平野文,星野フミカ,連続音,_ままめまみま.wav,research/data/raw/reference/utau-samples/平野文/連続音/_ままめまみま.wav,_ままめまみま,- ま,6,vcv,44100,1,4.187120,true,true,
平野文,星野フミカ,連続音,_みぇみぇみみぇみゅみぇ.wav,research/data/raw/reference/utau-samples/平野文/連続音/_みぇみぇみみぇみゅみぇ.wav,_みぇみぇみみぇみゅみぇ,- みぇ,6,vcv,44100,1,4.187120,true,true,
平野文,星野フミカ,連続音,_みみみゅみみょみ.wav,research/data/raw/reference/utau-samples/平野文/連続音/_みみみゅみみょみ.wav,_みみみゅみみょみ,- み,6,vcv,44100,1,4.249615,true,true,
平野文,星野フミカ,連続音,_みみむみもみ.wav,research/data/raw/reference/utau-samples/平野文/連続音/_みみむみもみ.wav,_みみむみもみ,i む,2,vcv,44100,1,4.187120,true,true,
平野文,星野フミカ,連続音,_みゃみゃみぇみゃみみゃ.wav,research/data/raw/reference/utau-samples/平野文/連続音/_みゃみゃみぇみゃみみゃ.wav,_みゃみゃみぇみゃみみゃ,- みゃ,5,vcv,44100,1,4.187120,true,true,
平野文,星野フミカ,連続音,_みゅみゅみょみゅみゃみゅ.wav,research/data/raw/reference/utau-samples/平野文/連続音/_みゅみゅみょみゅみゃみゅ.wav,_みゅみゅみょみゅみゃみゅ,- みゅ,6,vcv,44100,1,4.124626,true,true,
平野文,星野フミカ,連続音,_みょみょみゃみょみぇみょ.wav,research/data/raw/reference/utau-samples/平野文/連続音/_みょみょみゃみょみぇみょ.wav,_みょみょみゃみょみぇみょ,- みょ,6,vcv,44100,1,4.249615,true,true,
平野文,星野フミカ,連続音,_むむもむまむ.wav,research/data/raw/reference/utau-samples/平野文/連続音/_むむもむまむ.wav,_むむもむまむ,- む,6,vcv,44100,1,4.249615,true,true,
平野文,星野フミカ,連続音,_めめみめむめ.wav,research/data/raw/reference/utau-samples/平野文/連続音/_めめみめむめ.wav,_めめみめむめ,- め,5,vcv,44100,1,4.249615,true,true,
平野文,星野フミカ,連続音,_ももまもめも.wav,research/data/raw/reference/utau-samples/平野文/連続音/_ももまもめも.wav,_ももまもめも,- も,6,vcv,44100,1,4.249615,true,true,
平野文,星野フミカ,連続音,_ややいぇやいや.wav,research/data/raw/reference/utau-samples/平野文/連続音/_ややいぇやいや.wav,_ややいぇやいや,- や,5,vcv,44100,1,4.187120,true,true,
平野文,星野フミカ,連続音,_ゆゆよゆやゆ.wav,research/data/raw/reference/utau-samples/平野文/連続音/_ゆゆよゆやゆ.wav,_ゆゆよゆやゆ,- ゆ,6,vcv,44100,1,4.124626,true,true,
平野文,星野フミカ,連続音,_よよやよいぇよ.wav,research/data/raw/reference/utau-samples/平野文/連続音/_よよやよいぇよ.wav,_よよやよいぇよ,- よ,6,vcv,44100,1,4.249615,true,true,
平野文,星野フミカ,連続音,_らられらりら.wav,research/data/raw/reference/utau-samples/平野文/連続音/_らられらりら.wav,_らられらりら,- ら,6,vcv,44100,1,4.249615,true,true,
平野文,星野フミカ,連続音,_りぇりぇりりぇりゅりぇ.wav,research/data/raw/reference/utau-samples/平野文/連続音/_りぇりぇりりぇりゅりぇ.wav,_りぇりぇりりぇりゅりぇ,- りぇ,6,vcv,44100,1,4.187120,true,true,
平野文,星野フミカ,連続音,_りゃりゃりぇりゃりりゃ.wav,research/data/raw/reference/utau-samples/平野文/連続音/_りゃりゃりぇりゃりりゃ.wav,_りゃりゃりぇりゃりりゃ,- りゃ,5,vcv,44100,1,4.249615,true,true,
平野文,星野フミカ,連続音,_りゅりゅりょりゅりゃりゅ.wav,research/data/raw/reference/utau-samples/平野文/連続音/_りゅりゅりょりゅりゃりゅ.wav,_りゅりゅりょりゅりゃりゅ,- りゅ,6,vcv,44100,1,4.187120,true,true,
平野文,星野フミカ,連続音,_りょりょりゃりょりぇりょ.wav,research/data/raw/reference/utau-samples/平野文/連続音/_りょりょりゃりょりぇりょ.wav,_りょりょりゃりょりぇりょ,- りょ,6,vcv,44100,1,4.187120,true,true,
平野文,星野フミカ,連続音,_りりりゅりりょり.wav,research/data/raw/reference/utau-samples/平野文/連続音/_りりりゅりりょり.wav,_りりりゅりりょり,- り,6,vcv,44100,1,4.249615,true,true,
平野文,星野フミカ,連続音,_りりるりろり.wav,research/data/raw/reference/utau-samples/平野文/連続音/_りりるりろり.wav,_りりるりろり,i る,2,vcv,44100,1,4.187120,true,true,
平野文,星野フミカ,連続音,_るるろるらる.wav,research/data/raw/reference/utau-samples/平野文/連続音/_るるろるらる.wav,_るるろるらる,- る,6,vcv,44100,1,4.187120,true,true,
平野文,星野フミカ,連続音,_れれりれるれ.wav,research/data/raw/reference/utau-samples/平野文/連続音/_れれりれるれ.wav,_れれりれるれ,- れ,5,vcv,44100,1,4.187120,true,true,
平野文,星野フミカ,連続音,_ろろらろれろ.wav,research/data/raw/reference/utau-samples/平野文/連続音/_ろろらろれろ.wav,_ろろらろれろ,- ろ,6,vcv,44100,1,4.249615,true,true,
平野文,星野フミカ,連続音,_わわうぇわうぃわ.wav,research/data/raw/reference/utau-samples/平野文/連続音/_わわうぇわうぃわ.wav,_わわうぇわうぃわ,- わ,6,vcv,44100,1,4.249615,true,true,
平野文,星野フミカ,連続音,_んあんいんう.wav,research/data/raw/reference/utau-samples/平野文/連続音/_んあんいんう.wav,_んあんいんう,- ん,6,vcv,44100,1,4.249615,true,true,
平野文,星野フミカ,連続音,_んいんゆんよ.wav,research/data/raw/reference/utau-samples/平野文/連続音/_んいんゆんよ.wav,_んいんゆんよ,n ゆ,3,vcv,44100,1,4.249615,true,true,
平野文,星野フミカ,連続音,_んうぃんうんうぉ.wav,research/data/raw/reference/utau-samples/平野文/連続音/_んうぃんうんうぉ.wav,_んうぃんうんうぉ,n うぃ,2,vcv,44100,1,4.187120,true,true,
平野文,星野フミカ,連続音,_んえんおんん.wav,research/data/raw/reference/utau-samples/平野文/連続音/_んえんおんん.wav,_んえんおんん,n え,6,vcv,44100,1,4.249615,true,true,
平野文,星野フミカ,連続音,_んかんけんき.wav,research/data/raw/reference/utau-samples/平野文/連続音/_んかんけんき.wav,_んかんけんき,n か,3,vcv,44100,1,4.124626,true,true,
平野文,星野フミカ,連続音,_んがんげんぎ.wav,research/data/raw/reference/utau-samples/平野文/連続音/_んがんげんぎ.wav,_んがんげんぎ,,0,vcv,44100,1,4.249615,true,true,
平野文,星野フミカ,連続音,_んきゃんきぇんき.wav,research/data/raw/reference/utau-samples/平野文/連続音/_んきゃんきぇんき.wav,_んきゃんきぇんき,n きゃ,2,vcv,44100,1,4.187120,true,true,
平野文,星野フミカ,連続音,_んきんきゅんきょ.wav,research/data/raw/reference/utau-samples/平野文/連続音/_んきんきゅんきょ.wav,_んきんきゅんきょ,n きゅ,2,vcv,44100,1,4.187120,true,true,
平野文,星野フミカ,連続音,_んきんくんこ.wav,research/data/raw/reference/utau-samples/平野文/連続音/_んきんくんこ.wav,_んきんくんこ,n く,2,vcv,44100,1,4.249615,true,true,
平野文,星野フミカ,連続音,_んぎゃんぎぇんぎ.wav,research/data/raw/reference/utau-samples/平野文/連続音/_んぎゃんぎぇんぎ.wav,_んぎゃんぎぇんぎ,,0,vcv,44100,1,4.249615,true,true,
平野文,星野フミカ,連続音,_んぎんぎゅんぎょ.wav,research/data/raw/reference/utau-samples/平野文/連続音/_んぎんぎゅんぎょ.wav,_んぎんぎゅんぎょ,,0,vcv,44100,1,4.124626,true,true,
平野文,星野フミカ,連続音,_んぎんぐんご.wav,research/data/raw/reference/utau-samples/平野文/連続音/_んぎんぐんご.wav,_んぎんぐんご,,0,vcv,44100,1,4.124626,true,true,
平野文,星野フミカ,連続音,_んさんせんすぃ.wav,research/data/raw/reference/utau-samples/平野文/連続音/_んさんせんすぃ.wav,_んさんせんすぃ,n さ,3,vcv,44100,1,4.187120,true,true,
平野文,星野フミカ,連続音,_んざんぜんずぃ.wav,research/data/raw/reference/utau-samples/平野文/連続音/_んざんぜんずぃ.wav,_んざんぜんずぃ,,0,vcv,44100,1,4.124626,true,true,
平野文,星野フミカ,連続音,_んしゃんしぇんし.wav,research/data/raw/reference/utau-samples/平野文/連続音/_んしゃんしぇんし.wav,_んしゃんしぇんし,n しゃ,3,vcv,44100,1,4.124626,true,true,
平野文,星野フミカ,連続音,_んしんしゅんしょ.wav,research/data/raw/reference/utau-samples/平野文/連続音/_んしんしゅんしょ.wav,_んしんしゅんしょ,n しゅ,2,vcv,44100,1,4.124626,true,true,
平野文,星野フミカ,連続音,_んじゃんじぇんじ.wav,research/data/raw/reference/utau-samples/平野文/連続音/_んじゃんじぇんじ.wav,_んじゃんじぇんじ,,0,vcv,44100,1,4.249615,true,true,
平野文,星野フミカ,連続音,_んじんじゅんじょ.wav,research/data/raw/reference/utau-samples/平野文/連続音/_んじんじゅんじょ.wav,_んじんじゅんじょ,,0,vcv,44100,1,4.124626,true,true,
平野文,星野フミカ,連続音,_んすぃんすんそ.wav,research/data/raw/reference/utau-samples/平野文/連続音/_んすぃんすんそ.wav,_んすぃんすんそ,n す,2,vcv,44100,1,4.187120,true,true,
平野文,星野フミカ,連続音,_んずぃんずんぞ.wav,research/data/raw/reference/utau-samples/平野文/連続音/_んずぃんずんぞ.wav,_んずぃんずんぞ,,0,vcv,44100,1,4.187120,true,true,
平野文,星野フミカ,連続音,_んたんてんてぃ.wav,research/data/raw/reference/utau-samples/平野文/連続音/_んたんてんてぃ.wav,_んたんてんてぃ,n た,3,vcv,44100,1,4.187120,true,true,
平野文,星野フミカ,連続音,_んだんでんでぃ.wav,research/data/raw/reference/utau-samples/平野文/連続音/_んだんでんでぃ.wav,_んだんでんでぃ,,0,vcv,44100,1,4.124626,true,true,
平野文,星野フミカ,連続音,_んちゃんちぇんち.wav,research/data/raw/reference/utau-samples/平野文/連続音/_んちゃんちぇんち.wav,_んちゃんちぇんち,n ちゃ,3,vcv,44100,1,4.124626,true,true,
平野文,星野フミカ,連続音,_んちんちゅんちょ.wav,research/data/raw/reference/utau-samples/平野文/連続音/_んちんちゅんちょ.wav,_んちんちゅんちょ,n ちゅ,2,vcv,44100,1,4.124626,true,true,
平野文,星野フミカ,連続音,_んつぁんつぇんつぃ.wav,research/data/raw/reference/utau-samples/平野文/連続音/_んつぁんつぇんつぃ.wav,_んつぁんつぇんつぃ,n つぁ,3,vcv,44100,1,4.249615,true,true,
平野文,星野フミカ,連続音,_んつぃんつんつぉ.wav,research/data/raw/reference/utau-samples/平野文/連続音/_んつぃんつんつぉ.wav,_んつぃんつんつぉ,n つ,2,vcv,44100,1,4.124626,true,true,
平野文,星野フミカ,連続音,_んてぃんとぅんと.wav,research/data/raw/reference/utau-samples/平野文/連続音/_んてぃんとぅんと.wav,_んてぃんとぅんと,n とぅ,2,vcv,44100,1,4.187120,true,true,
平野文,星野フミカ,連続音,_んでぃんどぅんど.wav,research/data/raw/reference/utau-samples/平野文/連続音/_んでぃんどぅんど.wav,_んでぃんどぅんど,,0,vcv,44100,1,4.249615,true,true,
平野文,星野フミカ,連続音,_んなんねんに.wav,research/data/raw/reference/utau-samples/平野文/連続音/_んなんねんに.wav,_んなんねんに,n な,3,vcv,44100,1,4.124626,true,true,
平野文,星野フミカ,連続音,_んにゃんにぇんに.wav,research/data/raw/reference/utau-samples/平野文/連続音/_んにゃんにぇんに.wav,_んにゃんにぇんに,n にゃ,2,vcv,44100,1,4.249615,true,true,
平野文,星野フミカ,連続音,_んにんにゅんにょ.wav,research/data/raw/reference/utau-samples/平野文/連続音/_んにんにゅんにょ.wav,_んにんにゅんにょ,n にゅ,2,vcv,44100,1,4.124626,true,true,
平野文,星野フミカ,連続音,_んにんぬんの.wav,research/data/raw/reference/utau-samples/平野文/連続音/_んにんぬんの.wav,_んにんぬんの,n ぬ,2,vcv,44100,1,4.187120,true,true,
平野文,星野フミカ,連続音,_んはんへんひ.wav,research/data/raw/reference/utau-samples/平野文/連続音/_んはんへんひ.wav,_んはんへんひ,n は,3,vcv,44100,1,4.187120,true,true,
平野文,星野フミカ,連続音,_んばんべんび.wav,research/data/raw/reference/utau-samples/平野文/連続音/_んばんべんび.wav,_んばんべんび,,0,vcv,44100,1,4.249615,true,true,
平野文,星野フミカ,連続音,_んぱんぺんぴ.wav,research/data/raw/reference/utau-samples/平野文/連続音/_んぱんぺんぴ.wav,_んぱんぺんぴ,,0,vcv,44100,1,4.124626,true,true,
平野文,星野フミカ,連続音,_んひゃんひぇんひ.wav,research/data/raw/reference/utau-samples/平野文/連続音/_んひゃんひぇんひ.wav,_んひゃんひぇんひ,n ひゃ,2,vcv,44100,1,4.187120,true,true,
平野文,星野フミカ,連続音,_んひんひゅんひょ.wav,research/data/raw/reference/utau-samples/平野文/連続音/_んひんひゅんひょ.wav,_んひんひゅんひょ,n ひゅ,2,vcv,44100,1,4.249615,true,true,
平野文,星野フミカ,連続音,_んひんふんほ.wav,research/data/raw/reference/utau-samples/平野文/連続音/_んひんふんほ.wav,_んひんふんほ,n ふ,2,vcv,44100,1,4.249615,true,true,
平野文,星野フミカ,連続音,_んびゃんびぇんび.wav,research/data/raw/reference/utau-samples/平野文/連続音/_んびゃんびぇんび.wav,_んびゃんびぇんび,,0,vcv,44100,1,4.249615,true,true,
平野文,星野フミカ,連続音,_んびんびゅんびょ.wav,research/data/raw/reference/utau-samples/平野文/連続音/_んびんびゅんびょ.wav,_んびんびゅんびょ,,0,vcv,44100,1,4.124626,true,true,
平野文,星野フミカ,連続音,_んびんぶんぼ.wav,research/data/raw/reference/utau-samples/平野文/連続音/_んびんぶんぼ.wav,_んびんぶんぼ,,0,vcv,44100,1,4.124626,true,true,
平野文,星野フミカ,連続音,_んぴゃんぴぇんぴ.wav,research/data/raw/reference/utau-samples/平野文/連続音/_んぴゃんぴぇんぴ.wav,_んぴゃんぴぇんぴ,,0,vcv,44100,1,4.124626,true,true,
平野文,星野フミカ,連続音,_んぴんぴゅんぴょ.wav,research/data/raw/reference/utau-samples/平野文/連続音/_んぴんぴゅんぴょ.wav,_んぴんぴゅんぴょ,,0,vcv,44100,1,4.124626,true,true,
平野文,星野フミカ,連続音,_んぴんぷんぽ.wav,research/data/raw/reference/utau-samples/平野文/連続音/_んぴんぷんぽ.wav,_んぴんぷんぽ,,0,vcv,44100,1,4.187120,true,true,
平野文,星野フミカ,連続音,_んふぁんふぇんふぃ.wav,research/data/raw/reference/utau-samples/平野文/連続音/_んふぁんふぇんふぃ.wav,_んふぁんふぇんふぃ,n ふぁ,3,vcv,44100,1,4.124626,true,true,
平野文,星野フミカ,連続音,_んふぃんふんふぉ.wav,research/data/raw/reference/utau-samples/平野文/連続音/_んふぃんふんふぉ.wav,_んふぃんふんふぉ,n ふぉ,1,vcv,44100,1,4.187120,true,true,
平野文,星野フミカ,連続音,_んまんめんみ.wav,research/data/raw/reference/utau-samples/平野文/連続音/_んまんめんみ.wav,_んまんめんみ,n ま,3,vcv,44100,1,4.187120,true,true,
平野文,星野フミカ,連続音,_んみゃんみぇんみ.wav,research/data/raw/reference/utau-samples/平野文/連続音/_んみゃんみぇんみ.wav,_んみゃんみぇんみ,n みゃ,2,vcv,44100,1,4.249615,true,true,
平野文,星野フミカ,連続音,_んみんみゅんみょ.wav,research/data/raw/reference/utau-samples/平野文/連続音/_んみんみゅんみょ.wav,_んみんみゅんみょ,n みゅ,2,vcv,44100,1,4.249615,true,true,
平野文,星野フミカ,連続音,_んみんむんも.wav,research/data/raw/reference/utau-samples/平野文/連続音/_んみんむんも.wav,_んみんむんも,n む,2,vcv,44100,1,4.124626,true,true,
平野文,星野フミカ,連続音,_んやんいぇんい.wav,research/data/raw/reference/utau-samples/平野文/連続音/_んやんいぇんい.wav,_んやんいぇんい,n や,2,vcv,44100,1,4.187120,true,true,
平野文,星野フミカ,連続音,_んらんれんり.wav,research/data/raw/reference/utau-samples/平野文/連続音/_んらんれんり.wav,_んらんれんり,n ら,3,vcv,44100,1,4.124626,true,true,
平野文,星野フミカ,連続音,_んりゃんりぇんり.wav,research/data/raw/reference/utau-samples/平野文/連続音/_んりゃんりぇんり.wav,_んりゃんりぇんり,n りゃ,2,vcv,44100,1,4.124626,true,true,
平野文,星野フミカ,連続音,_んりんりゅんりょ.wav,research/data/raw/reference/utau-samples/平野文/連続音/_んりんりゅんりょ.wav,_んりんりゅんりょ,n りゅ,2,vcv,44100,1,4.249615,true,true,
平野文,星野フミカ,連続音,_んりんるんろ.wav,research/data/raw/reference/utau-samples/平野文/連続音/_んりんるんろ.wav,_んりんるんろ,n る,2,vcv,44100,1,4.187120,true,true,
平野文,星野フミカ,連続音,_んわんうぇんうぃ.wav,research/data/raw/reference/utau-samples/平野文/連続音/_んわんうぇんうぃ.wav,_んわんうぇんうぃ,n わ,2,vcv,44100,1,4.124626,true,true,
平野文,星野フミカ,連続音-Breathy,_ああいあうあ.wav,research/data/raw/reference/utau-samples/平野文/連続音-Breathy/_ああいあうあ.wav,_ああいあうあ,- あB,6,breath,44100,1,4.187120,true,true,
平野文,星野フミカ,連続音-Breathy,_いいういえい.wav,research/data/raw/reference/utau-samples/平野文/連続音-Breathy/_いいういえい.wav,_いいういえい,- いB,6,breath,44100,1,4.249615,true,true,
平野文,星野フミカ,連続音-Breathy,_いいゆいよい.wav,research/data/raw/reference/utau-samples/平野文/連続音-Breathy/_いいゆいよい.wav,_いいゆいよい,i ゆB,3,breath,44100,1,4.124626,true,true,
平野文,星野フミカ,連続音-Breathy,_いぇいぇいいぇゆいぇ.wav,research/data/raw/reference/utau-samples/平野文/連続音-Breathy/_いぇいぇいいぇゆいぇ.wav,_いぇいぇいいぇゆいぇ,- いぇB,5,breath,44100,1,4.187120,true,true,
平野文,星野フミカ,連続音-Breathy,_うぃうぃううぃうぉうぃ.wav,research/data/raw/reference/utau-samples/平野文/連続音-Breathy/_うぃうぃううぃうぉうぃ.wav,_うぃうぃううぃうぉうぃ,- うぃB,5,breath,44100,1,4.249615,true,true,
平野文,星野フミカ,連続音-Breathy,_うううぉうわう.wav,research/data/raw/reference/utau-samples/平野文/連続音-Breathy/_うううぉうわう.wav,_うううぉうわう,- うB,5,breath,44100,1,4.187120,true,true,
平野文,星野フミカ,連続音-Breathy,_ううえうおう.wav,research/data/raw/reference/utau-samples/平野文/連続音-Breathy/_ううえうおう.wav,_ううえうおう,u えB,4,breath,44100,1,4.124626,true,true,
平野文,星野フミカ,連続音-Breathy,_うぇうぇうぃうぇううぇ.wav,research/data/raw/reference/utau-samples/平野文/連続音-Breathy/_うぇうぇうぃうぇううぇ.wav,_うぇうぇうぃうぇううぇ,- うぇB,5,breath,44100,1,4.249615,true,true,
平野文,星野フミカ,連続音-Breathy,_うぉうぉわうぉうぇうぉ.wav,research/data/raw/reference/utau-samples/平野文/連続音-Breathy/_うぉうぉわうぉうぇうぉ.wav,_うぉうぉわうぉうぇうぉ,- うぉB,6,breath,44100,1,4.249615,true,true,
平野文,星野フミカ,連続音-Breathy,_ええおえあえ.wav,research/data/raw/reference/utau-samples/平野文/連続音-Breathy/_ええおえあえ.wav,_ええおえあえ,- えB,7,breath,44100,1,4.124626,true,true,
平野文,星野フミカ,連続音-Breathy,_おおあおいお.wav,research/data/raw/reference/utau-samples/平野文/連続音-Breathy/_おおあおいお.wav,_おおあおいお,- おB,9,breath,44100,1,4.187120,true,true,
平野文,星野フミカ,連続音-Breathy,_かかけかきか.wav,research/data/raw/reference/utau-samples/平野文/連続音-Breathy/_かかけかきか.wav,_かかけかきか,- かB,6,breath,44100,1,4.187120,true,true,
平野文,星野フミカ,連続音-Breathy,_ががげがぎが.wav,research/data/raw/reference/utau-samples/平野文/連続音-Breathy/_ががげがぎが.wav,_ががげがぎが,,0,breath,44100,1,4.249615,true,true,
平野文,星野フミカ,連続音-Breathy,_きぇきぇききぇきゅきぇ.wav,research/data/raw/reference/utau-samples/平野文/連続音-Breathy/_きぇきぇききぇきゅきぇ.wav,_きぇきぇききぇきゅきぇ,- きぇB,6,breath,44100,1,4.187120,true,true,
平野文,星野フミカ,連続音-Breathy,_きききゅききょき.wav,research/data/raw/reference/utau-samples/平野文/連続音-Breathy/_きききゅききょき.wav,_きききゅききょき,- きB,6,breath,44100,1,4.187120,true,true,
平野文,星野フミカ,連続音-Breathy,_ききくきこき.wav,research/data/raw/reference/utau-samples/平野文/連続音-Breathy/_ききくきこき.wav,_ききくきこき,i くB,2,breath,44100,1,4.249615,true,true,
平野文,星野フミカ,連続音-Breathy,_きゃきゃきぇきゃききゃ.wav,research/data/raw/reference/utau-samples/平野文/連続音-Breathy/_きゃきゃきぇきゃききゃ.wav,_きゃきゃきぇきゃききゃ,- きゃB,5,breath,44100,1,4.249615,true,true,
平野文,星野フミカ,連続音-Breathy,_きゅきゅきょきゅきゃきゅ.wav,research/data/raw/reference/utau-samples/平野文/連続音-Breathy/_きゅきゅきょきゅきゃきゅ.wav,_きゅきゅきょきゅきゃきゅ,- きゅB,6,breath,44100,1,4.124626,true,true,
平野文,星野フミカ,連続音-Breathy,_きょきょきゃきょきぇきょ.wav,research/data/raw/reference/utau-samples/平野文/連続音-Breathy/_きょきょきゃきょきぇきょ.wav,_きょきょきゃきょきぇきょ,- きょB,6,breath,44100,1,4.187120,true,true,
平野文,星野フミカ,連続音-Breathy,_ぎぇぎぇぎぎぇぎゅぎぇ.wav,research/data/raw/reference/utau-samples/平野文/連続音-Breathy/_ぎぇぎぇぎぎぇぎゅぎぇ.wav,_ぎぇぎぇぎぎぇぎゅぎぇ,,0,breath,44100,1,4.187120,true,true,
平野文,星野フミカ,連続音-Breathy,_ぎぎぎゅぎぎょぎ.wav,research/data/raw/reference/utau-samples/平野文/連続音-Breathy/_ぎぎぎゅぎぎょぎ.wav,_ぎぎぎゅぎぎょぎ,,0,breath,44100,1,4.249615,true,true,
平野文,星野フミカ,連続音-Breathy,_ぎぎぐぎごぎ.wav,research/data/raw/reference/utau-samples/平野文/連続音-Breathy/_ぎぎぐぎごぎ.wav,_ぎぎぐぎごぎ,,0,breath,44100,1,4.187120,true,true,
平野文,星野フミカ,連続音-Breathy,_ぎゃぎゃぎぇぎゃぎぎゃ.wav,research/data/raw/reference/utau-samples/平野文/連続音-Breathy/_ぎゃぎゃぎぇぎゃぎぎゃ.wav,_ぎゃぎゃぎぇぎゃぎぎゃ,,0,breath,44100,1,4.187120,true,true,
平野文,星野フミカ,連続音-Breathy,_ぎゅぎゅぎょぎゅぎゃぎゅ.wav,research/data/raw/reference/utau-samples/平野文/連続音-Breathy/_ぎゅぎゅぎょぎゅぎゃぎゅ.wav,_ぎゅぎゅぎょぎゅぎゃぎゅ,,0,breath,44100,1,4.249615,true,true,
平野文,星野フミカ,連続音-Breathy,_ぎょぎょぎゃぎょぎぇぎょ.wav,research/data/raw/reference/utau-samples/平野文/連続音-Breathy/_ぎょぎょぎゃぎょぎぇぎょ.wav,_ぎょぎょぎゃぎょぎぇぎょ,,0,breath,44100,1,4.249615,true,true,
平野文,星野フミカ,連続音-Breathy,_くくこくかく.wav,research/data/raw/reference/utau-samples/平野文/連続音-Breathy/_くくこくかく.wav,_くくこくかく,- くB,6,breath,44100,1,4.187120,true,true,
平野文,星野フミカ,連続音-Breathy,_ぐぐごぐがぐ.wav,research/data/raw/reference/utau-samples/平野文/連続音-Breathy/_ぐぐごぐがぐ.wav,_ぐぐごぐがぐ,,0,breath,44100,1,4.124626,true,true,
平野文,星野フミカ,連続音-Breathy,_けけきけくけ.wav,research/data/raw/reference/utau-samples/平野文/連続音-Breathy/_けけきけくけ.wav,_けけきけくけ,- けB,5,breath,44100,1,4.187120,true,true,
平野文,星野フミカ,連続音-Breathy,_げげぎげぐげ.wav,research/data/raw/reference/utau-samples/平野文/連続音-Breathy/_げげぎげぐげ.wav,_げげぎげぐげ,,0,breath,44100,1,4.249615,true,true,
平野文,星野フミカ,連続音-Breathy,_ここかこけこ.wav,research/data/raw/reference/utau-samples/平野文/連続音-Breathy/_ここかこけこ.wav,_ここかこけこ,- こB,6,breath,44100,1,4.187120,true,true,
平野文,星野フミカ,連続音-Breathy,_ごごがごげご.wav,research/data/raw/reference/utau-samples/平野文/連続音-Breathy/_ごごがごげご.wav,_ごごがごげご,,0,breath,44100,1,4.124626,true,true,
平野文,星野フミカ,連続音-Breathy,_ささせさすぃさ.wav,research/data/raw/reference/utau-samples/平野文/連続音-Breathy/_ささせさすぃさ.wav,_ささせさすぃさ,- さB,6,breath,44100,1,4.249615,true,true,
平野文,星野フミカ,連続音-Breathy,_ざざぜざずぃざ.wav,research/data/raw/reference/utau-samples/平野文/連続音-Breathy/_ざざぜざずぃざ.wav,_ざざぜざずぃざ,,0,breath,44100,1,4.249615,true,true,
平野文,星野フミカ,連続音-Breathy,_しぇしぇししぇしゅしぇ.wav,research/data/raw/reference/utau-samples/平野文/連続音-Breathy/_しぇしぇししぇしゅしぇ.wav,_しぇしぇししぇしゅしぇ,- しぇB,6,breath,44100,1,4.187120,true,true,
平野文,星野フミカ,連続音-Breathy,_しししゅししょし.wav,research/data/raw/reference/utau-samples/平野文/連続音-Breathy/_しししゅししょし.wav,_しししゅししょし,- しB,6,breath,44100,1,4.249615,true,true,
平野文,星野フミカ,連続音-Breathy,_しゃしゃしぇしゃししゃ.wav,research/data/raw/reference/utau-samples/平野文/連続音-Breathy/_しゃしゃしぇしゃししゃ.wav,_しゃしゃしぇしゃししゃ,- しゃB,6,breath,44100,1,4.249615,true,true,
平野文,星野フミカ,連続音-Breathy,_しゅしゅしょしゅしゃしゅ.wav,research/data/raw/reference/utau-samples/平野文/連続音-Breathy/_しゅしゅしょしゅしゃしゅ.wav,_しゅしゅしょしゅしゃしゅ,- しゅB,6,breath,44100,1,4.249615,true,true,
平野文,星野フミカ,連続音-Breathy,_しょしょしゃしょしぇしょ.wav,research/data/raw/reference/utau-samples/平野文/連続音-Breathy/_しょしょしゃしょしぇしょ.wav,_しょしょしゃしょしぇしょ,- しょB,6,breath,44100,1,4.249615,true,true,
平野文,星野フミカ,連続音-Breathy,_じぇじぇじじぇじゅじぇ.wav,research/data/raw/reference/utau-samples/平野文/連続音-Breathy/_じぇじぇじじぇじゅじぇ.wav,_じぇじぇじじぇじゅじぇ,,0,breath,44100,1,4.249615,true,true,
平野文,星野フミカ,連続音-Breathy,_じじじゅじじょじ.wav,research/data/raw/reference/utau-samples/平野文/連続音-Breathy/_じじじゅじじょじ.wav,_じじじゅじじょじ,,0,breath,44100,1,4.187120,true,true,
平野文,星野フミカ,連続音-Breathy,_じゃじゃじぇじゃじじゃ.wav,research/data/raw/reference/utau-samples/平野文/連続音-Breathy/_じゃじゃじぇじゃじじゃ.wav,_じゃじゃじぇじゃじじゃ,,0,breath,44100,1,4.187120,true,true,
平野文,星野フミカ,連続音-Breathy,_じゅじゅじょじゅじゃじゅ.wav,research/data/raw/reference/utau-samples/平野文/連続音-Breathy/_じゅじゅじょじゅじゃじゅ.wav,_じゅじゅじょじゅじゃじゅ,,0,breath,44100,1,4.249615,true,true,
平野文,星野フミカ,連続音-Breathy,_じょじょじゃじょじぇじょ.wav,research/data/raw/reference/utau-samples/平野文/連続音-Breathy/_じょじょじゃじょじぇじょ.wav,_じょじょじゃじょじぇじょ,,0,breath,44100,1,4.124626,true,true,
平野文,星野フミカ,連続音-Breathy,_すぃすぃすすぃそすぃ.wav,research/data/raw/reference/utau-samples/平野文/連続音-Breathy/_すぃすぃすすぃそすぃ.wav,_すぃすぃすすぃそすぃ,- すぃB,6,breath,44100,1,4.187120,true,true,
平野文,星野フミカ,連続音-Breathy,_すすそすさす.wav,research/data/raw/reference/utau-samples/平野文/連続音-Breathy/_すすそすさす.wav,_すすそすさす,- すB,6,breath,44100,1,4.249615,true,true,
平野文,星野フミカ,連続音-Breathy,_ずぃずぃずずぃぞずぃ.wav,research/data/raw/reference/utau-samples/平野文/連続音-Breathy/_ずぃずぃずずぃぞずぃ.wav,_ずぃずぃずずぃぞずぃ,,0,breath,44100,1,4.249615,true,true,
平野文,星野フミカ,連続音-Breathy,_ずずぞずざず.wav,research/data/raw/reference/utau-samples/平野文/連続音-Breathy/_ずずぞずざず.wav,_ずずぞずざず,,0,breath,44100,1,4.249615,true,true,
平野文,星野フミカ,連続音-Breathy,_せせすぃせすせ.wav,research/data/raw/reference/utau-samples/平野文/連続音-Breathy/_せせすぃせすせ.wav,_せせすぃせすせ,- せB,6,breath,44100,1,4.249615,true,true,
平野文,星野フミカ,連続音-Breathy,_ぜぜずぃぜずぜ.wav,research/data/raw/reference/utau-samples/平野文/連続音-Breathy/_ぜぜずぃぜずぜ.wav,_ぜぜずぃぜずぜ,,0,breath,44100,1,4.249615,true,true,
平野文,星野フミカ,連続音-Breathy,_そそさそせそ.wav,research/data/raw/reference/utau-samples/平野文/連続音-Breathy/_そそさそせそ.wav,_そそさそせそ,- そB,6,breath,44100,1,4.249615,true,true,
平野文,星野フミカ,連続音-Breathy,_ぞぞざぞぜぞ.wav,research/data/raw/reference/utau-samples/平野文/連続音-Breathy/_ぞぞざぞぜぞ.wav,_ぞぞざぞぜぞ,,0,breath,44100,1,4.124626,true,true,
平野文,星野フミカ,連続音-Breathy,_たたてたてぃた.wav,research/data/raw/reference/utau-samples/平野文/連続音-Breathy/_たたてたてぃた.wav,_たたてたてぃた,- たB,6,breath,44100,1,4.249615,true,true,
平野文,星野フミカ,連続音-Breathy,_だだでだでぃだ.wav,research/data/raw/reference/utau-samples/平野文/連続音-Breathy/_だだでだでぃだ.wav,_だだでだでぃだ,,0,breath,44100,1,4.249615,true,true,
平野文,星野フミカ,連続音-Breathy,_ちぇちぇちちぇちゅちぇ.wav,research/data/raw/reference/utau-samples/平野文/連続音-Breathy/_ちぇちぇちちぇちゅちぇ.wav,_ちぇちぇちちぇちゅちぇ,- ちぇB,6,breath,44100,1,4.187120,true,true,
平野文,星野フミカ,連続音-Breathy,_ちちちゅちちょち.wav,research/data/raw/reference/utau-samples/平野文/連続音-Breathy/_ちちちゅちちょち.wav,_ちちちゅちちょち,- ちB,6,breath,44100,1,4.249615,true,true,
平野文,星野フミカ,連続音-Breathy,_ちゃちゃちぇちゃちちゃ.wav,research/data/raw/reference/utau-samples/平野文/連続音-Breathy/_ちゃちゃちぇちゃちちゃ.wav,_ちゃちゃちぇちゃちちゃ,- ちゃB,6,breath,44100,1,4.249615,true,true,
平野文,星野フミカ,連続音-Breathy,_ちゅちゅちょちゅちゃちゅ.wav,research/data/raw/reference/utau-samples/平野文/連続音-Breathy/_ちゅちゅちょちゅちゃちゅ.wav,_ちゅちゅちょちゅちゃちゅ,- ちゅB,6,breath,44100,1,4.249615,true,true,
平野文,星野フミカ,連続音-Breathy,_ちょちょちゃちょちぇちょ.wav,research/data/raw/reference/utau-samples/平野文/連続音-Breathy/_ちょちょちゃちょちぇちょ.wav,_ちょちょちゃちょちぇちょ,- ちょB,6,breath,44100,1,4.187120,true,true,
平野文,星野フミカ,連続音-Breathy,_つぁつぁつぇつぁつぃつぁ.wav,research/data/raw/reference/utau-samples/平野文/連続音-Breathy/_つぁつぁつぇつぁつぃつぁ.wav,_つぁつぁつぇつぁつぃつぁ,- つぁB,6,breath,44100,1,4.249615,true,true,
平野文,星野フミカ,連続音-Breathy,_つぃつぃつつぃつぉつぃ.wav,research/data/raw/reference/utau-samples/平野文/連続音-Breathy/_つぃつぃつつぃつぉつぃ.wav,_つぃつぃつつぃつぉつぃ,- つぃB,6,breath,44100,1,4.187120,true,true,
平野文,星野フミカ,連続音-Breathy,_つぇつぇつぃつぇつつぇ.wav,research/data/raw/reference/utau-samples/平野文/連続音-Breathy/_つぇつぇつぃつぇつつぇ.wav,_つぇつぇつぃつぇつつぇ,- つぇB,6,breath,44100,1,4.249615,true,true,
平野文,星野フミカ,連続音-Breathy,_つぉつぉつぁつぉつぇつぉ.wav,research/data/raw/reference/utau-samples/平野文/連続音-Breathy/_つぉつぉつぁつぉつぇつぉ.wav,_つぉつぉつぁつぉつぇつぉ,- つぉB,6,breath,44100,1,4.249615,true,true,
平野文,星野フミカ,連続音-Breathy,_つつつぉつつぁつ.wav,research/data/raw/reference/utau-samples/平野文/連続音-Breathy/_つつつぉつつぁつ.wav,_つつつぉつつぁつ,- つB,6,breath,44100,1,4.187120,true,true,
平野文,星野フミカ,連続音-Breathy,_てぃてぃとぅてぃとてぃ.wav,research/data/raw/reference/utau-samples/平野文/連続音-Breathy/_てぃてぃとぅてぃとてぃ.wav,_てぃてぃとぅてぃとてぃ,- てぃB,6,breath,44100,1,4.187120,true,true,
平野文,星野フミカ,連続音-Breathy,_てててぃてとぅて.wav,research/data/raw/reference/utau-samples/平野文/連続音-Breathy/_てててぃてとぅて.wav,_てててぃてとぅて,- てB,6,breath,44100,1,4.187120,true,true,
平野文,星野フミカ,連続音-Breathy,_でぃでぃどぅでぃどでぃ.wav,research/data/raw/reference/utau-samples/平野文/連続音-Breathy/_でぃでぃどぅでぃどでぃ.wav,_でぃでぃどぅでぃどでぃ,,0,breath,44100,1,4.187120,true,true,
平野文,星野フミカ,連続音-Breathy,_でででぃでどぅで.wav,research/data/raw/reference/utau-samples/平野文/連続音-Breathy/_でででぃでどぅで.wav,_でででぃでどぅで,,0,breath,44100,1,4.249615,true,true,
平野文,星野フミカ,連続音-Breathy,_とぅとぅととぅたとぅ.wav,research/data/raw/reference/utau-samples/平野文/連続音-Breathy/_とぅとぅととぅたとぅ.wav,_とぅとぅととぅたとぅ,- とぅB,6,breath,44100,1,4.249615,true,true,
平野文,星野フミカ,連続音-Breathy,_ととたとてと.wav,research/data/raw/reference/utau-samples/平野文/連続音-Breathy/_ととたとてと.wav,_ととたとてと,- とB,6,breath,44100,1,4.249615,true,true,
平野文,星野フミカ,連続音-Breathy,_どぅどぅどどぅだどぅ.wav,research/data/raw/reference/utau-samples/平野文/連続音-Breathy/_どぅどぅどどぅだどぅ.wav,_どぅどぅどどぅだどぅ,,0,breath,44100,1,4.187120,true,true,
平野文,星野フミカ,連続音-Breathy,_どどだどでど.wav,research/data/raw/reference/utau-samples/平野文/連続音-Breathy/_どどだどでど.wav,_どどだどでど,,0,breath,44100,1,4.187120,true,true,
平野文,星野フミカ,連続音-Breathy,_ななねなにな.wav,research/data/raw/reference/utau-samples/平野文/連続音-Breathy/_ななねなにな.wav,_ななねなにな,- なB,6,breath,44100,1,4.187120,true,true,
平野文,星野フミカ,連続音-Breathy,_にぇにぇににぇにゅにぇ.wav,research/data/raw/reference/utau-samples/平野文/連続音-Breathy/_にぇにぇににぇにゅにぇ.wav,_にぇにぇににぇにゅにぇ,- にぇB,6,breath,44100,1,4.187120,true,true,
平野文,星野フミカ,連続音-Breathy,_にににゅににょに.wav,research/data/raw/reference/utau-samples/平野文/連続音-Breathy/_にににゅににょに.wav,_にににゅににょに,- にB,6,breath,44100,1,4.124626,true,true,
平野文,星野フミカ,連続音-Breathy,_ににぬにのに.wav,research/data/raw/reference/utau-samples/平野文/連続音-Breathy/_ににぬにのに.wav,_ににぬにのに,i ぬB,2,breath,44100,1,4.249615,true,true,
平野文,星野フミカ,連続音-Breathy,_にゃにゃにぇにゃににゃ.wav,research/data/raw/reference/utau-samples/平野文/連続音-Breathy/_にゃにゃにぇにゃににゃ.wav,_にゃにゃにぇにゃににゃ,- にゃB,5,breath,44100,1,4.249615,true,true,
平野文,星野フミカ,連続音-Breathy,_にゅにゅにょにゅにゃにゅ.wav,research/data/raw/reference/utau-samples/平野文/連続音-Breathy/_にゅにゅにょにゅにゃにゅ.wav,_にゅにゅにょにゅにゃにゅ,- にゅB,6,breath,44100,1,4.124626,true,true,
平野文,星野フミカ,連続音-Breathy,_にょにょにゃにょにぇにょ.wav,research/data/raw/reference/utau-samples/平野文/連続音-Breathy/_にょにょにゃにょにぇにょ.wav,_にょにょにゃにょにぇにょ,- にょB,6,breath,44100,1,4.187120,true,true,
平野文,星野フミカ,連続音-Breathy,_ぬぬのぬなぬ.wav,research/data/raw/reference/utau-samples/平野文/連続音-Breathy/_ぬぬのぬなぬ.wav,_ぬぬのぬなぬ,- ぬB,6,breath,44100,1,4.124626,true,true,
平野文,星野フミカ,連続音-Breathy,_ねねにねぬね.wav,research/data/raw/reference/utau-samples/平野文/連続音-Breathy/_ねねにねぬね.wav,_ねねにねぬね,- ねB,5,breath,44100,1,4.124626,true,true,
平野文,星野フミカ,連続音-Breathy,_ののなのねの.wav,research/data/raw/reference/utau-samples/平野文/連続音-Breathy/_ののなのねの.wav,_ののなのねの,- のB,6,breath,44100,1,4.187120,true,true,
平野文,星野フミカ,連続音-Breathy,_ははへはひは.wav,research/data/raw/reference/utau-samples/平野文/連続音-Breathy/_ははへはひは.wav,_ははへはひは,- はB,6,breath,44100,1,4.187120,true,true,
平野文,星野フミカ,連続音-Breathy,_ばばべばびば.wav,research/data/raw/reference/utau-samples/平野文/連続音-Breathy/_ばばべばびば.wav,_ばばべばびば,,0,breath,44100,1,4.249615,true,true,
平野文,星野フミカ,連続音-Breathy,_ぱぱぺぱぴぱ.wav,research/data/raw/reference/utau-samples/平野文/連続音-Breathy/_ぱぱぺぱぴぱ.wav,_ぱぱぺぱぴぱ,,0,breath,44100,1,4.187120,true,true,
平野文,星野フミカ,連続音-Breathy,_ひぇひぇひひぇひゅひぇ.wav,research/data/raw/reference/utau-samples/平野文/連続音-Breathy/_ひぇひぇひひぇひゅひぇ.wav,_ひぇひぇひひぇひゅひぇ,- ひぇB,6,breath,44100,1,4.249615,true,true,
平野文,星野フミカ,連続音-Breathy,_ひひひゅひひょひ.wav,research/data/raw/reference/utau-samples/平野文/連続音-Breathy/_ひひひゅひひょひ.wav,_ひひひゅひひょひ,- ひB,6,breath,44100,1,4.249615,true,true,
平野文,星野フミカ,連続音-Breathy,_ひひふひほひ.wav,research/data/raw/reference/utau-samples/平野文/連続音-Breathy/_ひひふひほひ.wav,_ひひふひほひ,i ふB,2,breath,44100,1,4.249615,true,true,
平野文,星野フミカ,連続音-Breathy,_ひゃひゃひぇひゃひひゃ.wav,research/data/raw/reference/utau-samples/平野文/連続音-Breathy/_ひゃひゃひぇひゃひひゃ.wav,_ひゃひゃひぇひゃひひゃ,- ひゃB,5,breath,44100,1,4.187120,true,true,
平野文,星野フミカ,連続音-Breathy,_ひゅひゅひょひゅひゃひゅ.wav,research/data/raw/reference/utau-samples/平野文/連続音-Breathy/_ひゅひゅひょひゅひゃひゅ.wav,_ひゅひゅひょひゅひゃひゅ,- ひゅB,6,breath,44100,1,4.124626,true,true,
平野文,星野フミカ,連続音-Breathy,_ひょひょひゃひょひぇひょ.wav,research/data/raw/reference/utau-samples/平野文/連続音-Breathy/_ひょひょひゃひょひぇひょ.wav,_ひょひょひゃひょひぇひょ,- ひょB,6,breath,44100,1,4.187120,true,true,
平野文,星野フミカ,連続音-Breathy,_びぇびぇびびぇびゅびぇ.wav,research/data/raw/reference/utau-samples/平野文/連続音-Breathy/_びぇびぇびびぇびゅびぇ.wav,_びぇびぇびびぇびゅびぇ,,0,breath,44100,1,4.187120,true,true,
平野文,星野フミカ,連続音-Breathy,_びびびゅびびょび.wav,research/data/raw/reference/utau-samples/平野文/連続音-Breathy/_びびびゅびびょび.wav,_びびびゅびびょび,,0,breath,44100,1,4.187120,true,true,
平野文,星野フミカ,連続音-Breathy,_びびぶびぼび.wav,research/data/raw/reference/utau-samples/平野文/連続音-Breathy/_びびぶびぼび.wav,_びびぶびぼび,,0,breath,44100,1,4.187120,true,true,
平野文,星野フミカ,連続音-Breathy,_びゃびゃびぇびゃびびゃ.wav,research/data/raw/reference/utau-samples/平野文/連続音-Breathy/_びゃびゃびぇびゃびびゃ.wav,_びゃびゃびぇびゃびびゃ,,0,breath,44100,1,4.249615,true,true,
平野文,星野フミカ,連続音-Breathy,_びゅびゅびょびゅびゃびゅ.wav,research/data/raw/reference/utau-samples/平野文/連続音-Breathy/_びゅびゅびょびゅびゃびゅ.wav,_びゅびゅびょびゅびゃびゅ,,0,breath,44100,1,4.187120,true,true,
平野文,星野フミカ,連続音-Breathy,_びょびょびゃびょびぇびょ.wav,research/data/raw/reference/utau-samples/平野文/連続音-Breathy/_びょびょびゃびょびぇびょ.wav,_びょびょびゃびょびぇびょ,,0,breath,44100,1,4.249615,true,true,
平野文,星野フミカ,連続音-Breathy,_ぴぇぴぇぴぴぇぴゅぴぇ.wav,research/data/raw/reference/utau-samples/平野文/連続音-Breathy/_ぴぇぴぇぴぴぇぴゅぴぇ.wav,_ぴぇぴぇぴぴぇぴゅぴぇ,,0,breath,44100,1,4.249615,true,true,
平野文,星野フミカ,連続音-Breathy,_ぴぴぴゅぴぴょぴ.wav,research/data/raw/reference/utau-samples/平野文/連続音-Breathy/_ぴぴぴゅぴぴょぴ.wav,_ぴぴぴゅぴぴょぴ,,0,breath,44100,1,4.249615,true,true,
平野文,星野フミカ,連続音-Breathy,_ぴぴぷぴぽぴ.wav,research/data/raw/reference/utau-samples/平野文/連続音-Breathy/_ぴぴぷぴぽぴ.wav,_ぴぴぷぴぽぴ,,0,breath,44100,1,4.124626,true,true,
平野文,星野フミカ,連続音-Breathy,_ぴゃぴゃぴぇぴゃぴぴゃ.wav,research/data/raw/reference/utau-samples/平野文/連続音-Breathy/_ぴゃぴゃぴぇぴゃぴぴゃ.wav,_ぴゃぴゃぴぇぴゃぴぴゃ,,0,breath,44100,1,4.249615,true,true,
平野文,星野フミカ,連続音-Breathy,_ぴゅぴゅぴょぴゅぴゃぴゅ.wav,research/data/raw/reference/utau-samples/平野文/連続音-Breathy/_ぴゅぴゅぴょぴゅぴゃぴゅ.wav,_ぴゅぴゅぴょぴゅぴゃぴゅ,,0,breath,44100,1,4.187120,true,true,
平野文,星野フミカ,連続音-Breathy,_ぴょぴょぴゃぴょぴぇぴょ.wav,research/data/raw/reference/utau-samples/平野文/連続音-Breathy/_ぴょぴょぴゃぴょぴぇぴょ.wav,_ぴょぴょぴゃぴょぴぇぴょ,,0,breath,44100,1,4.249615,true,true,
平野文,星野フミカ,連続音-Breathy,_ふぁふぁふぇふぁふぃふぁ.wav,research/data/raw/reference/utau-samples/平野文/連続音-Breathy/_ふぁふぁふぇふぁふぃふぁ.wav,_ふぁふぁふぇふぁふぃふぁ,- ふぁB,6,breath,44100,1,4.249615,true,true,
平野文,星野フミカ,連続音-Breathy,_ふぃふぃふふぃふぉふぃ.wav,research/data/raw/reference/utau-samples/平野文/連続音-Breathy/_ふぃふぃふふぃふぉふぃ.wav,_ふぃふぃふふぃふぉふぃ,- ふぃB,5,breath,44100,1,4.249615,true,true,
平野文,星野フミカ,連続音-Breathy,_ふぇふぇふぃふぇふふぇ.wav,research/data/raw/reference/utau-samples/平野文/連続音-Breathy/_ふぇふぇふぃふぇふふぇ.wav,_ふぇふぇふぃふぇふふぇ,- ふぇB,6,breath,44100,1,4.187120,true,true,
平野文,星野フミカ,連続音-Breathy,_ふぉふぉふぁふぉふぇふぉ.wav,research/data/raw/reference/utau-samples/平野文/連続音-Breathy/_ふぉふぉふぁふぉふぇふぉ.wav,_ふぉふぉふぁふぉふぇふぉ,- ふぉB,6,breath,44100,1,4.249615,true,true,
平野文,星野フミカ,連続音-Breathy,_ふふふぉふふぁふ.wav,research/data/raw/reference/utau-samples/平野文/連続音-Breathy/_ふふふぉふふぁふ.wav,_ふふふぉふふぁふ,- ふB,6,breath,44100,1,4.187120,true,true,
平野文,星野フミカ,連続音-Breathy,_ふふほふはふ.wav,research/data/raw/reference/utau-samples/平野文/連続音-Breathy/_ふふほふはふ.wav,_ふふほふはふ,u ほB,2,breath,44100,1,4.187120,true,true,
平野文,星野フミカ,連続音-Breathy,_ぶぶぼぶばぶ.wav,research/data/raw/reference/utau-samples/平野文/連続音-Breathy/_ぶぶぼぶばぶ.wav,_ぶぶぼぶばぶ,,0,breath,44100,1,4.187120,true,true,
平野文,星野フミカ,連続音-Breathy,_ぷぷぽぷぱぷ.wav,research/data/raw/reference/utau-samples/平野文/連続音-Breathy/_ぷぷぽぷぱぷ.wav,_ぷぷぽぷぱぷ,,0,breath,44100,1,4.124626,true,true,
平野文,星野フミカ,連続音-Breathy,_へへひへふへ.wav,research/data/raw/reference/utau-samples/平野文/連続音-Breathy/_へへひへふへ.wav,_へへひへふへ,- へB,4,breath,44100,1,4.187120,true,true,
平野文,星野フミカ,連続音-Breathy,_べべびべぶべ.wav,research/data/raw/reference/utau-samples/平野文/連続音-Breathy/_べべびべぶべ.wav,_べべびべぶべ,,0,breath,44100,1,4.187120,true,true,
平野文,星野フミカ,連続音-Breathy,_ぺぺぴぺぷぺ.wav,research/data/raw/reference/utau-samples/平野文/連続音-Breathy/_ぺぺぴぺぷぺ.wav,_ぺぺぴぺぷぺ,,0,breath,44100,1,4.187120,true,true,
平野文,星野フミカ,連続音-Breathy,_ほほはほへほ.wav,research/data/raw/reference/utau-samples/平野文/連続音-Breathy/_ほほはほへほ.wav,_ほほはほへほ,- ほB,6,breath,44100,1,4.187120,true,true,
平野文,星野フミカ,連続音-Breathy,_ぼぼばぼべぼ.wav,research/data/raw/reference/utau-samples/平野文/連続音-Breathy/_ぼぼばぼべぼ.wav,_ぼぼばぼべぼ,,0,breath,44100,1,4.187120,true,true,
平野文,星野フミカ,連続音-Breathy,_ぽぽぱぽぺぽ.wav,research/data/raw/reference/utau-samples/平野文/連続音-Breathy/_ぽぽぱぽぺぽ.wav,_ぽぽぱぽぺぽ,,0,breath,44100,1,4.124626,true,true,
平野文,星野フミカ,連続音-Breathy,_ままめまみま.wav,research/data/raw/reference/utau-samples/平野文/連続音-Breathy/_ままめまみま.wav,_ままめまみま,- まB,6,breath,44100,1,4.249615,true,true,
平野文,星野フミカ,連続音-Breathy,_みぇみぇみみぇみゅみぇ.wav,research/data/raw/reference/utau-samples/平野文/連続音-Breathy/_みぇみぇみみぇみゅみぇ.wav,_みぇみぇみみぇみゅみぇ,- みぇB,6,breath,44100,1,4.187120,true,true,
平野文,星野フミカ,連続音-Breathy,_みみみゅみみょみ.wav,research/data/raw/reference/utau-samples/平野文/連続音-Breathy/_みみみゅみみょみ.wav,_みみみゅみみょみ,- みB,6,breath,44100,1,4.249615,true,true,
平野文,星野フミカ,連続音-Breathy,_みみむみもみ.wav,research/data/raw/reference/utau-samples/平野文/連続音-Breathy/_みみむみもみ.wav,_みみむみもみ,i むB,2,breath,44100,1,4.249615,true,true,
平野文,星野フミカ,連続音-Breathy,_みゃみゃみぇみゃみみゃ.wav,research/data/raw/reference/utau-samples/平野文/連続音-Breathy/_みゃみゃみぇみゃみみゃ.wav,_みゃみゃみぇみゃみみゃ,- みゃB,5,breath,44100,1,4.249615,true,true,
平野文,星野フミカ,連続音-Breathy,_みゅみゅみょみゅみゃみゅ.wav,research/data/raw/reference/utau-samples/平野文/連続音-Breathy/_みゅみゅみょみゅみゃみゅ.wav,_みゅみゅみょみゅみゃみゅ,- みゅB,6,breath,44100,1,4.249615,true,true,
平野文,星野フミカ,連続音-Breathy,_みょみょみゃみょみぇみょ.wav,research/data/raw/reference/utau-samples/平野文/連続音-Breathy/_みょみょみゃみょみぇみょ.wav,_みょみょみゃみょみぇみょ,- みょB,6,breath,44100,1,4.124626,true,true,
平野文,星野フミカ,連続音-Breathy,_むむもむまむ.wav,research/data/raw/reference/utau-samples/平野文/連続音-Breathy/_むむもむまむ.wav,_むむもむまむ,- むB,6,breath,44100,1,4.187120,true,true,
平野文,星野フミカ,連続音-Breathy,_めめみめむめ.wav,research/data/raw/reference/utau-samples/平野文/連続音-Breathy/_めめみめむめ.wav,_めめみめむめ,- めB,5,breath,44100,1,4.124626,true,true,
平野文,星野フミカ,連続音-Breathy,_ももまもめも.wav,research/data/raw/reference/utau-samples/平野文/連続音-Breathy/_ももまもめも.wav,_ももまもめも,- もB,6,breath,44100,1,4.249615,true,true,
平野文,星野フミカ,連続音-Breathy,_ややいぇやいや.wav,research/data/raw/reference/utau-samples/平野文/連続音-Breathy/_ややいぇやいや.wav,_ややいぇやいや,- やB,5,breath,44100,1,4.249615,true,true,
平野文,星野フミカ,連続音-Breathy,_ゆゆよゆやゆ.wav,research/data/raw/reference/utau-samples/平野文/連続音-Breathy/_ゆゆよゆやゆ.wav,_ゆゆよゆやゆ,- ゆB,6,breath,44100,1,4.249615,true,true,
平野文,星野フミカ,連続音-Breathy,_よよやよいぇよ.wav,research/data/raw/reference/utau-samples/平野文/連続音-Breathy/_よよやよいぇよ.wav,_よよやよいぇよ,- よB,6,breath,44100,1,4.249615,true,true,
平野文,星野フミカ,連続音-Breathy,_らられらりら.wav,research/data/raw/reference/utau-samples/平野文/連続音-Breathy/_らられらりら.wav,_らられらりら,- らB,6,breath,44100,1,4.249615,true,true,
平野文,星野フミカ,連続音-Breathy,_りぇりぇりりぇりゅりぇ.wav,research/data/raw/reference/utau-samples/平野文/連続音-Breathy/_りぇりぇりりぇりゅりぇ.wav,_りぇりぇりりぇりゅりぇ,- りぇB,6,breath,44100,1,4.187120,true,true,
平野文,星野フミカ,連続音-Breathy,_りゃりゃりぇりゃりりゃ.wav,research/data/raw/reference/utau-samples/平野文/連続音-Breathy/_りゃりゃりぇりゃりりゃ.wav,_りゃりゃりぇりゃりりゃ,- りゃB,5,breath,44100,1,4.249615,true,true,
平野文,星野フミカ,連続音-Breathy,_りゅりゅりょりゅりゃりゅ.wav,research/data/raw/reference/utau-samples/平野文/連続音-Breathy/_りゅりゅりょりゅりゃりゅ.wav,_りゅりゅりょりゅりゃりゅ,- りゅB,6,breath,44100,1,4.124626,true,true,
平野文,星野フミカ,連続音-Breathy,_りょりょりゃりょりぇりょ.wav,research/data/raw/reference/utau-samples/平野文/連続音-Breathy/_りょりょりゃりょりぇりょ.wav,_りょりょりゃりょりぇりょ,- りょB,6,breath,44100,1,4.124626,true,true,
平野文,星野フミカ,連続音-Breathy,_りりりゅりりょり.wav,research/data/raw/reference/utau-samples/平野文/連続音-Breathy/_りりりゅりりょり.wav,_りりりゅりりょり,- りB,6,breath,44100,1,4.249615,true,true,
平野文,星野フミカ,連続音-Breathy,_りりるりろり.wav,research/data/raw/reference/utau-samples/平野文/連続音-Breathy/_りりるりろり.wav,_りりるりろり,i るB,2,breath,44100,1,4.187120,true,true,
平野文,星野フミカ,連続音-Breathy,_るるろるらる.wav,research/data/raw/reference/utau-samples/平野文/連続音-Breathy/_るるろるらる.wav,_るるろるらる,- るB,6,breath,44100,1,4.187120,true,true,
平野文,星野フミカ,連続音-Breathy,_れれりれるれ.wav,research/data/raw/reference/utau-samples/平野文/連続音-Breathy/_れれりれるれ.wav,_れれりれるれ,- れB,5,breath,44100,1,4.249615,true,true,
平野文,星野フミカ,連続音-Breathy,_ろろらろれろ.wav,research/data/raw/reference/utau-samples/平野文/連続音-Breathy/_ろろらろれろ.wav,_ろろらろれろ,- ろB,6,breath,44100,1,4.187120,true,true,
平野文,星野フミカ,連続音-Breathy,_わわうぇわうぃわ.wav,research/data/raw/reference/utau-samples/平野文/連続音-Breathy/_わわうぇわうぃわ.wav,_わわうぇわうぃわ,- わB,6,breath,44100,1,4.187120,true,true,
平野文,星野フミカ,連続音-Breathy,_んあんいんう.wav,research/data/raw/reference/utau-samples/平野文/連続音-Breathy/_んあんいんう.wav,_んあんいんう,- んB,6,breath,44100,1,4.187120,true,true,
平野文,星野フミカ,連続音-Breathy,_んいんゆんよ.wav,research/data/raw/reference/utau-samples/平野文/連続音-Breathy/_んいんゆんよ.wav,_んいんゆんよ,n ゆB,3,breath,44100,1,4.249615,true,true,
平野文,星野フミカ,連続音-Breathy,_んうぃんうんうぉ.wav,research/data/raw/reference/utau-samples/平野文/連続音-Breathy/_んうぃんうんうぉ.wav,_んうぃんうんうぉ,n うぃB,2,breath,44100,1,4.124626,true,true,
平野文,星野フミカ,連続音-Breathy,_んえんおんん.wav,research/data/raw/reference/utau-samples/平野文/連続音-Breathy/_んえんおんん.wav,_んえんおんん,n えB,6,breath,44100,1,4.249615,true,true,
平野文,星野フミカ,連続音-Breathy,_んかんけんき.wav,research/data/raw/reference/utau-samples/平野文/連続音-Breathy/_んかんけんき.wav,_んかんけんき,n かB,3,breath,44100,1,4.187120,true,true,
平野文,星野フミカ,連続音-Breathy,_んがんげんぎ.wav,research/data/raw/reference/utau-samples/平野文/連続音-Breathy/_んがんげんぎ.wav,_んがんげんぎ,,0,breath,44100,1,4.249615,true,true,
平野文,星野フミカ,連続音-Breathy,_んきゃんきぇんき.wav,research/data/raw/reference/utau-samples/平野文/連続音-Breathy/_んきゃんきぇんき.wav,_んきゃんきぇんき,n きゃB,2,breath,44100,1,4.187120,true,true,
平野文,星野フミカ,連続音-Breathy,_んきんきゅんきょ.wav,research/data/raw/reference/utau-samples/平野文/連続音-Breathy/_んきんきゅんきょ.wav,_んきんきゅんきょ,n きゅB,2,breath,44100,1,4.249615,true,true,
平野文,星野フミカ,連続音-Breathy,_んきんくんこ.wav,research/data/raw/reference/utau-samples/平野文/連続音-Breathy/_んきんくんこ.wav,_んきんくんこ,n くB,2,breath,44100,1,4.187120,true,true,
平野文,星野フミカ,連続音-Breathy,_んぎゃんぎぇんぎ.wav,research/data/raw/reference/utau-samples/平野文/連続音-Breathy/_んぎゃんぎぇんぎ.wav,_んぎゃんぎぇんぎ,,0,breath,44100,1,4.124626,true,true,
平野文,星野フミカ,連続音-Breathy,_んぎんぎゅんぎょ.wav,research/data/raw/reference/utau-samples/平野文/連続音-Breathy/_んぎんぎゅんぎょ.wav,_んぎんぎゅんぎょ,,0,breath,44100,1,4.124626,true,true,
平野文,星野フミカ,連続音-Breathy,_んぎんぐんご.wav,research/data/raw/reference/utau-samples/平野文/連続音-Breathy/_んぎんぐんご.wav,_んぎんぐんご,,0,breath,44100,1,4.249615,true,true,
平野文,星野フミカ,連続音-Breathy,_んさんせんすぃ.wav,research/data/raw/reference/utau-samples/平野文/連続音-Breathy/_んさんせんすぃ.wav,_んさんせんすぃ,n さB,3,breath,44100,1,4.124626,true,true,
平野文,星野フミカ,連続音-Breathy,_んざんぜんずぃ.wav,research/data/raw/reference/utau-samples/平野文/連続音-Breathy/_んざんぜんずぃ.wav,_んざんぜんずぃ,,0,breath,44100,1,4.124626,true,true,
平野文,星野フミカ,連続音-Breathy,_んしゃんしぇんし.wav,research/data/raw/reference/utau-samples/平野文/連続音-Breathy/_んしゃんしぇんし.wav,_んしゃんしぇんし,n しゃB,3,breath,44100,1,4.249615,true,true,
平野文,星野フミカ,連続音-Breathy,_んしんしゅんしょ.wav,research/data/raw/reference/utau-samples/平野文/連続音-Breathy/_んしんしゅんしょ.wav,_んしんしゅんしょ,n しゅB,2,breath,44100,1,4.124626,true,true,
平野文,星野フミカ,連続音-Breathy,_んじゃんじぇんじ.wav,research/data/raw/reference/utau-samples/平野文/連続音-Breathy/_んじゃんじぇんじ.wav,_んじゃんじぇんじ,,0,breath,44100,1,4.124626,true,true,
平野文,星野フミカ,連続音-Breathy,_んじんじゅんじょ.wav,research/data/raw/reference/utau-samples/平野文/連続音-Breathy/_んじんじゅんじょ.wav,_んじんじゅんじょ,,0,breath,44100,1,4.249615,true,true,
平野文,星野フミカ,連続音-Breathy,_んすぃんすんそ.wav,research/data/raw/reference/utau-samples/平野文/連続音-Breathy/_んすぃんすんそ.wav,_んすぃんすんそ,n すB,2,breath,44100,1,4.124626,true,true,
平野文,星野フミカ,連続音-Breathy,_んずぃんずんぞ.wav,research/data/raw/reference/utau-samples/平野文/連続音-Breathy/_んずぃんずんぞ.wav,_んずぃんずんぞ,,0,breath,44100,1,4.249615,true,true,
平野文,星野フミカ,連続音-Breathy,_んたんてんてぃ.wav,research/data/raw/reference/utau-samples/平野文/連続音-Breathy/_んたんてんてぃ.wav,_んたんてんてぃ,n たB,3,breath,44100,1,4.249615,true,true,
平野文,星野フミカ,連続音-Breathy,_んだんでんでぃ.wav,research/data/raw/reference/utau-samples/平野文/連続音-Breathy/_んだんでんでぃ.wav,_んだんでんでぃ,,0,breath,44100,1,4.249615,true,true,
平野文,星野フミカ,連続音-Breathy,_んちゃんちぇんち.wav,research/data/raw/reference/utau-samples/平野文/連続音-Breathy/_んちゃんちぇんち.wav,_んちゃんちぇんち,n ちゃB,3,breath,44100,1,4.124626,true,true,
平野文,星野フミカ,連続音-Breathy,_んちんちゅんちょ.wav,research/data/raw/reference/utau-samples/平野文/連続音-Breathy/_んちんちゅんちょ.wav,_んちんちゅんちょ,n ちゅB,2,breath,44100,1,4.124626,true,true,
平野文,星野フミカ,連続音-Breathy,_んつぁんつぇんつぃ.wav,research/data/raw/reference/utau-samples/平野文/連続音-Breathy/_んつぁんつぇんつぃ.wav,_んつぁんつぇんつぃ,n つぁB,3,breath,44100,1,4.124626,true,true,
平野文,星野フミカ,連続音-Breathy,_んつぃんつんつぉ.wav,research/data/raw/reference/utau-samples/平野文/連続音-Breathy/_んつぃんつんつぉ.wav,_んつぃんつんつぉ,n つB,2,breath,44100,1,4.187120,true,true,
平野文,星野フミカ,連続音-Breathy,_んてぃんとぅんと.wav,research/data/raw/reference/utau-samples/平野文/連続音-Breathy/_んてぃんとぅんと.wav,_んてぃんとぅんと,n とぅB,2,breath,44100,1,4.187120,true,true,
平野文,星野フミカ,連続音-Breathy,_んでぃんどぅんど.wav,research/data/raw/reference/utau-samples/平野文/連続音-Breathy/_んでぃんどぅんど.wav,_んでぃんどぅんど,,0,breath,44100,1,4.187120,true,true,
平野文,星野フミカ,連続音-Breathy,_んなんねんに.wav,research/data/raw/reference/utau-samples/平野文/連続音-Breathy/_んなんねんに.wav,_んなんねんに,n なB,3,breath,44100,1,4.249615,true,true,
平野文,星野フミカ,連続音-Breathy,_んにゃんにぇんに.wav,research/data/raw/reference/utau-samples/平野文/連続音-Breathy/_んにゃんにぇんに.wav,_んにゃんにぇんに,n にゃB,2,breath,44100,1,4.249615,true,true,
平野文,星野フミカ,連続音-Breathy,_んにんにゅんにょ.wav,research/data/raw/reference/utau-samples/平野文/連続音-Breathy/_んにんにゅんにょ.wav,_んにんにゅんにょ,n にゅB,2,breath,44100,1,4.249615,true,true,
平野文,星野フミカ,連続音-Breathy,_んにんぬんの.wav,research/data/raw/reference/utau-samples/平野文/連続音-Breathy/_んにんぬんの.wav,_んにんぬんの,n ぬB,2,breath,44100,1,4.249615,true,true,
平野文,星野フミカ,連続音-Breathy,_んはんへんひ.wav,research/data/raw/reference/utau-samples/平野文/連続音-Breathy/_んはんへんひ.wav,_んはんへんひ,n はB,3,breath,44100,1,4.249615,true,true,
平野文,星野フミカ,連続音-Breathy,_んばんべんび.wav,research/data/raw/reference/utau-samples/平野文/連続音-Breathy/_んばんべんび.wav,_んばんべんび,,0,breath,44100,1,4.249615,true,true,
平野文,星野フミカ,連続音-Breathy,_んぱんぺんぴ.wav,research/data/raw/reference/utau-samples/平野文/連続音-Breathy/_んぱんぺんぴ.wav,_んぱんぺんぴ,,0,breath,44100,1,4.187120,true,true,
平野文,星野フミカ,連続音-Breathy,_んひゃんひぇんひ.wav,research/data/raw/reference/utau-samples/平野文/連続音-Breathy/_んひゃんひぇんひ.wav,_んひゃんひぇんひ,n ひゃB,2,breath,44100,1,4.249615,true,true,
平野文,星野フミカ,連続音-Breathy,_んひんひゅんひょ.wav,research/data/raw/reference/utau-samples/平野文/連続音-Breathy/_んひんひゅんひょ.wav,_んひんひゅんひょ,n ひゅB,2,breath,44100,1,4.249615,true,true,
平野文,星野フミカ,連続音-Breathy,_んひんふんほ.wav,research/data/raw/reference/utau-samples/平野文/連続音-Breathy/_んひんふんほ.wav,_んひんふんほ,n ふB,2,breath,44100,1,4.187120,true,true,
平野文,星野フミカ,連続音-Breathy,_んびゃんびぇんび.wav,research/data/raw/reference/utau-samples/平野文/連続音-Breathy/_んびゃんびぇんび.wav,_んびゃんびぇんび,,0,breath,44100,1,4.187120,true,true,
平野文,星野フミカ,連続音-Breathy,_んびんびゅんびょ.wav,research/data/raw/reference/utau-samples/平野文/連続音-Breathy/_んびんびゅんびょ.wav,_んびんびゅんびょ,,0,breath,44100,1,4.187120,true,true,
平野文,星野フミカ,連続音-Breathy,_んびんぶんぼ.wav,research/data/raw/reference/utau-samples/平野文/連続音-Breathy/_んびんぶんぼ.wav,_んびんぶんぼ,,0,breath,44100,1,4.249615,true,true,
平野文,星野フミカ,連続音-Breathy,_んぴゃんぴぇんぴ.wav,research/data/raw/reference/utau-samples/平野文/連続音-Breathy/_んぴゃんぴぇんぴ.wav,_んぴゃんぴぇんぴ,,0,breath,44100,1,4.187120,true,true,
平野文,星野フミカ,連続音-Breathy,_んぴんぴゅんぴょ.wav,research/data/raw/reference/utau-samples/平野文/連続音-Breathy/_んぴんぴゅんぴょ.wav,_んぴんぴゅんぴょ,,0,breath,44100,1,4.187120,true,true,
平野文,星野フミカ,連続音-Breathy,_んぴんぷんぽ.wav,research/data/raw/reference/utau-samples/平野文/連続音-Breathy/_んぴんぷんぽ.wav,_んぴんぷんぽ,,0,breath,44100,1,4.187120,true,true,
平野文,星野フミカ,連続音-Breathy,_んふぁんふぇんふぃ.wav,research/data/raw/reference/utau-samples/平野文/連続音-Breathy/_んふぁんふぇんふぃ.wav,_んふぁんふぇんふぃ,n ふぁB,3,breath,44100,1,4.187120,true,true,
平野文,星野フミカ,連続音-Breathy,_んふぃんふんふぉ.wav,research/data/raw/reference/utau-samples/平野文/連続音-Breathy/_んふぃんふんふぉ.wav,_んふぃんふんふぉ,n ふぉB,1,breath,44100,1,4.187120,true,true,
平野文,星野フミカ,連続音-Breathy,_んまんめんみ.wav,research/data/raw/reference/utau-samples/平野文/連続音-Breathy/_んまんめんみ.wav,_んまんめんみ,n まB,3,breath,44100,1,4.249615,true,true,
平野文,星野フミカ,連続音-Breathy,_んみゃんみぇんみ.wav,research/data/raw/reference/utau-samples/平野文/連続音-Breathy/_んみゃんみぇんみ.wav,_んみゃんみぇんみ,n みゃB,2,breath,44100,1,4.249615,true,true,
平野文,星野フミカ,連続音-Breathy,_んみんみゅんみょ.wav,research/data/raw/reference/utau-samples/平野文/連続音-Breathy/_んみんみゅんみょ.wav,_んみんみゅんみょ,n みゅB,2,breath,44100,1,4.249615,true,true,
平野文,星野フミカ,連続音-Breathy,_んみんむんも.wav,research/data/raw/reference/utau-samples/平野文/連続音-Breathy/_んみんむんも.wav,_んみんむんも,n むB,2,breath,44100,1,4.249615,true,true,
平野文,星野フミカ,連続音-Breathy,_んやんいぇんい.wav,research/data/raw/reference/utau-samples/平野文/連続音-Breathy/_んやんいぇんい.wav,_んやんいぇんい,n やB,2,breath,44100,1,4.249615,true,true,
平野文,星野フミカ,連続音-Breathy,_んらんれんり.wav,research/data/raw/reference/utau-samples/平野文/連続音-Breathy/_んらんれんり.wav,_んらんれんり,n らB,3,breath,44100,1,4.249615,true,true,
平野文,星野フミカ,連続音-Breathy,_んりゃんりぇんり.wav,research/data/raw/reference/utau-samples/平野文/連続音-Breathy/_んりゃんりぇんり.wav,_んりゃんりぇんり,n りゃB,2,breath,44100,1,4.124626,true,true,
平野文,星野フミカ,連続音-Breathy,_んりんりゅんりょ.wav,research/data/raw/reference/utau-samples/平野文/連続音-Breathy/_んりんりゅんりょ.wav,_んりんりゅんりょ,n りゅB,2,breath,44100,1,4.249615,true,true,
平野文,星野フミカ,連続音-Breathy,_んりんるんろ.wav,research/data/raw/reference/utau-samples/平野文/連続音-Breathy/_んりんるんろ.wav,_んりんるんろ,n るB,2,breath,44100,1,4.249615,true,true,
平野文,星野フミカ,連続音-Breathy,_んわんうぇんうぃ.wav,research/data/raw/reference/utau-samples/平野文/連続音-Breathy/_んわんうぇんうぃ.wav,_んわんうぇんうぃ,n わB,2,breath,44100,1,4.249615,true,true,
弟の姉,姉音モネ,単独音,あ.wav,research/data/raw/reference/utau-samples/弟の姉/単独音/あ.wav,あ,,1,vowel,44100,1,3.270839,true,true,
弟の姉,姉音モネ,単独音,い.wav,research/data/raw/reference/utau-samples/弟の姉/単独音/い.wav,い,,1,vowel,44100,1,3.500000,true,true,
弟の姉,姉音モネ,単独音,いぇ.wav,research/data/raw/reference/utau-samples/弟の姉/単独音/いぇ.wav,いぇ,,1,cv,44100,1,2.791655,true,true,
弟の姉,姉音モネ,単独音,う.wav,research/data/raw/reference/utau-samples/弟の姉/単独音/う.wav,う,,1,vowel,44100,1,2.895828,true,true,
弟の姉,姉音モネ,単独音,うぃ.wav,research/data/raw/reference/utau-samples/弟の姉/単独音/うぃ.wav,うぃ,,1,cv,44100,1,3.000000,true,true,
弟の姉,姉音モネ,単独音,うぇ.wav,research/data/raw/reference/utau-samples/弟の姉/単独音/うぇ.wav,うぇ,,1,cv,44100,1,3.166667,true,true,
弟の姉,姉音モネ,単独音,うぉ.wav,research/data/raw/reference/utau-samples/弟の姉/単独音/うぉ.wav,うぉ,,1,cv,44100,1,3.083333,true,true,
弟の姉,姉音モネ,単独音,え.wav,research/data/raw/reference/utau-samples/弟の姉/単独音/え.wav,え,,1,vowel,44100,1,2.958322,true,true,
弟の姉,姉音モネ,単独音,お.wav,research/data/raw/reference/utau-samples/弟の姉/単独音/お.wav,お,,1,vowel,44100,1,3.125011,true,true,
弟の姉,姉音モネ,単独音,か.wav,research/data/raw/reference/utau-samples/弟の姉/単独音/か.wav,か,,1,cv,44100,1,3.041655,true,true,
弟の姉,姉音モネ,単独音,が.wav,research/data/raw/reference/utau-samples/弟の姉/単独音/が.wav,が,,0,cv,44100,1,3.041655,true,true,
弟の姉,姉音モネ,単独音,き.wav,research/data/raw/reference/utau-samples/弟の姉/単独音/き.wav,き,,1,cv,44100,1,2.895828,true,true,
弟の姉,姉音モネ,単独音,きぇ.wav,research/data/raw/reference/utau-samples/弟の姉/単独音/きぇ.wav,きぇ,,1,cv,44100,1,3.104172,true,true,
弟の姉,姉音モネ,単独音,きゃ.wav,research/data/raw/reference/utau-samples/弟の姉/単独音/きゃ.wav,きゃ,,1,cv,44100,1,3.250000,true,true,
弟の姉,姉音モネ,単独音,きゅ.wav,research/data/raw/reference/utau-samples/弟の姉/単独音/きゅ.wav,きゅ,,1,cv,44100,1,2.958322,true,true,
弟の姉,姉音モネ,単独音,きょ.wav,research/data/raw/reference/utau-samples/弟の姉/単独音/きょ.wav,きょ,,1,cv,44100,1,3.083333,true,true,
弟の姉,姉音モネ,単独音,ぎ.wav,research/data/raw/reference/utau-samples/弟の姉/単独音/ぎ.wav,ぎ,,0,cv,44100,1,2.770839,true,true,
弟の姉,姉音モネ,単独音,ぎぇ.wav,research/data/raw/reference/utau-samples/弟の姉/単独音/ぎぇ.wav,ぎぇ,,0,cv,44100,1,3.125011,true,true,
弟の姉,姉音モネ,単独音,ぎゃ.wav,research/data/raw/reference/utau-samples/弟の姉/単独音/ぎゃ.wav,ぎゃ,,0,cv,44100,1,3.291678,true,true,
弟の姉,姉音モネ,単独音,ぎゅ.wav,research/data/raw/reference/utau-samples/弟の姉/単独音/ぎゅ.wav,ぎゅ,,0,cv,44100,1,3.124989,true,true,
弟の姉,姉音モネ,単独音,ぎょ.wav,research/data/raw/reference/utau-samples/弟の姉/単独音/ぎょ.wav,ぎょ,,0,cv,44100,1,3.125011,true,true,
弟の姉,姉音モネ,単独音,く.wav,research/data/raw/reference/utau-samples/弟の姉/単独音/く.wav,く,,1,cv,44100,1,3.375011,true,true,
弟の姉,姉音モネ,単独音,くぁ.wav,research/data/raw/reference/utau-samples/弟の姉/単独音/くぁ.wav,くぁ,,1,cv,44100,1,3.166667,true,true,
弟の姉,姉音モネ,単独音,くぃ.wav,research/data/raw/reference/utau-samples/弟の姉/単独音/くぃ.wav,くぃ,,1,cv,44100,1,3.125011,true,true,
弟の姉,姉音モネ,単独音,くぇ.wav,research/data/raw/reference/utau-samples/弟の姉/単独音/くぇ.wav,くぇ,,1,cv,44100,1,2.812494,true,true,
弟の姉,姉音モネ,単独音,くぉ.wav,research/data/raw/reference/utau-samples/弟の姉/単独音/くぉ.wav,くぉ,,1,cv,44100,1,3.000000,true,true,
弟の姉,姉音モネ,単独音,ぐ.wav,research/data/raw/reference/utau-samples/弟の姉/単独音/ぐ.wav,ぐ,,0,cv,44100,1,2.979161,true,true,
弟の姉,姉音モネ,単独音,ぐぁ.wav,research/data/raw/reference/utau-samples/弟の姉/単独音/ぐぁ.wav,ぐぁ,,0,cv,44100,1,2.937506,true,true,
弟の姉,姉音モネ,単独音,ぐぃ.wav,research/data/raw/reference/utau-samples/弟の姉/単独音/ぐぃ.wav,ぐぃ,,0,cv,44100,1,3.041655,true,true,
弟の姉,姉音モネ,単独音,ぐぇ.wav,research/data/raw/reference/utau-samples/弟の姉/単独音/ぐぇ.wav,ぐぇ,,0,cv,44100,1,3.083333,true,true,
弟の姉,姉音モネ,単独音,ぐぉ.wav,research/data/raw/reference/utau-samples/弟の姉/単独音/ぐぉ.wav,ぐぉ,,0,cv,44100,1,3.125011,true,true,
弟の姉,姉音モネ,単独音,け.wav,research/data/raw/reference/utau-samples/弟の姉/単独音/け.wav,け,,1,cv,44100,1,3.250000,true,true,
弟の姉,姉音モネ,単独音,げ.wav,research/data/raw/reference/utau-samples/弟の姉/単独音/げ.wav,げ,,0,cv,44100,1,3.250000,true,true,
弟の姉,姉音モネ,単独音,こ.wav,research/data/raw/reference/utau-samples/弟の姉/単独音/こ.wav,こ,,1,cv,44100,1,3.208345,true,true,
弟の姉,姉音モネ,単独音,ご.wav,research/data/raw/reference/utau-samples/弟の姉/単独音/ご.wav,ご,,0,cv,44100,1,2.958322,true,true,
弟の姉,姉音モネ,単独音,さ.wav,research/data/raw/reference/utau-samples/弟の姉/単独音/さ.wav,さ,,1,cv,44100,1,3.250000,true,true,
弟の姉,姉音モネ,単独音,ざ.wav,research/data/raw/reference/utau-samples/弟の姉/単独音/ざ.wav,ざ,,0,cv,44100,1,3.145828,true,true,
弟の姉,姉音モネ,単独音,し.wav,research/data/raw/reference/utau-samples/弟の姉/単独音/し.wav,し,,1,cv,44100,1,3.187506,true,true,
弟の姉,姉音モネ,単独音,しぇ.wav,research/data/raw/reference/utau-samples/弟の姉/単独音/しぇ.wav,しぇ,,1,cv,44100,1,3.437483,true,true,
弟の姉,姉音モネ,単独音,しゃ.wav,research/data/raw/reference/utau-samples/弟の姉/単独音/しゃ.wav,しゃ,,1,cv,44100,1,3.250000,true,true,
弟の姉,姉音モネ,単独音,しゅ.wav,research/data/raw/reference/utau-samples/弟の姉/単独音/しゅ.wav,しゅ,,1,cv,44100,1,3.437483,true,true,
弟の姉,姉音モネ,単独音,しょ.wav,research/data/raw/reference/utau-samples/弟の姉/単独音/しょ.wav,しょ,,1,cv,44100,1,3.229161,true,true,
弟の姉,姉音モネ,単独音,じ.wav,research/data/raw/reference/utau-samples/弟の姉/単独音/じ.wav,じ,,0,cv,44100,1,3.583333,true,true,
弟の姉,姉音モネ,単独音,じぇ.wav,research/data/raw/reference/utau-samples/弟の姉/単独音/じぇ.wav,じぇ,,0,cv,44100,1,3.124989,true,true,
弟の姉,姉音モネ,単独音,じゃ.wav,research/data/raw/reference/utau-samples/弟の姉/単独音/じゃ.wav,じゃ,,0,cv,44100,1,3.145828,true,true,
弟の姉,姉音モネ,単独音,じゅ.wav,research/data/raw/reference/utau-samples/弟の姉/単独音/じゅ.wav,じゅ,,0,cv,44100,1,3.166667,true,true,
弟の姉,姉音モネ,単独音,じょ.wav,research/data/raw/reference/utau-samples/弟の姉/単独音/じょ.wav,じょ,,0,cv,44100,1,3.000000,true,true,
弟の姉,姉音モネ,単独音,す.wav,research/data/raw/reference/utau-samples/弟の姉/単独音/す.wav,す,,1,cv,44100,1,3.124989,true,true,
弟の姉,姉音モネ,単独音,すぃ.wav,research/data/raw/reference/utau-samples/弟の姉/単独音/すぃ.wav,すぃ,,1,cv,44100,1,3.104172,true,true,
弟の姉,姉音モネ,単独音,ず.wav,research/data/raw/reference/utau-samples/弟の姉/単独音/ず.wav,ず,,0,cv,44100,1,2.958345,true,true,
弟の姉,姉音モネ,単独音,ずぃ.wav,research/data/raw/reference/utau-samples/弟の姉/単独音/ずぃ.wav,ずぃ,,0,cv,44100,1,3.166667,true,true,
弟の姉,姉音モネ,単独音,せ.wav,research/data/raw/reference/utau-samples/弟の姉/単独音/せ.wav,せ,,1,cv,44100,1,3.416667,true,true,
弟の姉,姉音モネ,単独音,ぜ.wav,research/data/raw/reference/utau-samples/弟の姉/単独音/ぜ.wav,ぜ,,0,cv,44100,1,2.895828,true,true,
弟の姉,姉音モネ,単独音,そ.wav,research/data/raw/reference/utau-samples/弟の姉/単独音/そ.wav,そ,,1,cv,44100,1,3.125011,true,true,
弟の姉,姉音モネ,単独音,ぞ.wav,research/data/raw/reference/utau-samples/弟の姉/単独音/ぞ.wav,ぞ,,0,cv,44100,1,2.958322,true,true,
弟の姉,姉音モネ,単独音,た.wav,research/data/raw/reference/utau-samples/弟の姉/単独音/た.wav,た,,1,cv,44100,1,3.000000,true,true,
弟の姉,姉音モネ,単独音,だ.wav,research/data/raw/reference/utau-samples/弟の姉/単独音/だ.wav,だ,,0,cv,44100,1,3.000000,true,true,
弟の姉,姉音モネ,単独音,ち.wav,research/data/raw/reference/utau-samples/弟の姉/単独音/ち.wav,ち,,1,cv,44100,1,3.020839,true,true,
弟の姉,姉音モネ,単独音,ちぇ.wav,research/data/raw/reference/utau-samples/弟の姉/単独音/ちぇ.wav,ちぇ,,1,cv,44100,1,3.166667,true,true,
弟の姉,姉音モネ,単独音,ちゃ.wav,research/data/raw/reference/utau-samples/弟の姉/単独音/ちゃ.wav,ちゃ,,1,cv,44100,1,3.395850,true,true,
弟の姉,姉音モネ,単独音,ちゅ.wav,research/data/raw/reference/utau-samples/弟の姉/単独音/ちゅ.wav,ちゅ,,1,cv,44100,1,3.458322,true,true,
弟の姉,姉音モネ,単独音,ちょ.wav,research/data/raw/reference/utau-samples/弟の姉/単独音/ちょ.wav,ちょ,,1,cv,44100,1,3.062494,true,true,
弟の姉,姉音モネ,単独音,ぢ.wav,research/data/raw/reference/utau-samples/弟の姉/単独音/ぢ.wav,ぢ,,0,cv,44100,1,3.000000,true,true,
弟の姉,姉音モネ,単独音,ぢぇ.wav,research/data/raw/reference/utau-samples/弟の姉/単独音/ぢぇ.wav,ぢぇ,,0,cv,44100,1,2.937483,true,true,
弟の姉,姉音モネ,単独音,ぢゃ.wav,research/data/raw/reference/utau-samples/弟の姉/単独音/ぢゃ.wav,ぢゃ,,0,cv,44100,1,2.875011,true,true,
弟の姉,姉音モネ,単独音,ぢゅ.wav,research/data/raw/reference/utau-samples/弟の姉/単独音/ぢゅ.wav,ぢゅ,,0,cv,44100,1,2.812517,true,true,
弟の姉,姉音モネ,単独音,ぢょ.wav,research/data/raw/reference/utau-samples/弟の姉/単独音/ぢょ.wav,ぢょ,,0,cv,44100,1,3.124989,true,true,
弟の姉,姉音モネ,単独音,つ.wav,research/data/raw/reference/utau-samples/弟の姉/単独音/つ.wav,つ,,1,cv,44100,1,2.958345,true,true,
弟の姉,姉音モネ,単独音,つぁ.wav,research/data/raw/reference/utau-samples/弟の姉/単独音/つぁ.wav,つぁ,,1,cv,44100,1,3.354172,true,true,
弟の姉,姉音モネ,単独音,つぃ.wav,research/data/raw/reference/utau-samples/弟の姉/単独音/つぃ.wav,つぃ,,1,cv,44100,1,3.229161,true,true,
弟の姉,姉音モネ,単独音,つぇ.wav,research/data/raw/reference/utau-samples/弟の姉/単独音/つぇ.wav,つぇ,,1,cv,44100,1,3.166667,true,true,
弟の姉,姉音モネ,単独音,つぉ.wav,research/data/raw/reference/utau-samples/弟の姉/単独音/つぉ.wav,つぉ,,1,cv,44100,1,3.062517,true,true,
弟の姉,姉音モネ,単独音,づ.wav,research/data/raw/reference/utau-samples/弟の姉/単独音/づ.wav,づ,,0,cv,44100,1,3.187506,true,true,
弟の姉,姉音モネ,単独音,づぁ.wav,research/data/raw/reference/utau-samples/弟の姉/単独音/づぁ.wav,づぁ,,0,cv,44100,1,3.187483,true,true,
弟の姉,姉音モネ,単独音,づぃ.wav,research/data/raw/reference/utau-samples/弟の姉/単独音/づぃ.wav,づぃ,,0,cv,44100,1,3.187506,true,true,
弟の姉,姉音モネ,単独音,づぇ.wav,research/data/raw/reference/utau-samples/弟の姉/単独音/づぇ.wav,づぇ,,0,cv,44100,1,3.062517,true,true,
弟の姉,姉音モネ,単独音,づぉ.wav,research/data/raw/reference/utau-samples/弟の姉/単独音/づぉ.wav,づぉ,,0,cv,44100,1,2.937506,true,true,
弟の姉,姉音モネ,単独音,て.wav,research/data/raw/reference/utau-samples/弟の姉/単独音/て.wav,て,,1,cv,44100,1,3.125011,true,true,
弟の姉,姉音モネ,単独音,てぃ.wav,research/data/raw/reference/utau-samples/弟の姉/単独音/てぃ.wav,てぃ,,1,cv,44100,1,3.000000,true,true,
弟の姉,姉音モネ,単独音,てゅ.wav,research/data/raw/reference/utau-samples/弟の姉/単独音/てゅ.wav,てゅ,,1,cv,44100,1,3.187506,true,true,
弟の姉,姉音モネ,単独音,で.wav,research/data/raw/reference/utau-samples/弟の姉/単独音/で.wav,で,,0,cv,44100,1,3.270839,true,true,
弟の姉,姉音モネ,単独音,でぃ.wav,research/data/raw/reference/utau-samples/弟の姉/単独音/でぃ.wav,でぃ,,0,cv,44100,1,2.916667,true,true,
弟の姉,姉音モネ,単独音,でゅ.wav,research/data/raw/reference/utau-samples/弟の姉/単独音/でゅ.wav,でゅ,,0,cv,44100,1,3.208322,true,true,
弟の姉,姉音モネ,単独音,と.wav,research/data/raw/reference/utau-samples/弟の姉/単独音/と.wav,と,,1,cv,44100,1,3.208345,true,true,
弟の姉,姉音モネ,単独音,とぅ.wav,research/data/raw/reference/utau-samples/弟の姉/単独音/とぅ.wav,とぅ,,1,cv,44100,1,3.270839,true,true,
弟の姉,姉音モネ,単独音,ど.wav,research/data/raw/reference/utau-samples/弟の姉/単独音/ど.wav,ど,,0,cv,44100,1,3.312494,true,true,
弟の姉,姉音モネ,単独音,どぅ.wav,research/data/raw/reference/utau-samples/弟の姉/単独音/どぅ.wav,どぅ,,0,cv,44100,1,3.250000,true,true,
弟の姉,姉音モネ,単独音,な.wav,research/data/raw/reference/utau-samples/弟の姉/単独音/な.wav,な,,1,cv,44100,1,3.041655,true,true,
弟の姉,姉音モネ,単独音,に.wav,research/data/raw/reference/utau-samples/弟の姉/単独音/に.wav,に,,1,cv,44100,1,3.375011,true,true,
弟の姉,姉音モネ,単独音,にぇ.wav,research/data/raw/reference/utau-samples/弟の姉/単独音/にぇ.wav,にぇ,,1,cv,44100,1,3.166667,true,true,
弟の姉,姉音モネ,単独音,にゃ.wav,research/data/raw/reference/utau-samples/弟の姉/単独音/にゃ.wav,にゃ,,1,cv,44100,1,3.000000,true,true,
弟の姉,姉音モネ,単独音,にゅ.wav,research/data/raw/reference/utau-samples/弟の姉/単独音/にゅ.wav,にゅ,,1,cv,44100,1,3.375011,true,true,
弟の姉,姉音モネ,単独音,にょ.wav,research/data/raw/reference/utau-samples/弟の姉/単独音/にょ.wav,にょ,,1,cv,44100,1,3.250000,true,true,
弟の姉,姉音モネ,単独音,ぬ.wav,research/data/raw/reference/utau-samples/弟の姉/単独音/ぬ.wav,ぬ,,1,cv,44100,1,3.250000,true,true,
弟の姉,姉音モネ,単独音,ね.wav,research/data/raw/reference/utau-samples/弟の姉/単独音/ね.wav,ね,,1,cv,44100,1,3.270839,true,true,
弟の姉,姉音モネ,単独音,の.wav,research/data/raw/reference/utau-samples/弟の姉/単独音/の.wav,の,,1,cv,44100,1,3.145828,true,true,
弟の姉,姉音モネ,単独音,は.wav,research/data/raw/reference/utau-samples/弟の姉/単独音/は.wav,は,,1,cv,44100,1,3.125011,true,true,
弟の姉,姉音モネ,単独音,ば.wav,research/data/raw/reference/utau-samples/弟の姉/単独音/ば.wav,ば,,0,cv,44100,1,3.250000,true,true,
弟の姉,姉音モネ,単独音,ぱ.wav,research/data/raw/reference/utau-samples/弟の姉/単独音/ぱ.wav,ぱ,,0,cv,44100,1,2.937506,true,true,
弟の姉,姉音モネ,単独音,ひ.wav,research/data/raw/reference/utau-samples/弟の姉/単独音/ひ.wav,ひ,,1,cv,44100,1,3.250000,true,true,
弟の姉,姉音モネ,単独音,ひぇ.wav,research/data/raw/reference/utau-samples/弟の姉/単独音/ひぇ.wav,ひぇ,,1,cv,44100,1,3.312494,true,true,
弟の姉,姉音モネ,単独音,ひゃ.wav,research/data/raw/reference/utau-samples/弟の姉/単独音/ひゃ.wav,ひゃ,,1,cv,44100,1,3.250000,true,true,
弟の姉,姉音モネ,単独音,ひゅ.wav,research/data/raw/reference/utau-samples/弟の姉/単独音/ひゅ.wav,ひゅ,,1,cv,44100,1,3.208322,true,true,
弟の姉,姉音モネ,単独音,ひょ.wav,research/data/raw/reference/utau-samples/弟の姉/単独音/ひょ.wav,ひょ,,1,cv,44100,1,3.375011,true,true,
弟の姉,姉音モネ,単独音,び.wav,research/data/raw/reference/utau-samples/弟の姉/単独音/び.wav,び,,0,cv,44100,1,3.291655,true,true,
弟の姉,姉音モネ,単独音,びぇ.wav,research/data/raw/reference/utau-samples/弟の姉/単独音/びぇ.wav,びぇ,,0,cv,44100,1,3.145828,true,true,
弟の姉,姉音モネ,単独音,びゃ.wav,research/data/raw/reference/utau-samples/弟の姉/単独音/びゃ.wav,びゃ,,0,cv,44100,1,3.208322,true,true,
弟の姉,姉音モネ,単独音,びゅ.wav,research/data/raw/reference/utau-samples/弟の姉/単独音/びゅ.wav,びゅ,,0,cv,44100,1,3.041655,true,true,
弟の姉,姉音モネ,単独音,びょ.wav,research/data/raw/reference/utau-samples/弟の姉/単独音/びょ.wav,びょ,,0,cv,44100,1,3.124989,true,true,
弟の姉,姉音モネ,単独音,ぴ.wav,research/data/raw/reference/utau-samples/弟の姉/単独音/ぴ.wav,ぴ,,0,cv,44100,1,3.041678,true,true,
弟の姉,姉音モネ,単独音,ぴぇ.wav,research/data/raw/reference/utau-samples/弟の姉/単独音/ぴぇ.wav,ぴぇ,,0,cv,44100,1,3.166667,true,true,
弟の姉,姉音モネ,単独音,ぴゃ.wav,research/data/raw/reference/utau-samples/弟の姉/単独音/ぴゃ.wav,ぴゃ,,0,cv,44100,1,3.375011,true,true,
弟の姉,姉音モネ,単独音,ぴゅ.wav,research/data/raw/reference/utau-samples/弟の姉/単独音/ぴゅ.wav,ぴゅ,,0,cv,44100,1,3.062494,true,true,
弟の姉,姉音モネ,単独音,ぴょ.wav,research/data/raw/reference/utau-samples/弟の姉/単独音/ぴょ.wav,ぴょ,,0,cv,44100,1,3.291678,true,true,
弟の姉,姉音モネ,単独音,ふ.wav,research/data/raw/reference/utau-samples/弟の姉/単独音/ふ.wav,ふ,,1,cv,44100,1,3.270839,true,true,
弟の姉,姉音モネ,単独音,ふぁ.wav,research/data/raw/reference/utau-samples/弟の姉/単独音/ふぁ.wav,ふぁ,,1,cv,44100,1,3.041655,true,true,
弟の姉,姉音モネ,単独音,ふぃ.wav,research/data/raw/reference/utau-samples/弟の姉/単独音/ふぃ.wav,ふぃ,,1,cv,44100,1,2.916667,true,true,
弟の姉,姉音モネ,単独音,ふぇ.wav,research/data/raw/reference/utau-samples/弟の姉/単独音/ふぇ.wav,ふぇ,,1,cv,44100,1,2.937483,true,true,
弟の姉,姉音モネ,単独音,ふぉ.wav,research/data/raw/reference/utau-samples/弟の姉/単独音/ふぉ.wav,ふぉ,,1,cv,44100,1,2.979161,true,true,
弟の姉,姉音モネ,単独音,ぶ.wav,research/data/raw/reference/utau-samples/弟の姉/単独音/ぶ.wav,ぶ,,0,cv,44100,1,3.187506,true,true,
弟の姉,姉音モネ,単独音,ぷ.wav,research/data/raw/reference/utau-samples/弟の姉/単独音/ぷ.wav,ぷ,,0,cv,44100,1,3.145828,true,true,
弟の姉,姉音モネ,単独音,へ.wav,research/data/raw/reference/utau-samples/弟の姉/単独音/へ.wav,へ,,1,cv,44100,1,3.083333,true,true,
弟の姉,姉音モネ,単独音,べ.wav,research/data/raw/reference/utau-samples/弟の姉/単独音/べ.wav,べ,,0,cv,44100,1,3.000000,true,true,
弟の姉,姉音モネ,単独音,ぺ.wav,research/data/raw/reference/utau-samples/弟の姉/単独音/ぺ.wav,ぺ,,0,cv,44100,1,3.062517,true,true,
弟の姉,姉音モネ,単独音,ほ.wav,research/data/raw/reference/utau-samples/弟の姉/単独音/ほ.wav,ほ,,1,cv,44100,1,3.020816,true,true,
弟の姉,姉音モネ,単独音,ぼ.wav,research/data/raw/reference/utau-samples/弟の姉/単独音/ぼ.wav,ぼ,,0,cv,44100,1,3.041678,true,true,
弟の姉,姉音モネ,単独音,ぽ.wav,research/data/raw/reference/utau-samples/弟の姉/単独音/ぽ.wav,ぽ,,0,cv,44100,1,3.000000,true,true,
弟の姉,姉音モネ,単独音,ま.wav,research/data/raw/reference/utau-samples/弟の姉/単独音/ま.wav,ま,,1,cv,44100,1,3.124989,true,true,
弟の姉,姉音モネ,単独音,み.wav,research/data/raw/reference/utau-samples/弟の姉/単独音/み.wav,み,,1,cv,44100,1,3.208322,true,true,
弟の姉,姉音モネ,単独音,みぇ.wav,research/data/raw/reference/utau-samples/弟の姉/単独音/みぇ.wav,みぇ,,1,cv,44100,1,3.124989,true,true,
弟の姉,姉音モネ,単独音,みゃ.wav,research/data/raw/reference/utau-samples/弟の姉/単独音/みゃ.wav,みゃ,,1,cv,44100,1,3.291655,true,true,
弟の姉,姉音モネ,単独音,みゅ.wav,research/data/raw/reference/utau-samples/弟の姉/単独音/みゅ.wav,みゅ,,1,cv,44100,1,3.229161,true,true,
弟の姉,姉音モネ,単独音,みょ.wav,research/data/raw/reference/utau-samples/弟の姉/単独音/みょ.wav,みょ,,1,cv,44100,1,3.208322,true,true,
弟の姉,姉音モネ,単独音,む.wav,research/data/raw/reference/utau-samples/弟の姉/単独音/む.wav,む,,1,cv,44100,1,2.958345,true,true,
弟の姉,姉音モネ,単独音,め.wav,research/data/raw/reference/utau-samples/弟の姉/単独音/め.wav,め,,1,cv,44100,1,3.187483,true,true,
弟の姉,姉音モネ,単独音,も.wav,research/data/raw/reference/utau-samples/弟の姉/単独音/も.wav,も,,1,cv,44100,1,3.083333,true,true,
弟の姉,姉音モネ,単独音,や.wav,research/data/raw/reference/utau-samples/弟の姉/単独音/や.wav,や,,1,cv,44100,1,3.104150,true,true,
弟の姉,姉音モネ,単独音,ゆ.wav,research/data/raw/reference/utau-samples/弟の姉/単独音/ゆ.wav,ゆ,,1,cv,44100,1,3.000000,true,true,
弟の姉,姉音モネ,単独音,よ.wav,research/data/raw/reference/utau-samples/弟の姉/単独音/よ.wav,よ,,1,cv,44100,1,3.020816,true,true,
弟の姉,姉音モネ,単独音,ら.wav,research/data/raw/reference/utau-samples/弟の姉/単独音/ら.wav,ら,,1,cv,44100,1,3.250000,true,true,
弟の姉,姉音モネ,単独音,り.wav,research/data/raw/reference/utau-samples/弟の姉/単独音/り.wav,り,,1,cv,44100,1,2.875011,true,true,
弟の姉,姉音モネ,単独音,りぇ.wav,research/data/raw/reference/utau-samples/弟の姉/単独音/りぇ.wav,りぇ,,1,cv,44100,1,2.916667,true,true,
弟の姉,姉音モネ,単独音,りゃ.wav,research/data/raw/reference/utau-samples/弟の姉/単独音/りゃ.wav,りゃ,,1,cv,44100,1,3.250000,true,true,
弟の姉,姉音モネ,単独音,りゅ.wav,research/data/raw/reference/utau-samples/弟の姉/単独音/りゅ.wav,りゅ,,1,cv,44100,1,3.166667,true,true,
弟の姉,姉音モネ,単独音,りょ.wav,research/data/raw/reference/utau-samples/弟の姉/単独音/りょ.wav,りょ,,1,cv,44100,1,3.041678,true,true,
弟の姉,姉音モネ,単独音,る.wav,research/data/raw/reference/utau-samples/弟の姉/単独音/る.wav,る,,1,cv,44100,1,3.125011,true,true,
弟の姉,姉音モネ,単独音,れ.wav,research/data/raw/reference/utau-samples/弟の姉/単独音/れ.wav,れ,,1,cv,44100,1,3.437483,true,true,
弟の姉,姉音モネ,単独音,ろ.wav,research/data/raw/reference/utau-samples/弟の姉/単独音/ろ.wav,ろ,,1,cv,44100,1,3.083333,true,true,
弟の姉,姉音モネ,単独音,わ.wav,research/data/raw/reference/utau-samples/弟の姉/単独音/わ.wav,わ,,1,cv,44100,1,3.124989,true,true,
弟の姉,姉音モネ,単独音,ん.wav,research/data/raw/reference/utau-samples/弟の姉/単独音/ん.wav,ん,,1,cv,44100,1,3.270839,true,true,
弟の姉,姉音モネ,単独音,ヴ.wav,research/data/raw/reference/utau-samples/弟の姉/単独音/ヴ.wav,ヴ,,0,cv,44100,1,3.083333,true,true,
弟の姉,姉音モネ,単独音,ヴぁ.wav,research/data/raw/reference/utau-samples/弟の姉/単独音/ヴぁ.wav,ヴぁ,,0,cv,44100,1,3.187506,true,true,
弟の姉,姉音モネ,単独音,ヴぃ.wav,research/data/raw/reference/utau-samples/弟の姉/単独音/ヴぃ.wav,ヴぃ,,0,cv,44100,1,3.187483,true,true,
弟の姉,姉音モネ,単独音,ヴぇ.wav,research/data/raw/reference/utau-samples/弟の姉/単独音/ヴぇ.wav,ヴぇ,,0,cv,44100,1,3.083333,true,true,
弟の姉,姉音モネ,単独音,ヴぉ.wav,research/data/raw/reference/utau-samples/弟の姉/単独音/ヴぉ.wav,ヴぉ,,0,cv,44100,1,3.500000,true,true,
弟の姉,姉音モネ,連続音,_あめうぇりゃえしょ.wav,research/data/raw/reference/utau-samples/弟の姉/連続音/_あめうぇりゃえしょ.wav,_あめうぇりゃえしょ,- あ,6,vcv,44100,1,5.545850,true,true,
弟の姉,姉音モネ,連続音,_いうぁんヴぃちゅん.wav,research/data/raw/reference/utau-samples/弟の姉/連続音/_いうぁんヴぃちゅん.wav,_いうぁんヴぃちゅん,,0,vcv,44100,1,5.635420,true,true,
弟の姉,姉音モネ,連続音,_いくんぎぇいう.wav,research/data/raw/reference/utau-samples/弟の姉/連続音/_いくんぎぇいう.wav,_いくんぎぇいう,,0,vcv,44100,1,5.487506,true,true,
弟の姉,姉音モネ,連続音,_いざんひどん.wav,research/data/raw/reference/utau-samples/弟の姉/連続音/_いざんひどん.wav,_いざんひどん,,0,vcv,44100,1,5.312494,true,true,
弟の姉,姉音モネ,連続音,_いしみしゅんす.wav,research/data/raw/reference/utau-samples/弟の姉/連続音/_いしみしゅんす.wav,_いしみしゅんす,i し,5,vcv,44100,1,5.458322,true,true,
弟の姉,姉音モネ,連続音,_いつんこいそ.wav,research/data/raw/reference/utau-samples/弟の姉/連続音/_いつんこいそ.wav,_いつんこいそ,i つ,4,vcv,44100,1,5.583333,true,true,
弟の姉,姉音モネ,連続音,_いでんにぇいびゅ.wav,research/data/raw/reference/utau-samples/弟の姉/連続音/_いでんにぇいびゅ.wav,_いでんにぇいびゅ,,0,vcv,44100,1,5.202086,true,true,
弟の姉,姉音モネ,連続音,_いとんきゅいぶ.wav,research/data/raw/reference/utau-samples/弟の姉/連続音/_いとんきゅいぶ.wav,_いとんきゅいぶ,,0,vcv,44100,1,5.233333,true,true,
弟の姉,姉音モネ,連続音,_いぴゃんじてぃめ.wav,research/data/raw/reference/utau-samples/弟の姉/連続音/_いぴゃんじてぃめ.wav,_いぴゃんじてぃめ,,0,vcv,44100,1,5.437506,true,true,
弟の姉,姉音モネ,連続音,_いみゅがりゃざびょ.wav,research/data/raw/reference/utau-samples/弟の姉/連続音/_いみゅがりゃざびょ.wav,_いみゅがりゃざびょ,,0,vcv,44100,1,5.208345,true,true,
弟の姉,姉音モネ,連続音,_いよんぬいきぇ.wav,research/data/raw/reference/utau-samples/弟の姉/連続音/_いよんぬいきぇ.wav,_いよんぬいきぇ,i よ,5,vcv,44100,1,5.452086,true,true,
弟の姉,姉音モネ,連続音,_いりぇんりたん.wav,research/data/raw/reference/utau-samples/弟の姉/連続音/_いりぇんりたん.wav,_いりぇんりたん,i りぇ,4,vcv,44100,1,5.470839,true,true,
弟の姉,姉音モネ,連続音,_いりゃんひょいぺ.wav,research/data/raw/reference/utau-samples/弟の姉/連続音/_いりゃんひょいぺ.wav,_いりゃんひょいぺ,,0,vcv,44100,1,5.860408,true,true,
弟の姉,姉音モネ,連続音,_いろんぴぇいね.wav,research/data/raw/reference/utau-samples/弟の姉/連続音/_いろんぴぇいね.wav,_いろんぴぇいね,,0,vcv,44100,1,5.360431,true,true,
弟の姉,姉音モネ,連続音,_うぁごびぬはや.wav,research/data/raw/reference/utau-samples/弟の姉/連続音/_うぁごびぬはや.wav,_うぁごびぬはや,,0,vcv,44100,1,5.443741,true,true,
弟の姉,姉音モネ,連続音,_うぃじゃちぇじゃしゅべ.wav,research/data/raw/reference/utau-samples/弟の姉/連続音/_うぃじゃちぇじゃしゅべ.wav,_うぃじゃちぇじゃしゅべ,,0,vcv,44100,1,5.302086,true,true,
弟の姉,姉音モネ,連続音,_うぇぎヴなししょ.wav,research/data/raw/reference/utau-samples/弟の姉/連続音/_うぇぎヴなししょ.wav,_うぇぎヴなししょ,,0,vcv,44100,1,5.466667,true,true,
弟の姉,姉音モネ,連続音,_うぉんやんにゅん.wav,research/data/raw/reference/utau-samples/弟の姉/連続音/_うぉんやんにゅん.wav,_うぉんやんにゅん,- うぉ,3,vcv,44100,1,6.118753,true,true,
弟の姉,姉音モネ,連続音,_うよぎゅじょれぐ.wav,research/data/raw/reference/utau-samples/弟の姉/連続音/_うよぎゅじょれぐ.wav,_うよぎゅじょれぐ,,0,vcv,44100,1,5.691655,true,true,
弟の姉,姉音モネ,連続音,_えぴぇちびょちぇん.wav,research/data/raw/reference/utau-samples/弟の姉/連続音/_えぴぇちびょちぇん.wav,_えぴぇちびょちぇん,,0,vcv,44100,1,5.527098,true,true,
弟の姉,姉音モネ,連続音,_おどぅヴぃござで.wav,research/data/raw/reference/utau-samples/弟の姉/連続音/_おどぅヴぃござで.wav,_おどぅヴぃござで,,0,vcv,44100,1,5.610408,true,true,
弟の姉,姉音モネ,連続音,_かにぇよべにぇゆ.wav,research/data/raw/reference/utau-samples/弟の姉/連続音/_かにぇよべにぇゆ.wav,_かにぇよべにぇゆ,,0,vcv,44100,1,5.435420,true,true,
弟の姉,姉音モネ,連続音,_がうぇいぴょひょぎゃ.wav,research/data/raw/reference/utau-samples/弟の姉/連続音/_がうぇいぴょひょぎゃ.wav,_がうぇいぴょひょぎゃ,,0,vcv,44100,1,5.229161,true,true,
弟の姉,姉音モネ,連続音,_きぇのきゅにゅおあ.wav,research/data/raw/reference/utau-samples/弟の姉/連続音/_きぇのきゅにゅおあ.wav,_きぇのきゅにゅおあ,- きぇ,6,vcv,44100,1,5.431247,true,true,
弟の姉,姉音モネ,連続音,_きぎぇわぎにぎゃ.wav,research/data/raw/reference/utau-samples/弟の姉/連続音/_きぎぇわぎにぎゃ.wav,_きぎぇわぎにぎゃ,,0,vcv,44100,1,5.541655,true,true,
弟の姉,姉音モネ,連続音,_きゃぴぇぞもみゅびぇ.wav,research/data/raw/reference/utau-samples/弟の姉/連続音/_きゃぴぇぞもみゅびぇ.wav,_きゃぴぇぞもみゅびぇ,,0,vcv,44100,1,5.437506,true,true,
弟の姉,姉音モネ,連続音,_きゅんちょんヴぇうぉ.wav,research/data/raw/reference/utau-samples/弟の姉/連続音/_きゅんちょんヴぇうぉ.wav,_きゅんちょんヴぇうぉ,,0,vcv,44100,1,5.368753,true,true,
弟の姉,姉音モネ,連続音,_きょとぅびゅびかう.wav,research/data/raw/reference/utau-samples/弟の姉/連続音/_きょとぅびゅびかう.wav,_きょとぅびゅびかう,,0,vcv,44100,1,5.445828,true,true,
弟の姉,姉音モネ,連続音,_ぎぇりぇばひへく.wav,research/data/raw/reference/utau-samples/弟の姉/連続音/_ぎぇりぇばひへく.wav,_ぎぇりぇばひへく,,0,vcv,44100,1,5.572925,true,true,
弟の姉,姉音モネ,連続音,_ぎぎきちぇみゅえ.wav,research/data/raw/reference/utau-samples/弟の姉/連続音/_ぎぎきちぇみゅえ.wav,_ぎぎきちぇみゅえ,,0,vcv,44100,1,5.304150,true,true,
弟の姉,姉音モネ,連続音,_ぎゃてちゃヴびょちゃ.wav,research/data/raw/reference/utau-samples/弟の姉/連続音/_ぎゃてちゃヴびょちゃ.wav,_ぎゃてちゃヴびょちゃ,,0,vcv,44100,1,5.666667,true,true,
弟の姉,姉音モネ,連続音,_ぎゅびゃみゃじゅりゃぴ.wav,research/data/raw/reference/utau-samples/弟の姉/連続音/_ぎゅびゃみゃじゅりゃぴ.wav,_ぎゅびゃみゃじゅりゃぴ,,0,vcv,44100,1,5.562494,true,true,
弟の姉,姉音モネ,連続音,_ぎょじゃんぱんと.wav,research/data/raw/reference/utau-samples/弟の姉/連続音/_ぎょじゃんぱんと.wav,_ぎょじゃんぱんと,,0,vcv,44100,1,5.395828,true,true,
弟の姉,姉音モネ,連続音,_くちょんげけむ.wav,research/data/raw/reference/utau-samples/弟の姉/連続音/_くちょんげけむ.wav,_くちょんげけむ,,0,vcv,44100,1,5.456259,true,true,
弟の姉,姉音モネ,連続音,_ぐぱじょほヴぃにょ.wav,research/data/raw/reference/utau-samples/弟の姉/連続音/_ぐぱじょほヴぃにょ.wav,_ぐぱじょほヴぃにょ,,0,vcv,44100,1,5.341655,true,true,
弟の姉,姉音モネ,連続音,_けゆぼうぃぞぼ.wav,research/data/raw/reference/utau-samples/弟の姉/連続音/_けゆぼうぃぞぼ.wav,_けゆぼうぃぞぼ,,0,vcv,44100,1,5.262494,true,true,
弟の姉,姉音モネ,連続音,_げしゅきゅみじょり.wav,research/data/raw/reference/utau-samples/弟の姉/連続音/_げしゅきゅみじょり.wav,_げしゅきゅみじょり,,0,vcv,44100,1,5.404172,true,true,
弟の姉,姉音モネ,連続音,_こなほしゃこひぇ.wav,research/data/raw/reference/utau-samples/弟の姉/連続音/_こなほしゃこひぇ.wav,_こなほしゃこひぇ,- こ,6,vcv,44100,1,5.654172,true,true,
弟の姉,姉音モネ,連続音,_ごさみゅのえひ.wav,research/data/raw/reference/utau-samples/弟の姉/連続音/_ごさみゅのえひ.wav,_ごさみゅのえひ,,0,vcv,44100,1,5.431247,true,true,
弟の姉,姉音モネ,連続音,_ごさみゅのえひゅうぇぴ.wav,research/data/raw/reference/utau-samples/弟の姉/連続音/_ごさみゅのえひゅうぇぴ.wav,_ごさみゅのえひゅうぇぴ,,0,vcv,44100,1,6.555624,true,true,
弟の姉,姉音モネ,連続音,_さわひょそゆぎ.wav,research/data/raw/reference/utau-samples/弟の姉/連続音/_さわひょそゆぎ.wav,_さわひょそゆぎ,,0,vcv,44100,1,5.604150,true,true,
弟の姉,姉音モネ,連続音,_ざぎゃとぅうとぅね.wav,research/data/raw/reference/utau-samples/弟の姉/連続音/_ざぎゃとぅうとぅね.wav,_ざぎゃとぅうとぅね,,0,vcv,44100,1,5.500000,true,true,
弟の姉,姉音モネ,連続音,_しぇぎゅにどぅひょこ.wav,research/data/raw/reference/utau-samples/弟の姉/連続音/_しぇぎゅにどぅひょこ.wav,_しぇぎゅにどぅひょこ,,0,vcv,44100,1,5.577098,true,true,
弟の姉,姉音モネ,連続音,_してぶしぇだの.wav,research/data/raw/reference/utau-samples/弟の姉/連続音/_してぶしぇだの.wav,_してぶしぇだの,,0,vcv,44100,1,5.645828,true,true,
弟の姉,姉音モネ,連続音,_しゃぎょごへたよ.wav,research/data/raw/reference/utau-samples/弟の姉/連続音/_しゃぎょごへたよ.wav,_しゃぎょごへたよ,,0,vcv,44100,1,5.491678,true,true,
弟の姉,姉音モネ,連続音,_しゅしょしぇあどぱ.wav,research/data/raw/reference/utau-samples/弟の姉/連続音/_しゅしょしぇあどぱ.wav,_しゅしょしぇあどぱ,,0,vcv,44100,1,5.602086,true,true,
弟の姉,姉音モネ,連続音,_しょじヴぉまたあ.wav,research/data/raw/reference/utau-samples/弟の姉/連続音/_しょじヴぉまたあ.wav,_しょじヴぉまたあ,,0,vcv,44100,1,5.700000,true,true,
弟の姉,姉音モネ,連続音,_じぇまびゅてもけ.wav,research/data/raw/reference/utau-samples/弟の姉/連続音/_じぇまびゅてもけ.wav,_じぇまびゅてもけ,,0,vcv,44100,1,5.404172,true,true,
弟の姉,姉音モネ,連続音,_じひせおんびぇ.wav,research/data/raw/reference/utau-samples/弟の姉/連続音/_じひせおんびぇ.wav,_じひせおんびぇ,,0,vcv,44100,1,5.364580,true,true,
弟の姉,姉音モネ,連続音,_じゃへヴヴぉぎょど.wav,research/data/raw/reference/utau-samples/弟の姉/連続音/_じゃへヴヴぉぎょど.wav,_じゃへヴヴぉぎょど,,0,vcv,44100,1,5.477098,true,true,
弟の姉,姉音モネ,連続音,_じゅずとてぃさむ.wav,research/data/raw/reference/utau-samples/弟の姉/連続音/_じゅずとてぃさむ.wav,_じゅずとてぃさむ,,0,vcv,44100,1,5.695828,true,true,
弟の姉,姉音モネ,連続音,_じょりょひゃかちょす.wav,research/data/raw/reference/utau-samples/弟の姉/連続音/_じょりょひゃかちょす.wav,_じょりょひゃかちょす,,0,vcv,44100,1,5.500000,true,true,
弟の姉,姉音モネ,連続音,_すりひゅにゃくす.wav,research/data/raw/reference/utau-samples/弟の姉/連続音/_すりひゅにゃくす.wav,_すりひゅにゃくす,- す,6,vcv,44100,1,5.658322,true,true,
弟の姉,姉音モネ,連続音,_ずぴちぼのじょ.wav,research/data/raw/reference/utau-samples/弟の姉/連続音/_ずぴちぼのじょ.wav,_ずぴちぼのじょ,,0,vcv,44100,1,5.279161,true,true,
弟の姉,姉音モネ,連続音,_せにゅまもふし.wav,research/data/raw/reference/utau-samples/弟の姉/連続音/_せにゅまもふし.wav,_せにゅまもふし,- せ,6,vcv,44100,1,5.489569,true,true,
弟の姉,姉音モネ,連続音,_ぜみゃぴょうみぇひゃ.wav,research/data/raw/reference/utau-samples/弟の姉/連続音/_ぜみゃぴょうみぇひゃ.wav,_ぜみゃぴょうみぇひゃ,,0,vcv,44100,1,5.395828,true,true,
弟の姉,姉音モネ,連続音,_そらはみぇきょきゃ.wav,research/data/raw/reference/utau-samples/弟の姉/連続音/_そらはみぇきょきゃ.wav,_そらはみぇきょきゃ,- そ,6,vcv,44100,1,5.572925,true,true,
弟の姉,姉音モネ,連続音,_ぞかどぅきぇがりぇ.wav,research/data/raw/reference/utau-samples/弟の姉/連続音/_ぞかどぅきぇがりぇ.wav,_ぞかどぅきぇがりぇ,,0,vcv,44100,1,5.458322,true,true,
弟の姉,姉音モネ,連続音,_たんぴゅぴゅさん.wav,research/data/raw/reference/utau-samples/弟の姉/連続音/_たんぴゅぴゅさん.wav,_たんぴゅぴゅさん,,0,vcv,44100,1,5.627098,true,true,
弟の姉,姉音モネ,連続音,_だみょうぇるうぉん.wav,research/data/raw/reference/utau-samples/弟の姉/連続音/_だみょうぇるうぉん.wav,_だみょうぇるうぉん,,0,vcv,44100,1,5.477098,true,true,
弟の姉,姉音モネ,連続音,_ちぇびゃぶみゃぎぇふ.wav,research/data/raw/reference/utau-samples/弟の姉/連続音/_ちぇびゃぶみゃぎぇふ.wav,_ちぇびゃぶみゃぎぇふ,,0,vcv,44100,1,5.341655,true,true,
弟の姉,姉音モネ,連続音,_ちゃつじゃびみぇき.wav,research/data/raw/reference/utau-samples/弟の姉/連続音/_ちゃつじゃびみぇき.wav,_ちゃつじゃびみぇき,,0,vcv,44100,1,5.520816,true,true,
弟の姉,姉音モネ,連続音,_ちゅんろきょうぁヴぁ.wav,research/data/raw/reference/utau-samples/弟の姉/連続音/_ちゅんろきょうぁヴぁ.wav,_ちゅんろきょうぁヴぁ,,0,vcv,44100,1,5.604172,true,true,
弟の姉,姉音モネ,連続音,_ちょちょにぇびゅせひょ.wav,research/data/raw/reference/utau-samples/弟の姉/連続音/_ちょちょにぇびゅせひょ.wav,_ちょちょにぇびゅせひょ,,0,vcv,44100,1,5.729161,true,true,
弟の姉,姉音モネ,連続音,_ちわぬぶヴぇぽ.wav,research/data/raw/reference/utau-samples/弟の姉/連続音/_ちわぬぶヴぇぽ.wav,_ちわぬぶヴぇぽ,,0,vcv,44100,1,5.385420,true,true,
弟の姉,姉音モネ,連続音,_つもにょみぇきゅうぃ.wav,research/data/raw/reference/utau-samples/弟の姉/連続音/_つもにょみぇきゅうぃ.wav,_つもにょみぇきゅうぃ,- つ,6,vcv,44100,1,5.562494,true,true,
弟の姉,姉音モネ,連続音,_てぃみょぴゅにょきぇれ.wav,research/data/raw/reference/utau-samples/弟の姉/連続音/_てぃみょぴゅにょきぇれ.wav,_てぃみょぴゅにょきぇれ,,0,vcv,44100,1,5.491678,true,true,
弟の姉,姉音モネ,連続音,_でぃきゃひゃにゃちゅち.wav,research/data/raw/reference/utau-samples/弟の姉/連続音/_でぃきゃひゃにゃちゅち.wav,_でぃきゃひゃにゃちゅち,,0,vcv,44100,1,5.631247,true,true,
弟の姉,姉音モネ,連続音,_でうぁずでぬぎょ.wav,research/data/raw/reference/utau-samples/弟の姉/連続音/_でうぁずでぬぎょ.wav,_でうぁずでぬぎょ,,0,vcv,44100,1,5.479184,true,true,
弟の姉,姉音モネ,連続音,_てヴぉつむほぴ.wav,research/data/raw/reference/utau-samples/弟の姉/連続音/_てヴぉつむほぴ.wav,_てヴぉつむほぴ,,0,vcv,44100,1,5.458322,true,true,
弟の姉,姉音モネ,連続音,_とぅぐこくばき.wav,research/data/raw/reference/utau-samples/弟の姉/連続音/_とぅぐこくばき.wav,_とぅぐこくばき,,0,vcv,44100,1,5.422902,true,true,
弟の姉,姉音モネ,連続音,_とぜぱにりょびゃ.wav,research/data/raw/reference/utau-samples/弟の姉/連続音/_とぜぱにりょびゃ.wav,_とぜぱにりょびゃ,,0,vcv,44100,1,5.214580,true,true,
弟の姉,姉音モネ,連続音,_どぅうぁヴぉりぇぴゃぷ.wav,research/data/raw/reference/utau-samples/弟の姉/連続音/_どぅうぁヴぉりぇぴゃぷ.wav,_どぅうぁヴぉりぇぴゃぷ,,0,vcv,44100,1,5.500000,true,true,
弟の姉,姉音モネ,連続音,_どたぺじぇざぴゃ.wav,research/data/raw/reference/utau-samples/弟の姉/連続音/_どたぺじぇざぴゃ.wav,_どたぺじぇざぴゃ,,0,vcv,44100,1,5.624989,true,true,
弟の姉,姉音モネ,連続音,_なばそずひでぃ.wav,research/data/raw/reference/utau-samples/弟の姉/連続音/_なばそずひでぃ.wav,_なばそずひでぃ,,0,vcv,44100,1,5.660408,true,true,
弟の姉,姉音モネ,連続音,_にぇずげねめしぇ.wav,research/data/raw/reference/utau-samples/弟の姉/連続音/_にぇずげねめしぇ.wav,_にぇずげねめしぇ,,0,vcv,44100,1,5.410431,true,true,
弟の姉,姉音モネ,連続音,_にすにぇきぇひぇちゅ.wav,research/data/raw/reference/utau-samples/弟の姉/連続音/_にすにぇきぇひぇちゅ.wav,_にすにぇきぇひぇちゅ,- に,6,vcv,44100,1,5.816667,true,true,
弟の姉,姉音モネ,連続音,_にゃんごびゅぷけ.wav,research/data/raw/reference/utau-samples/弟の姉/連続音/_にゃんごびゅぷけ.wav,_にゃんごびゅぷけ,,0,vcv,44100,1,5.518730,true,true,
弟の姉,姉音モネ,連続音,_にゅどみょしゅぽぷ.wav,research/data/raw/reference/utau-samples/弟の姉/連続音/_にゅどみょしゅぽぷ.wav,_にゅどみょしゅぽぷ,,0,vcv,44100,1,5.354172,true,true,
弟の姉,姉音モネ,連続音,_にょんざんぜん.wav,research/data/raw/reference/utau-samples/弟の姉/連続音/_にょんざんぜん.wav,_にょんざんぜん,,0,vcv,44100,1,5.604172,true,true,
弟の姉,姉音モネ,連続音,_ぬるつヴひゃひぇ.wav,research/data/raw/reference/utau-samples/弟の姉/連続音/_ぬるつヴひゃひぇ.wav,_ぬるつヴひゃひぇ,,0,vcv,44100,1,5.508322,true,true,
弟の姉,姉音モネ,連続音,_ねへじょりゃんう.wav,research/data/raw/reference/utau-samples/弟の姉/連続音/_ねへじょりゃんう.wav,_ねへじょりゃんう,,0,vcv,44100,1,5.610431,true,true,
弟の姉,姉音モネ,連続音,_のてでぃらしょヴぇ.wav,research/data/raw/reference/utau-samples/弟の姉/連続音/_のてでぃらしょヴぇ.wav,_のてでぃらしょヴぇ,,0,vcv,44100,1,5.635420,true,true,
弟の姉,姉音モネ,連続音,_はしゃいぜびょひゅ.wav,research/data/raw/reference/utau-samples/弟の姉/連続音/_はしゃいぜびょひゅ.wav,_はしゃいぜびょひゅ,,0,vcv,44100,1,5.750000,true,true,
弟の姉,姉音モネ,連続音,_ばせてぃびゃうぉじぇ.wav,research/data/raw/reference/utau-samples/弟の姉/連続音/_ばせてぃびゃうぉじぇ.wav,_ばせてぃびゃうぉじぇ,,0,vcv,44100,1,5.410431,true,true,
弟の姉,姉音モネ,連続音,_ぱげりょげせしゃ.wav,research/data/raw/reference/utau-samples/弟の姉/連続音/_ぱげりょげせしゃ.wav,_ぱげりょげせしゃ,,0,vcv,44100,1,5.472925,true,true,
弟の姉,姉音モネ,連続音,_ひぇちぇにゃりょヴぁにょ.wav,research/data/raw/reference/utau-samples/弟の姉/連続音/_ひぇちぇにゃりょヴぁにょ.wav,_ひぇちぇにゃりょヴぁにょ,,0,vcv,44100,1,5.406259,true,true,
弟の姉,姉音モネ,連続音,_ひゃちやひゅうぇぴ.wav,research/data/raw/reference/utau-samples/弟の姉/連続音/_ひゃちやひゅうぇぴ.wav,_ひゃちやひゅうぇぴ,,0,vcv,44100,1,5.345828,true,true,
弟の姉,姉音モネ,連続音,_ひゅにゅりぇすそぬ.wav,research/data/raw/reference/utau-samples/弟の姉/連続音/_ひゅにゅりぇすそぬ.wav,_ひゅにゅりぇすそぬ,- ひゅ,5,vcv,44100,1,5.589592,true,true,
弟の姉,姉音モネ,連続音,_ひゅぬ.wav,research/data/raw/reference/utau-samples/弟の姉/連続音/_ひゅぬ.wav,_ひゅぬ,u ぬ,1,vcv,44100,1,3.155624,true,true,
弟の姉,姉音モネ,連続音,_ひょびぇべびぇてな.wav,research/data/raw/reference/utau-samples/弟の姉/連続音/_ひょびぇべびぇてな.wav,_ひょびぇべびぇてな,,0,vcv,44100,1,5.452086,true,true,
弟の姉,姉音モネ,連続音,_ひりゅひぇぺヴぇご.wav,research/data/raw/reference/utau-samples/弟の姉/連続音/_ひりゅひぇぺヴぇご.wav,_ひりゅひぇぺヴぇご,,0,vcv,44100,1,5.427075,true,true,
弟の姉,姉音モネ,連続音,_びぇどぅごにぱぽ.wav,research/data/raw/reference/utau-samples/弟の姉/連続音/_びぇどぅごにぱぽ.wav,_びぇどぅごにぱぽ,,0,vcv,44100,1,5.572925,true,true,
弟の姉,姉音モネ,連続音,_びひぇんずんどぅ.wav,research/data/raw/reference/utau-samples/弟の姉/連続音/_びひぇんずんどぅ.wav,_びひぇんずんどぅ,,0,vcv,44100,1,5.583333,true,true,
弟の姉,姉音モネ,連続音,_びゃうぃにゅぎぇびほ.wav,research/data/raw/reference/utau-samples/弟の姉/連続音/_びゃうぃにゅぎぇびほ.wav,_びゃうぃにゅぎぇびほ,,0,vcv,44100,1,5.597914,true,true,
弟の姉,姉音モネ,連続音,_びゅぜほみがぞ.wav,research/data/raw/reference/utau-samples/弟の姉/連続音/_びゅぜほみがぞ.wav,_びゅぜほみがぞ,,0,vcv,44100,1,5.489592,true,true,
弟の姉,姉音モネ,連続音,_びょむきヴぁぼうぉ.wav,research/data/raw/reference/utau-samples/弟の姉/連続音/_びょむきヴぁぼうぉ.wav,_びょむきヴぁぼうぉ,,0,vcv,44100,1,5.502086,true,true,
弟の姉,姉音モネ,連続音,_ぴぇちょでぃうぉびょぎぇ.wav,research/data/raw/reference/utau-samples/弟の姉/連続音/_ぴぇちょでぃうぉびょぎぇ.wav,_ぴぇちょでぃうぉびょぎぇ,,0,vcv,44100,1,5.674989,true,true,
弟の姉,姉音モネ,連続音,_ぴぴとぅぴょおよ.wav,research/data/raw/reference/utau-samples/弟の姉/連続音/_ぴぴとぅぴょおよ.wav,_ぴぴとぅぴょおよ,,0,vcv,44100,1,5.479161,true,true,
弟の姉,姉音モネ,連続音,_ぴゃけらるちゅじゅ.wav,research/data/raw/reference/utau-samples/弟の姉/連続音/_ぴゃけらるちゅじゅ.wav,_ぴゃけらるちゅじゅ,,0,vcv,44100,1,5.391678,true,true,
弟の姉,姉音モネ,連続音,_ぴゅぴぇじゅだきゅく.wav,research/data/raw/reference/utau-samples/弟の姉/連続音/_ぴゅぴぇじゅだきゅく.wav,_ぴゅぴぇじゅだきゅく,,0,vcv,44100,1,5.631247,true,true,
弟の姉,姉音モネ,連続音,_ぴょろやじゃきゃヴぇ.wav,research/data/raw/reference/utau-samples/弟の姉/連続音/_ぴょろやじゃきゃヴぇ.wav,_ぴょろやじゃきゃヴぇ,,0,vcv,44100,1,5.456259,true,true,
弟の姉,姉音モネ,連続音,_ふどぅみゅヴぁれり.wav,research/data/raw/reference/utau-samples/弟の姉/連続音/_ふどぅみゅヴぁれり.wav,_ふどぅみゅヴぁれり,,0,vcv,44100,1,5.302086,true,true,
弟の姉,姉音モネ,連続音,_ぶかりぽみゃな.wav,research/data/raw/reference/utau-samples/弟の姉/連続音/_ぶかりぽみゃな.wav,_ぶかりぽみゃな,,0,vcv,44100,1,5.333333,true,true,
弟の姉,姉音モネ,連続音,_ぷしゃだぱふりゅ.wav,research/data/raw/reference/utau-samples/弟の姉/連続音/_ぷしゃだぱふりゅ.wav,_ぷしゃだぱふりゅ,,0,vcv,44100,1,5.458345,true,true,
弟の姉,姉音モネ,連続音,_へじにぇぎょぺぎゃ.wav,research/data/raw/reference/utau-samples/弟の姉/連続音/_へじにぇぎょぺぎゃ.wav,_へじにぇぎょぺぎゃ,,0,vcv,44100,1,5.529161,true,true,
弟の姉,姉音モネ,連続音,_べかおぐちぇみ.wav,research/data/raw/reference/utau-samples/弟の姉/連続音/_べかおぐちぇみ.wav,_べかおぐちぇみ,,0,vcv,44100,1,5.410408,true,true,
弟の姉,姉音モネ,連続音,_ぺヴぃぎょわとめ.wav,research/data/raw/reference/utau-samples/弟の姉/連続音/_ぺヴぃぎょわとめ.wav,_ぺヴぃぎょわとめ,,0,vcv,44100,1,5.443741,true,true,
弟の姉,姉音モネ,連続音,_ほぞぎりおせ.wav,research/data/raw/reference/utau-samples/弟の姉/連続音/_ほぞぎりおせ.wav,_ほぞぎりおせ,,0,vcv,44100,1,5.437506,true,true,
弟の姉,姉音モネ,連続音,_ぼひんてにょしょ.wav,research/data/raw/reference/utau-samples/弟の姉/連続音/_ぼひんてにょしょ.wav,_ぼひんてにょしょ,,0,vcv,44100,1,5.489569,true,true,
弟の姉,姉音モネ,連続音,_ぽんうぇそんぶ.wav,research/data/raw/reference/utau-samples/弟の姉/連続音/_ぽんうぇそんぶ.wav,_ぽんうぇそんぶ,,0,vcv,44100,1,5.833333,true,true,
弟の姉,姉音モネ,連続音,_まヴぃしぇとぅきょは.wav,research/data/raw/reference/utau-samples/弟の姉/連続音/_まヴぃしぇとぅきょは.wav,_まヴぃしぇとぅきょは,,0,vcv,44100,1,5.645828,true,true,
弟の姉,姉音モネ,連続音,_みぇぎぇぼぴゃうぁちゃ.wav,research/data/raw/reference/utau-samples/弟の姉/連続音/_みぇぎぇぼぴゃうぁちゃ.wav,_みぇぎぇぼぴゃうぁちゃ,,0,vcv,44100,1,5.487483,true,true,
弟の姉,姉音モネ,連続音,_みちょばきぇこちゅ.wav,research/data/raw/reference/utau-samples/弟の姉/連続音/_みちょばきぇこちゅ.wav,_みちょばきぇこちゅ,,0,vcv,44100,1,5.472925,true,true,
弟の姉,姉音モネ,連続音,_みゃびゃぜえうぃだ.wav,research/data/raw/reference/utau-samples/弟の姉/連続音/_みゃびゃぜえうぃだ.wav,_みゃびゃぜえうぃだ,,0,vcv,44100,1,5.520839,true,true,
弟の姉,姉音モネ,連続音,_みゅりょりゅぞしえ.wav,research/data/raw/reference/utau-samples/弟の姉/連続音/_みゅりょりゅぞしえ.wav,_みゅりょりゅぞしえ,,0,vcv,44100,1,5.574989,true,true,
弟の姉,姉音モネ,連続音,_みょだびぇみぇつへ.wav,research/data/raw/reference/utau-samples/弟の姉/連続音/_みょだびぇみぇつへ.wav,_みょだびぇみぇつへ,,0,vcv,44100,1,5.247914,true,true,
弟の姉,姉音モネ,連続音,_むきゃでぃばんい.wav,research/data/raw/reference/utau-samples/弟の姉/連続音/_むきゃでぃばんい.wav,_むきゃでぃばんい,,0,vcv,44100,1,5.437506,true,true,
弟の姉,姉音モネ,連続音,_めしヴぇげさてぃ.wav,research/data/raw/reference/utau-samples/弟の姉/連続音/_めしヴぇげさてぃ.wav,_めしヴぇげさてぃ,,0,vcv,44100,1,5.614580,true,true,
弟の姉,姉音モネ,連続音,_もきびぇヴぁまじぇ.wav,research/data/raw/reference/utau-samples/弟の姉/連続音/_もきびぇヴぁまじぇ.wav,_もきびぇヴぁまじぇ,,0,vcv,44100,1,5.493741,true,true,
弟の姉,姉音モネ,連続音,_やねぜきゃみじぇ.wav,research/data/raw/reference/utau-samples/弟の姉/連続音/_やねぜきゃみじぇ.wav,_やねぜきゃみじぇ,,0,vcv,44100,1,5.458345,true,true,
弟の姉,姉音モネ,連続音,_ゆみょぴょにゃゆや.wav,research/data/raw/reference/utau-samples/弟の姉/連続音/_ゆみょぴょにゃゆや.wav,_ゆみょぴょにゃゆや,,0,vcv,44100,1,5.514580,true,true,
弟の姉,姉音モネ,連続音,_よぽヴぉぴぇとと.wav,research/data/raw/reference/utau-samples/弟の姉/連続音/_よぽヴぉぴぇとと.wav,_よぽヴぉぴぇとと,,0,vcv,44100,1,5.377075,true,true,
弟の姉,姉音モネ,連続音,_らんかんへは.wav,research/data/raw/reference/utau-samples/弟の姉/連続音/_らんかんへは.wav,_らんかんへは,- ら,4,vcv,44100,1,5.510408,true,true,
弟の姉,姉音モネ,連続音,_りぇぴょちふゆわ.wav,research/data/raw/reference/utau-samples/弟の姉/連続音/_りぇぴょちふゆわ.wav,_りぇぴょちふゆわ,,0,vcv,44100,1,5.625011,true,true,
弟の姉,姉音モネ,連続音,_りまんどじゅめ.wav,research/data/raw/reference/utau-samples/弟の姉/連続音/_りまんどじゅめ.wav,_りまんどじゅめ,,0,vcv,44100,1,5.345828,true,true,
弟の姉,姉音モネ,連続音,_りゃにゅらぐでぃび.wav,research/data/raw/reference/utau-samples/弟の姉/連続音/_りゃにゅらぐでぃび.wav,_りゃにゅらぐでぃび,,0,vcv,44100,1,5.791678,true,true,
弟の姉,姉音モネ,連続音,_りゅしゅぎゅぎゃじぎゅ.wav,research/data/raw/reference/utau-samples/弟の姉/連続音/_りゅしゅぎゅぎゃじぎゅ.wav,_りゅしゅぎゅぎゃじぎゅ,,0,vcv,44100,1,5.658345,true,true,
弟の姉,姉音モネ,連続音,_りょでやぎゅじの.wav,research/data/raw/reference/utau-samples/弟の姉/連続音/_りょでやぎゅじの.wav,_りょでやぎゅじの,,0,vcv,44100,1,5.416667,true,true,
弟の姉,姉音モネ,連続音,_るれみょががろ.wav,research/data/raw/reference/utau-samples/弟の姉/連続音/_るれみょががろ.wav,_るれみょががろ,,0,vcv,44100,1,5.472925,true,true,
弟の姉,姉音モネ,連続音,_れでりゅあすぴゃ.wav,research/data/raw/reference/utau-samples/弟の姉/連続音/_れでりゅあすぴゃ.wav,_れでりゅあすぴゃ,,0,vcv,44100,1,5.520816,true,true,
弟の姉,姉音モネ,連続音,_ろいれにひゃきょ.wav,research/data/raw/reference/utau-samples/弟の姉/連続音/_ろいれにひゃきょ.wav,_ろいれにひゃきょ,- ろ,6,vcv,44100,1,5.556236,true,true,
弟の姉,姉音モネ,連続音,_わさぴゅろねう.wav,research/data/raw/reference/utau-samples/弟の姉/連続音/_わさぴゅろねう.wav,_わさぴゅろねう,,0,vcv,44100,1,5.437483,true,true,
弟の姉,姉音モネ,連続音,_んうぉんにゃんぼ.wav,research/data/raw/reference/utau-samples/弟の姉/連続音/_んうぉんにゃんぼ.wav,_んうぉんにゃんぼ,,0,vcv,44100,1,5.354150,true,true,
弟の姉,姉音モネ,連続音,_んえいうぇんとぅ.wav,research/data/raw/reference/utau-samples/弟の姉/連続音/_んえいうぇんとぅ.wav,_んえいうぇんとぅ,- ん2,4,vcv,44100,1,5.716667,true,true,
弟の姉,姉音モネ,連続音,_んおいはんぎゅ.wav,research/data/raw/reference/utau-samples/弟の姉/連続音/_んおいはんぎゅ.wav,_んおいはんぎゅ,,0,vcv,44100,1,5.416667,true,true,
弟の姉,姉音モネ,連続音,_んきぇんぎゆん.wav,research/data/raw/reference/utau-samples/弟の姉/連続音/_んきぇんぎゆん.wav,_んきぇんぎゆん,,0,vcv,44100,1,5.450000,true,true,
弟の姉,姉音モネ,連続音,_んきゃいにゃんぎょ.wav,research/data/raw/reference/utau-samples/弟の姉/連続音/_んきゃいにゃんぎょ.wav,_んきゃいにゃんぎょ,,0,vcv,44100,1,5.522925,true,true,
弟の姉,姉音モネ,連続音,_んきるんむい.wav,research/data/raw/reference/utau-samples/弟の姉/連続音/_んきるんむい.wav,_んきるんむい,n き,4,vcv,44100,1,5.700000,true,true,
弟の姉,姉音モネ,連続音,_んぎゃんだいい.wav,research/data/raw/reference/utau-samples/弟の姉/連続音/_んぎゃんだいい.wav,_んぎゃんだいい,,0,vcv,44100,1,5.545828,true,true,
弟の姉,姉音モネ,連続音,_んけいぷんじょ.wav,research/data/raw/reference/utau-samples/弟の姉/連続音/_んけいぷんじょ.wav,_んけいぷんじょ,,0,vcv,44100,1,5.439592,true,true,
弟の姉,姉音モネ,連続音,_んしぇいきゅんひゃ.wav,research/data/raw/reference/utau-samples/弟の姉/連続音/_んしぇいきゅんひゃ.wav,_んしぇいきゅんひゃ,n しぇ,3,vcv,44100,1,5.424989,true,true,
弟の姉,姉音モネ,連続音,_んしょんめんぴょ.wav,research/data/raw/reference/utau-samples/弟の姉/連続音/_んしょんめんぴょ.wav,_んしょんめんぴょ,,0,vcv,44100,1,5.520839,true,true,
弟の姉,姉音モネ,連続音,_んじぇんなんしゃ.wav,research/data/raw/reference/utau-samples/弟の姉/連続音/_んじぇんなんしゃ.wav,_んじぇんなんしゃ,,0,vcv,44100,1,5.633333,true,true,
弟の姉,姉音モネ,連続音,_んせんみぴゅん.wav,research/data/raw/reference/utau-samples/弟の姉/連続音/_んせんみぴゅん.wav,_んせんみぴゅん,,0,vcv,44100,1,5.568753,true,true,
弟の姉,姉音モネ,連続音,_んたいひょんみゃ.wav,research/data/raw/reference/utau-samples/弟の姉/連続音/_んたいひょんみゃ.wav,_んたいひょんみゃ,n た,3,vcv,44100,1,5.347914,true,true,
弟の姉,姉音モネ,連続音,_んちじゅんヴん.wav,research/data/raw/reference/utau-samples/弟の姉/連続音/_んちじゅんヴん.wav,_んちじゅんヴん,,0,vcv,44100,1,5.604172,true,true,
弟の姉,姉音モネ,連続音,_んちゅんくんじゃ.wav,research/data/raw/reference/utau-samples/弟の姉/連続音/_んちゅんくんじゃ.wav,_んちゅんくんじゃ,,0,vcv,44100,1,5.324989,true,true,
弟の姉,姉音モネ,連続音,_んつんゆんみぇ.wav,research/data/raw/reference/utau-samples/弟の姉/連続音/_んつんゆんみぇ.wav,_んつんゆんみぇ,n つ,3,vcv,44100,1,5.270839,true,true,
弟の姉,姉音モネ,連続音,_んてぃぴぇんちぇい.wav,research/data/raw/reference/utau-samples/弟の姉/連続音/_んてぃぴぇんちぇい.wav,_んてぃぴぇんちぇい,,0,vcv,44100,1,5.702086,true,true,
弟の姉,姉音モネ,連続音,_んでぃみゃんヴぁん.wav,research/data/raw/reference/utau-samples/弟の姉/連続音/_んでぃみゃんヴぁん.wav,_んでぃみゃんヴぁん,,0,vcv,44100,1,5.562494,true,true,
弟の姉,姉音モネ,連続音,_んでんねんぴゃ.wav,research/data/raw/reference/utau-samples/弟の姉/連続音/_んでんねんぴゃ.wav,_んでんねんぴゃ,,0,vcv,44100,1,5.625011,true,true,
弟の姉,姉音モネ,連続音,_んにけんあい.wav,research/data/raw/reference/utau-samples/弟の姉/連続音/_んにけんあい.wav,_んにけんあい,n に,3,vcv,44100,1,5.556236,true,true,
弟の姉,姉音モネ,連続音,_んはんヴぉいべ.wav,research/data/raw/reference/utau-samples/弟の姉/連続音/_んはんヴぉいべ.wav,_んはんヴぉいべ,,0,vcv,44100,1,5.277075,true,true,
弟の姉,姉音モネ,連続音,_んばりゅちゃべぷ.wav,research/data/raw/reference/utau-samples/弟の姉/連続音/_んばりゅちゃべぷ.wav,_んばりゅちゃべぷ,,0,vcv,44100,1,5.512494,true,true,
弟の姉,姉音モネ,連続音,_んひぇんよんひゅ.wav,research/data/raw/reference/utau-samples/弟の姉/連続音/_んひぇんよんひゅ.wav,_んひぇんよんひゅ,n ひぇ,3,vcv,44100,1,5.362494,true,true,
弟の姉,姉音モネ,連続音,_んびむんきょん.wav,research/data/raw/reference/utau-samples/弟の姉/連続音/_んびむんきょん.wav,_んびむんきょん,,0,vcv,44100,1,5.570839,true,true,
弟の姉,姉音モネ,連続音,_んびゃんにょんも.wav,research/data/raw/reference/utau-samples/弟の姉/連続音/_んびゃんにょんも.wav,_んびゃんにょんも,,0,vcv,44100,1,5.302063,true,true,
弟の姉,姉音モネ,連続音,_んびゅんうぁんら.wav,research/data/raw/reference/utau-samples/弟の姉/連続音/_んびゅんうぁんら.wav,_んびゅんうぁんら,,0,vcv,44100,1,5.312494,true,true,
弟の姉,姉音モネ,連続音,_んぴヴぃきょんま.wav,research/data/raw/reference/utau-samples/弟の姉/連続音/_んぴヴぃきょんま.wav,_んぴヴぃきょんま,,0,vcv,44100,1,5.437506,true,true,
弟の姉,姉音モネ,連続音,_んふんれんそ.wav,research/data/raw/reference/utau-samples/弟の姉/連続音/_んふんれんそ.wav,_んふんれんそ,n ふ,3,vcv,44100,1,5.235420,true,true,
弟の姉,姉音モネ,連続音,_んぷんのいあ.wav,research/data/raw/reference/utau-samples/弟の姉/連続音/_んぷんのいあ.wav,_んぷんのいあ,,0,vcv,44100,1,5.450000,true,true,
弟の姉,姉音モネ,連続音,_んべんびょんさ.wav,research/data/raw/reference/utau-samples/弟の姉/連続音/_んべんびょんさ.wav,_んべんびょんさ,,0,vcv,44100,1,5.591678,true,true,
弟の姉,姉音モネ,連続音,_んぺいこんうぃ.wav,research/data/raw/reference/utau-samples/弟の姉/連続音/_んぺいこんうぃ.wav,_んぺいこんうぃ,,0,vcv,44100,1,5.500000,true,true,
弟の姉,姉音モネ,連続音,_んぽいずんし.wav,research/data/raw/reference/utau-samples/弟の姉/連続音/_んぽいずんし.wav,_んぽいずんし,,0,vcv,44100,1,5.291655,true,true,
弟の姉,姉音モネ,連続音,_んみゅんがんりぇ.wav,research/data/raw/reference/utau-samples/弟の姉/連続音/_んみゅんがんりぇ.wav,_んみゅんがんりぇ,,0,vcv,44100,1,5.487506,true,true,
弟の姉,姉音モネ,連続音,_んりぇぎゅひょ.wav,research/data/raw/reference/utau-samples/弟の姉/連続音/_んりぇぎゅひょ.wav,_んりぇぎゅひょ,,0,vcv,44100,1,5.291678,true,true,
弟の姉,姉音モネ,連続音,_んりゃんぞんちゃ.wav,research/data/raw/reference/utau-samples/弟の姉/連続音/_んりゃんぞんちゃ.wav,_んりゃんぞんちゃ,,0,vcv,44100,1,5.422925,true,true,
弟の姉,姉音モネ,連続音,_んりゅいげんほ.wav,research/data/raw/reference/utau-samples/弟の姉/連続音/_んりゅいげんほ.wav,_んりゅいげんほ,,0,vcv,44100,1,5.312494,true,true,
弟の姉,姉音モネ,連続音,_んるいうぃなん.wav,research/data/raw/reference/utau-samples/弟の姉/連続音/_んるいうぃなん.wav,_んるいうぃなん,n る,3,vcv,44100,1,5.595828,true,true,
弟の姉,姉音モネ,連続音,_んわいぐんりょ.wav,research/data/raw/reference/utau-samples/弟の姉/連続音/_んわいぐんりょ.wav,_んわいぐんりょ,,0,vcv,44100,1,5.716667,true,true,
弟の姉,姉音モネ,連続音,_んんじゅんぐん.wav,research/data/raw/reference/utau-samples/弟の姉/連続音/_んんじゅんぐん.wav,_んんじゅんぐん,,0,vcv,44100,1,5.708345,true,true,
弟の姉,姉音モネ,連続音,_ヴぁんみょんしゅじぇ.wav,research/data/raw/reference/utau-samples/弟の姉/連続音/_ヴぁんみょんしゅじぇ.wav,_ヴぁんみょんしゅじぇ,,0,vcv,44100,1,5.354150,true,true,
弟の姉,姉音モネ,連続音,_ヴぃしゃしぇろにゅた.wav,research/data/raw/reference/utau-samples/弟の姉/連続音/_ヴぃしゃしぇろにゅた.wav,_ヴぃしゃしぇろにゅた,,0,vcv,44100,1,5.541678,true,true,
弟の姉,姉音モネ,連続音,_ヴぇぴゅいじちゃら.wav,research/data/raw/reference/utau-samples/弟の姉/連続音/_ヴぇぴゅいじちゃら.wav,_ヴぇぴゅいじちゃら,,0,vcv,44100,1,5.427075,true,true,
弟の姉,姉音モネ,連続音,_ヴぉるぺどヴざ.wav,research/data/raw/reference/utau-samples/弟の姉/連続音/_ヴぉるぺどヴざ.wav,_ヴぉるぺどヴざ,,0,vcv,44100,1,5.687506,true,true,
弟の姉,姉音モネ,連続音,_ヴてぃもぶふひゅ.wav,research/data/raw/reference/utau-samples/弟の姉/連続音/_ヴてぃもぶふひゅ.wav,_ヴてぃもぶふひゅ,,0,vcv,44100,1,5.395828,true,true,
新井里美,みつこ,単独音,あ.wav,research/data/raw/reference/utau-samples/新井里美/単独音/あ.wav,あ,,1,vowel,44100,1,1.062404,true,true,
新井里美,みつこ,単独音,い.wav,research/data/raw/reference/utau-samples/新井里美/単独音/い.wav,い,,1,vowel,44100,1,1.062404,true,true,
新井里美,みつこ,単独音,いぇ.wav,research/data/raw/reference/utau-samples/新井里美/単独音/いぇ.wav,いぇ,,1,cv,44100,1,0.999909,true,true,
新井里美,みつこ,単独音,う.wav,research/data/raw/reference/utau-samples/新井里美/単独音/う.wav,う,,1,vowel,44100,1,0.999909,true,true,
新井里美,みつこ,単独音,うぁ.wav,research/data/raw/reference/utau-samples/新井里美/単独音/うぁ.wav,うぁ,,1,cv,44100,1,1.062404,true,true,
新井里美,みつこ,単独音,うぃ.wav,research/data/raw/reference/utau-samples/新井里美/単独音/うぃ.wav,うぃ,,1,cv,44100,1,0.999909,true,true,
新井里美,みつこ,単独音,うぇ.wav,research/data/raw/reference/utau-samples/新井里美/単独音/うぇ.wav,うぇ,,1,cv,44100,1,0.999909,true,true,
新井里美,みつこ,単独音,うぉ.wav,research/data/raw/reference/utau-samples/新井里美/単独音/うぉ.wav,うぉ,,1,cv,44100,1,0.999909,true,true,
新井里美,みつこ,単独音,え.wav,research/data/raw/reference/utau-samples/新井里美/単独音/え.wav,え,,1,vowel,44100,1,0.999909,true,true,
新井里美,みつこ,単独音,お.wav,research/data/raw/reference/utau-samples/新井里美/単独音/お.wav,お,,1,vowel,44100,1,0.999909,true,true,
新井里美,みつこ,単独音,あよいっしょ.wav,research/data/raw/reference/utau-samples/新井里美/単独音/おまけ/あよいっしょ.wav,あよいっしょ,,0,unknown,44100,1,0.975238,true,true,
新井里美,みつこ,単独音,あらよっと.wav,research/data/raw/reference/utau-samples/新井里美/単独音/おまけ/あらよっと.wav,あらよっと,,0,unknown,44100,1,1.091338,true,true,
新井里美,みつこ,単独音,いえす.wav,research/data/raw/reference/utau-samples/新井里美/単独音/おまけ/いえす.wav,いえす,,0,cv,44100,1,1.126168,true,true,
新井里美,みつこ,単独音,いちに.wav,research/data/raw/reference/utau-samples/新井里美/単独音/おまけ/いちに.wav,いちに,,0,cv,44100,1,1.091338,true,true,
新井里美,みつこ,単独音,おん.wav,research/data/raw/reference/utau-samples/新井里美/単独音/おまけ/おん.wav,おん,,0,cv,44100,1,0.789478,true,true,
新井里美,みつこ,単独音,お聞きくださいですの.wav,research/data/raw/reference/utau-samples/新井里美/単独音/おまけ/お聞きくださいですの.wav,お聞きくださいですの,,0,unknown,44100,1,1.811156,true,true,
新井里美,みつこ,単独音,ごろく.wav,research/data/raw/reference/utau-samples/新井里美/単独音/おまけ/ごろく.wav,ごろく,,0,cv,44100,1,0.812698,true,true,
新井里美,みつこ,単独音,さんし.wav,research/data/raw/reference/utau-samples/新井里美/単独音/おまけ/さんし.wav,さんし,,0,cv,44100,1,1.056508,true,true,
新井里美,みつこ,単独音,しちはち.wav,research/data/raw/reference/utau-samples/新井里美/単独音/おまけ/しちはち.wav,しちはち,,0,unknown,44100,1,1.288707,true,true,
新井里美,みつこ,単独音,はい.wav,research/data/raw/reference/utau-samples/新井里美/単独音/おまけ/はい.wav,はい,,0,cv,44100,1,0.905578,true,true,
新井里美,みつこ,単独音,よーいしょ.wav,research/data/raw/reference/utau-samples/新井里美/単独音/おまけ/よーいしょ.wav,よーいしょ,,0,unknown,44100,1,1.114558,true,true,
新井里美,みつこ,単独音,フー.wav,research/data/raw/reference/utau-samples/新井里美/単独音/おまけ/フー.wav,フー,,0,cv,44100,1,1.137778,true,true,
新井里美,みつこ,単独音,息.wav,research/data/raw/reference/utau-samples/新井里美/単独音/おまけ/息.wav,息,,0,cv,44100,1,0.615329,true,true,
新井里美,みつこ,単独音,息2.wav,research/data/raw/reference/utau-samples/新井里美/単独音/おまけ/息2.wav,息2,,0,cv,44100,1,0.522449,true,true,
新井里美,みつこ,単独音,歌いまーす.wav,research/data/raw/reference/utau-samples/新井里美/単独音/おまけ/歌いまーす.wav,歌いまーす,,0,unknown,44100,1,1.451247,true,true,
新井里美,みつこ,単独音,聞いてくださーい.wav,research/data/raw/reference/utau-samples/新井里美/単独音/おまけ/聞いてくださーい.wav,聞いてくださーい,,0,unknown,44100,1,1.625397,true,true,
新井里美,みつこ,単独音,行きますわよ.wav,research/data/raw/reference/utau-samples/新井里美/単独音/おまけ/行きますわよ.wav,行きますわよ,,0,unknown,44100,1,1.323537,true,true,
新井里美,みつこ,単独音,か.wav,research/data/raw/reference/utau-samples/新井里美/単独音/か.wav,か,,1,cv,44100,1,0.999909,true,true,
新井里美,みつこ,単独音,が.wav,research/data/raw/reference/utau-samples/新井里美/単独音/が.wav,が,,0,cv,44100,1,1.062404,true,true,
新井里美,みつこ,単独音,き.wav,research/data/raw/reference/utau-samples/新井里美/単独音/き.wav,き,,1,cv,44100,1,0.999909,true,true,
新井里美,みつこ,単独音,きぇ.wav,research/data/raw/reference/utau-samples/新井里美/単独音/きぇ.wav,きぇ,,1,cv,44100,1,1.062404,true,true,
新井里美,みつこ,単独音,きゃ.wav,research/data/raw/reference/utau-samples/新井里美/単独音/きゃ.wav,きゃ,,1,cv,44100,1,1.062404,true,true,
新井里美,みつこ,単独音,きゅ.wav,research/data/raw/reference/utau-samples/新井里美/単独音/きゅ.wav,きゅ,,1,cv,44100,1,0.999909,true,true,
新井里美,みつこ,単独音,きょ.wav,research/data/raw/reference/utau-samples/新井里美/単独音/きょ.wav,きょ,,1,cv,44100,1,1.062404,true,true,
新井里美,みつこ,単独音,ぎ.wav,research/data/raw/reference/utau-samples/新井里美/単独音/ぎ.wav,ぎ,,0,cv,44100,1,1.062404,true,true,
新井里美,みつこ,単独音,ぎぇ.wav,research/data/raw/reference/utau-samples/新井里美/単独音/ぎぇ.wav,ぎぇ,,0,cv,44100,1,0.999909,true,true,
新井里美,みつこ,単独音,ぎゃ.wav,research/data/raw/reference/utau-samples/新井里美/単独音/ぎゃ.wav,ぎゃ,,0,cv,44100,1,1.062404,true,true,
新井里美,みつこ,単独音,ぎゅ.wav,research/data/raw/reference/utau-samples/新井里美/単独音/ぎゅ.wav,ぎゅ,,0,cv,44100,1,1.062404,true,true,
新井里美,みつこ,単独音,ぎょ.wav,research/data/raw/reference/utau-samples/新井里美/単独音/ぎょ.wav,ぎょ,,0,cv,44100,1,0.999909,true,true,
新井里美,みつこ,単独音,く.wav,research/data/raw/reference/utau-samples/新井里美/単独音/く.wav,く,,1,cv,44100,1,0.999909,true,true,
新井里美,みつこ,単独音,くぁ.wav,research/data/raw/reference/utau-samples/新井里美/単独音/くぁ.wav,くぁ,,1,cv,44100,1,1.062404,true,true,
新井里美,みつこ,単独音,くぃ.wav,research/data/raw/reference/utau-samples/新井里美/単独音/くぃ.wav,くぃ,,1,cv,44100,1,0.999909,true,true,
新井里美,みつこ,単独音,くぇ.wav,research/data/raw/reference/utau-samples/新井里美/単独音/くぇ.wav,くぇ,,1,cv,44100,1,0.999909,true,true,
新井里美,みつこ,単独音,くぉ.wav,research/data/raw/reference/utau-samples/新井里美/単独音/くぉ.wav,くぉ,,1,cv,44100,1,1.062404,true,true,
新井里美,みつこ,単独音,ぐ.wav,research/data/raw/reference/utau-samples/新井里美/単独音/ぐ.wav,ぐ,,0,cv,44100,1,0.999909,true,true,
新井里美,みつこ,単独音,ぐぁ.wav,research/data/raw/reference/utau-samples/新井里美/単独音/ぐぁ.wav,ぐぁ,,0,cv,44100,1,1.062404,true,true,
新井里美,みつこ,単独音,ぐぃ.wav,research/data/raw/reference/utau-samples/新井里美/単独音/ぐぃ.wav,ぐぃ,,0,cv,44100,1,1.062404,true,true,
新井里美,みつこ,単独音,ぐぇ.wav,research/data/raw/reference/utau-samples/新井里美/単独音/ぐぇ.wav,ぐぇ,,0,cv,44100,1,0.999909,true,true,
新井里美,みつこ,単独音,ぐぉ.wav,research/data/raw/reference/utau-samples/新井里美/単独音/ぐぉ.wav,ぐぉ,,0,cv,44100,1,0.999909,true,true,
新井里美,みつこ,単独音,け.wav,research/data/raw/reference/utau-samples/新井里美/単独音/け.wav,け,,1,cv,44100,1,0.999909,true,true,
新井里美,みつこ,単独音,げ.wav,research/data/raw/reference/utau-samples/新井里美/単独音/げ.wav,げ,,0,cv,44100,1,0.999909,true,true,
新井里美,みつこ,単独音,こ.wav,research/data/raw/reference/utau-samples/新井里美/単独音/こ.wav,こ,,1,cv,44100,1,0.999909,true,true,
新井里美,みつこ,単独音,ご.wav,research/data/raw/reference/utau-samples/新井里美/単独音/ご.wav,ご,,0,cv,44100,1,0.999909,true,true,
新井里美,みつこ,単独音,さ.wav,research/data/raw/reference/utau-samples/新井里美/単独音/さ.wav,さ,,1,cv,44100,1,1.062404,true,true,
新井里美,みつこ,単独音,ざ.wav,research/data/raw/reference/utau-samples/新井里美/単独音/ざ.wav,ざ,,0,cv,44100,1,1.062404,true,true,
新井里美,みつこ,単独音,し.wav,research/data/raw/reference/utau-samples/新井里美/単独音/し.wav,し,,1,cv,44100,1,1.062404,true,true,
新井里美,みつこ,単独音,しぇ.wav,research/data/raw/reference/utau-samples/新井里美/単独音/しぇ.wav,しぇ,,1,cv,44100,1,1.062404,true,true,
新井里美,みつこ,単独音,しゃ.wav,research/data/raw/reference/utau-samples/新井里美/単独音/しゃ.wav,しゃ,,1,cv,44100,1,0.999909,true,true,
新井里美,みつこ,単独音,しゅ.wav,research/data/raw/reference/utau-samples/新井里美/単独音/しゅ.wav,しゅ,,1,cv,44100,1,0.999909,true,true,
新井里美,みつこ,単独音,しょ.wav,research/data/raw/reference/utau-samples/新井里美/単独音/しょ.wav,しょ,,1,cv,44100,1,1.062404,true,true,
新井里美,みつこ,単独音,じ.wav,research/data/raw/reference/utau-samples/新井里美/単独音/じ.wav,じ,,0,cv,44100,1,0.999909,true,true,
新井里美,みつこ,単独音,じぇ.wav,research/data/raw/reference/utau-samples/新井里美/単独音/じぇ.wav,じぇ,,0,cv,44100,1,0.999909,true,true,
新井里美,みつこ,単独音,じゃ.wav,research/data/raw/reference/utau-samples/新井里美/単独音/じゃ.wav,じゃ,,0,cv,44100,1,1.062404,true,true,
新井里美,みつこ,単独音,じゅ.wav,research/data/raw/reference/utau-samples/新井里美/単独音/じゅ.wav,じゅ,,0,cv,44100,1,1.062404,true,true,
新井里美,みつこ,単独音,じょ.wav,research/data/raw/reference/utau-samples/新井里美/単独音/じょ.wav,じょ,,0,cv,44100,1,1.062404,true,true,
新井里美,みつこ,単独音,す.wav,research/data/raw/reference/utau-samples/新井里美/単独音/す.wav,す,,1,cv,44100,1,0.999909,true,true,
新井里美,みつこ,単独音,すぁ.wav,research/data/raw/reference/utau-samples/新井里美/単独音/すぁ.wav,すぁ,,1,cv,44100,1,1.062404,true,true,
新井里美,みつこ,単独音,すぃ.wav,research/data/raw/reference/utau-samples/新井里美/単独音/すぃ.wav,すぃ,,1,cv,44100,1,0.999909,true,true,
新井里美,みつこ,単独音,すぇ.wav,research/data/raw/reference/utau-samples/新井里美/単独音/すぇ.wav,すぇ,,1,cv,44100,1,0.999909,true,true,
新井里美,みつこ,単独音,すぉ.wav,research/data/raw/reference/utau-samples/新井里美/単独音/すぉ.wav,すぉ,,1,cv,44100,1,1.062404,true,true,
新井里美,みつこ,単独音,ず.wav,research/data/raw/reference/utau-samples/新井里美/単独音/ず.wav,ず,,0,cv,44100,1,0.999909,true,true,
新井里美,みつこ,単独音,ずぁ.wav,research/data/raw/reference/utau-samples/新井里美/単独音/ずぁ.wav,ずぁ,,0,cv,44100,1,0.999909,true,true,
新井里美,みつこ,単独音,ずぃ.wav,research/data/raw/reference/utau-samples/新井里美/単独音/ずぃ.wav,ずぃ,,0,cv,44100,1,1.062404,true,true,
新井里美,みつこ,単独音,ずぇ.wav,research/data/raw/reference/utau-samples/新井里美/単独音/ずぇ.wav,ずぇ,,0,cv,44100,1,1.062404,true,true,
新井里美,みつこ,単独音,ずぉ.wav,research/data/raw/reference/utau-samples/新井里美/単独音/ずぉ.wav,ずぉ,,0,cv,44100,1,1.062404,true,true,
新井里美,みつこ,単独音,せ.wav,research/data/raw/reference/utau-samples/新井里美/単独音/せ.wav,せ,,1,cv,44100,1,0.999909,true,true,
新井里美,みつこ,単独音,ぜ.wav,research/data/raw/reference/utau-samples/新井里美/単独音/ぜ.wav,ぜ,,0,cv,44100,1,1.062404,true,true,
新井里美,みつこ,単独音,そ.wav,research/data/raw/reference/utau-samples/新井里美/単独音/そ.wav,そ,,1,cv,44100,1,1.062404,true,true,
新井里美,みつこ,単独音,ぞ.wav,research/data/raw/reference/utau-samples/新井里美/単独音/ぞ.wav,ぞ,,0,cv,44100,1,0.999909,true,true,
新井里美,みつこ,単独音,た.wav,research/data/raw/reference/utau-samples/新井里美/単独音/た.wav,た,,1,cv,44100,1,0.999909,true,true,
新井里美,みつこ,単独音,だ.wav,research/data/raw/reference/utau-samples/新井里美/単独音/だ.wav,だ,,0,cv,44100,1,0.999909,true,true,
新井里美,みつこ,単独音,ち.wav,research/data/raw/reference/utau-samples/新井里美/単独音/ち.wav,ち,,1,cv,44100,1,1.062404,true,true,
新井里美,みつこ,単独音,ちぇ.wav,research/data/raw/reference/utau-samples/新井里美/単独音/ちぇ.wav,ちぇ,,1,cv,44100,1,1.062404,true,true,
新井里美,みつこ,単独音,ちゃ.wav,research/data/raw/reference/utau-samples/新井里美/単独音/ちゃ.wav,ちゃ,,1,cv,44100,1,0.999909,true,true,
新井里美,みつこ,単独音,ちゅ.wav,research/data/raw/reference/utau-samples/新井里美/単独音/ちゅ.wav,ちゅ,,1,cv,44100,1,0.999909,true,true,
新井里美,みつこ,単独音,ちょ.wav,research/data/raw/reference/utau-samples/新井里美/単独音/ちょ.wav,ちょ,,1,cv,44100,1,0.999909,true,true,
新井里美,みつこ,単独音,つ.wav,research/data/raw/reference/utau-samples/新井里美/単独音/つ.wav,つ,,1,cv,44100,1,1.062404,true,true,
新井里美,みつこ,単独音,つぁ.wav,research/data/raw/reference/utau-samples/新井里美/単独音/つぁ.wav,つぁ,,1,cv,44100,1,1.062404,true,true,
新井里美,みつこ,単独音,つぃ.wav,research/data/raw/reference/utau-samples/新井里美/単独音/つぃ.wav,つぃ,,1,cv,44100,1,0.999909,true,true,
新井里美,みつこ,単独音,つぇ.wav,research/data/raw/reference/utau-samples/新井里美/単独音/つぇ.wav,つぇ,,1,cv,44100,1,1.062404,true,true,
新井里美,みつこ,単独音,つぉ.wav,research/data/raw/reference/utau-samples/新井里美/単独音/つぉ.wav,つぉ,,1,cv,44100,1,0.999909,true,true,
新井里美,みつこ,単独音,て.wav,research/data/raw/reference/utau-samples/新井里美/単独音/て.wav,て,,1,cv,44100,1,0.999909,true,true,
新井里美,みつこ,単独音,てぃ.wav,research/data/raw/reference/utau-samples/新井里美/単独音/てぃ.wav,てぃ,,1,cv,44100,1,0.999909,true,true,
新井里美,みつこ,単独音,てゅ.wav,research/data/raw/reference/utau-samples/新井里美/単独音/てゅ.wav,てゅ,,1,cv,44100,1,0.999909,true,true,
新井里美,みつこ,単独音,で.wav,research/data/raw/reference/utau-samples/新井里美/単独音/で.wav,で,,0,cv,44100,1,1.062404,true,true,
新井里美,みつこ,単独音,でぃ.wav,research/data/raw/reference/utau-samples/新井里美/単独音/でぃ.wav,でぃ,,0,cv,44100,1,1.062404,true,true,
新井里美,みつこ,単独音,でゅ.wav,research/data/raw/reference/utau-samples/新井里美/単独音/でゅ.wav,でゅ,,0,cv,44100,1,0.999909,true,true,
新井里美,みつこ,単独音,と.wav,research/data/raw/reference/utau-samples/新井里美/単独音/と.wav,と,,1,cv,44100,1,0.999909,true,true,
新井里美,みつこ,単独音,とぅ.wav,research/data/raw/reference/utau-samples/新井里美/単独音/とぅ.wav,とぅ,,1,cv,44100,1,0.999909,true,true,
新井里美,みつこ,単独音,ど.wav,research/data/raw/reference/utau-samples/新井里美/単独音/ど.wav,ど,,0,cv,44100,1,0.999909,true,true,
新井里美,みつこ,単独音,どぅ.wav,research/data/raw/reference/utau-samples/新井里美/単独音/どぅ.wav,どぅ,,0,cv,44100,1,1.062404,true,true,
新井里美,みつこ,単独音,な.wav,research/data/raw/reference/utau-samples/新井里美/単独音/な.wav,な,,1,cv,44100,1,0.999909,true,true,
新井里美,みつこ,単独音,に.wav,research/data/raw/reference/utau-samples/新井里美/単独音/に.wav,に,,1,cv,44100,1,1.062404,true,true,
新井里美,みつこ,単独音,にぇ.wav,research/data/raw/reference/utau-samples/新井里美/単独音/にぇ.wav,にぇ,,1,cv,44100,1,1.062404,true,true,
新井里美,みつこ,単独音,にゃ.wav,research/data/raw/reference/utau-samples/新井里美/単独音/にゃ.wav,にゃ,,1,cv,44100,1,0.999909,true,true,
新井里美,みつこ,単独音,にゅ.wav,research/data/raw/reference/utau-samples/新井里美/単独音/にゅ.wav,にゅ,,1,cv,44100,1,0.999909,true,true,
新井里美,みつこ,単独音,にょ.wav,research/data/raw/reference/utau-samples/新井里美/単独音/にょ.wav,にょ,,1,cv,44100,1,0.999909,true,true,
新井里美,みつこ,単独音,ぬ.wav,research/data/raw/reference/utau-samples/新井里美/単独音/ぬ.wav,ぬ,,1,cv,44100,1,1.062404,true,true,
新井里美,みつこ,単独音,ね.wav,research/data/raw/reference/utau-samples/新井里美/単独音/ね.wav,ね,,1,cv,44100,1,0.999909,true,true,
新井里美,みつこ,単独音,の.wav,research/data/raw/reference/utau-samples/新井里美/単独音/の.wav,の,,1,cv,44100,1,0.999909,true,true,
新井里美,みつこ,単独音,は.wav,research/data/raw/reference/utau-samples/新井里美/単独音/は.wav,は,,1,cv,44100,1,1.062404,true,true,
新井里美,みつこ,単独音,ば.wav,research/data/raw/reference/utau-samples/新井里美/単独音/ば.wav,ば,,0,cv,44100,1,0.999909,true,true,
新井里美,みつこ,単独音,ぱ.wav,research/data/raw/reference/utau-samples/新井里美/単独音/ぱ.wav,ぱ,,0,cv,44100,1,1.062404,true,true,
新井里美,みつこ,単独音,ひ.wav,research/data/raw/reference/utau-samples/新井里美/単独音/ひ.wav,ひ,,1,cv,44100,1,1.062404,true,true,
新井里美,みつこ,単独音,ひぇ.wav,research/data/raw/reference/utau-samples/新井里美/単独音/ひぇ.wav,ひぇ,,1,cv,44100,1,0.999909,true,true,
新井里美,みつこ,単独音,ひゃ.wav,research/data/raw/reference/utau-samples/新井里美/単独音/ひゃ.wav,ひゃ,,1,cv,44100,1,0.999909,true,true,
新井里美,みつこ,単独音,ひゅ.wav,research/data/raw/reference/utau-samples/新井里美/単独音/ひゅ.wav,ひゅ,,1,cv,44100,1,1.062404,true,true,
新井里美,みつこ,単独音,ひょ.wav,research/data/raw/reference/utau-samples/新井里美/単独音/ひょ.wav,ひょ,,1,cv,44100,1,0.999909,true,true,
新井里美,みつこ,単独音,び.wav,research/data/raw/reference/utau-samples/新井里美/単独音/び.wav,び,,0,cv,44100,1,0.999909,true,true,
新井里美,みつこ,単独音,びぇ.wav,research/data/raw/reference/utau-samples/新井里美/単独音/びぇ.wav,びぇ,,0,cv,44100,1,0.999909,true,true,
新井里美,みつこ,単独音,びゃ.wav,research/data/raw/reference/utau-samples/新井里美/単独音/びゃ.wav,びゃ,,0,cv,44100,1,1.062404,true,true,
新井里美,みつこ,単独音,びゅ.wav,research/data/raw/reference/utau-samples/新井里美/単独音/びゅ.wav,びゅ,,0,cv,44100,1,0.999909,true,true,
新井里美,みつこ,単独音,びょ.wav,research/data/raw/reference/utau-samples/新井里美/単独音/びょ.wav,びょ,,0,cv,44100,1,1.062404,true,true,
新井里美,みつこ,単独音,ぴ.wav,research/data/raw/reference/utau-samples/新井里美/単独音/ぴ.wav,ぴ,,0,cv,44100,1,1.062404,true,true,
新井里美,みつこ,単独音,ぴぇ.wav,research/data/raw/reference/utau-samples/新井里美/単独音/ぴぇ.wav,ぴぇ,,0,cv,44100,1,1.062404,true,true,
新井里美,みつこ,単独音,ぴゃ.wav,research/data/raw/reference/utau-samples/新井里美/単独音/ぴゃ.wav,ぴゃ,,0,cv,44100,1,0.999909,true,true,
新井里美,みつこ,単独音,ぴゅ.wav,research/data/raw/reference/utau-samples/新井里美/単独音/ぴゅ.wav,ぴゅ,,0,cv,44100,1,0.999909,true,true,
新井里美,みつこ,単独音,ぴょ.wav,research/data/raw/reference/utau-samples/新井里美/単独音/ぴょ.wav,ぴょ,,0,cv,44100,1,0.999909,true,true,
新井里美,みつこ,単独音,ふ.wav,research/data/raw/reference/utau-samples/新井里美/単独音/ふ.wav,ふ,,1,cv,44100,1,0.999909,true,true,
新井里美,みつこ,単独音,ふぁ.wav,research/data/raw/reference/utau-samples/新井里美/単独音/ふぁ.wav,ふぁ,,1,cv,44100,1,1.062404,true,true,
新井里美,みつこ,単独音,ふぃ.wav,research/data/raw/reference/utau-samples/新井里美/単独音/ふぃ.wav,ふぃ,,1,cv,44100,1,0.999909,true,true,
新井里美,みつこ,単独音,ふぇ.wav,research/data/raw/reference/utau-samples/新井里美/単独音/ふぇ.wav,ふぇ,,1,cv,44100,1,1.062404,true,true,
新井里美,みつこ,単独音,ふぉ.wav,research/data/raw/reference/utau-samples/新井里美/単独音/ふぉ.wav,ふぉ,,1,cv,44100,1,1.062404,true,true,
新井里美,みつこ,単独音,ぶ.wav,research/data/raw/reference/utau-samples/新井里美/単独音/ぶ.wav,ぶ,,0,cv,44100,1,1.062404,true,true,
新井里美,みつこ,単独音,ぶぁ.wav,research/data/raw/reference/utau-samples/新井里美/単独音/ぶぁ.wav,ぶぁ,,0,cv,44100,1,0.999909,true,true,
新井里美,みつこ,単独音,ぶぃ.wav,research/data/raw/reference/utau-samples/新井里美/単独音/ぶぃ.wav,ぶぃ,,0,cv,44100,1,0.999909,true,true,
新井里美,みつこ,単独音,ぶぇ.wav,research/data/raw/reference/utau-samples/新井里美/単独音/ぶぇ.wav,ぶぇ,,0,cv,44100,1,1.062404,true,true,
新井里美,みつこ,単独音,ぶぉ.wav,research/data/raw/reference/utau-samples/新井里美/単独音/ぶぉ.wav,ぶぉ,,0,cv,44100,1,1.062404,true,true,
新井里美,みつこ,単独音,ぷ.wav,research/data/raw/reference/utau-samples/新井里美/単独音/ぷ.wav,ぷ,,0,cv,44100,1,0.999909,true,true,
新井里美,みつこ,単独音,ぷぁ.wav,research/data/raw/reference/utau-samples/新井里美/単独音/ぷぁ.wav,ぷぁ,,0,cv,44100,1,0.999909,true,true,
新井里美,みつこ,単独音,ぷぃ.wav,research/data/raw/reference/utau-samples/新井里美/単独音/ぷぃ.wav,ぷぃ,,0,cv,44100,1,0.999909,true,true,
新井里美,みつこ,単独音,ぷぇ.wav,research/data/raw/reference/utau-samples/新井里美/単独音/ぷぇ.wav,ぷぇ,,0,cv,44100,1,1.062404,true,true,
新井里美,みつこ,単独音,ぷぉ.wav,research/data/raw/reference/utau-samples/新井里美/単独音/ぷぉ.wav,ぷぉ,,0,cv,44100,1,1.062404,true,true,
新井里美,みつこ,単独音,へ.wav,research/data/raw/reference/utau-samples/新井里美/単独音/へ.wav,へ,,1,cv,44100,1,0.999909,true,true,
新井里美,みつこ,単独音,べ.wav,research/data/raw/reference/utau-samples/新井里美/単独音/べ.wav,べ,,0,cv,44100,1,1.062404,true,true,
新井里美,みつこ,単独音,ぺ.wav,research/data/raw/reference/utau-samples/新井里美/単独音/ぺ.wav,ぺ,,0,cv,44100,1,0.999909,true,true,
新井里美,みつこ,単独音,ほ.wav,research/data/raw/reference/utau-samples/新井里美/単独音/ほ.wav,ほ,,1,cv,44100,1,1.062404,true,true,
新井里美,みつこ,単独音,ぼ.wav,research/data/raw/reference/utau-samples/新井里美/単独音/ぼ.wav,ぼ,,0,cv,44100,1,0.999909,true,true,
新井里美,みつこ,単独音,ぽ.wav,research/data/raw/reference/utau-samples/新井里美/単独音/ぽ.wav,ぽ,,0,cv,44100,1,0.999909,true,true,
新井里美,みつこ,単独音,ま.wav,research/data/raw/reference/utau-samples/新井里美/単独音/ま.wav,ま,,1,cv,44100,1,1.062404,true,true,
新井里美,みつこ,単独音,み.wav,research/data/raw/reference/utau-samples/新井里美/単独音/み.wav,み,,1,cv,44100,1,0.999909,true,true,
新井里美,みつこ,単独音,みぇ.wav,research/data/raw/reference/utau-samples/新井里美/単独音/みぇ.wav,みぇ,,1,cv,44100,1,0.999909,true,true,
新井里美,みつこ,単独音,みゃ.wav,research/data/raw/reference/utau-samples/新井里美/単独音/みゃ.wav,みゃ,,1,cv,44100,1,1.062404,true,true,
新井里美,みつこ,単独音,みゅ.wav,research/data/raw/reference/utau-samples/新井里美/単独音/みゅ.wav,みゅ,,1,cv,44100,1,1.062404,true,true,
新井里美,みつこ,単独音,みょ.wav,research/data/raw/reference/utau-samples/新井里美/単独音/みょ.wav,みょ,,1,cv,44100,1,0.999909,true,true,
新井里美,みつこ,単独音,む.wav,research/data/raw/reference/utau-samples/新井里美/単独音/む.wav,む,,1,cv,44100,1,1.062404,true,true,
新井里美,みつこ,単独音,め.wav,research/data/raw/reference/utau-samples/新井里美/単独音/め.wav,め,,1,cv,44100,1,1.062404,true,true,
新井里美,みつこ,単独音,も.wav,research/data/raw/reference/utau-samples/新井里美/単独音/も.wav,も,,1,cv,44100,1,0.999909,true,true,
新井里美,みつこ,単独音,や.wav,research/data/raw/reference/utau-samples/新井里美/単独音/や.wav,や,,1,cv,44100,1,0.999909,true,true,
新井里美,みつこ,単独音,ゆ.wav,research/data/raw/reference/utau-samples/新井里美/単独音/ゆ.wav,ゆ,,1,cv,44100,1,1.062404,true,true,
新井里美,みつこ,単独音,よ.wav,research/data/raw/reference/utau-samples/新井里美/単独音/よ.wav,よ,,1,cv,44100,1,1.062404,true,true,
新井里美,みつこ,単独音,ら.wav,research/data/raw/reference/utau-samples/新井里美/単独音/ら.wav,ら,,1,cv,44100,1,0.999909,true,true,
新井里美,みつこ,単独音,り.wav,research/data/raw/reference/utau-samples/新井里美/単独音/り.wav,り,,1,cv,44100,1,0.999909,true,true,
新井里美,みつこ,単独音,りぇ.wav,research/data/raw/reference/utau-samples/新井里美/単独音/りぇ.wav,りぇ,,1,cv,44100,1,0.999909,true,true,
新井里美,みつこ,単独音,りゃ.wav,research/data/raw/reference/utau-samples/新井里美/単独音/りゃ.wav,りゃ,,1,cv,44100,1,1.062404,true,true,
新井里美,みつこ,単独音,りゅ.wav,research/data/raw/reference/utau-samples/新井里美/単独音/りゅ.wav,りゅ,,1,cv,44100,1,1.062404,true,true,
新井里美,みつこ,単独音,りょ.wav,research/data/raw/reference/utau-samples/新井里美/単独音/りょ.wav,りょ,,1,cv,44100,1,0.999909,true,true,
新井里美,みつこ,単独音,る.wav,research/data/raw/reference/utau-samples/新井里美/単独音/る.wav,る,,1,cv,44100,1,1.062404,true,true,
新井里美,みつこ,単独音,れ.wav,research/data/raw/reference/utau-samples/新井里美/単独音/れ.wav,れ,,1,cv,44100,1,1.062404,true,true,
新井里美,みつこ,単独音,ろ.wav,research/data/raw/reference/utau-samples/新井里美/単独音/ろ.wav,ろ,,1,cv,44100,1,0.999909,true,true,
新井里美,みつこ,単独音,わ.wav,research/data/raw/reference/utau-samples/新井里美/単独音/わ.wav,わ,,1,cv,44100,1,0.999909,true,true,
新井里美,みつこ,単独音,を.wav,research/data/raw/reference/utau-samples/新井里美/単独音/を.wav,を,,1,cv,44100,1,1.062404,true,true,
新井里美,みつこ,単独音,ん.wav,research/data/raw/reference/utau-samples/新井里美/単独音/ん.wav,ん,,1,cv,44100,1,1.062404,true,true,
新井里美,みつこ,単独音,ヴ.wav,research/data/raw/reference/utau-samples/新井里美/単独音/ヴ.wav,ヴ,,0,cv,44100,1,1.062404,true,true,
新井里美,みつこ,単独音,ヴぁ.wav,research/data/raw/reference/utau-samples/新井里美/単独音/ヴぁ.wav,ヴぁ,,0,cv,44100,1,0.999909,true,true,
新井里美,みつこ,単独音,ヴぃ.wav,research/data/raw/reference/utau-samples/新井里美/単独音/ヴぃ.wav,ヴぃ,,0,cv,44100,1,0.999909,true,true,
新井里美,みつこ,単独音,ヴぇ.wav,research/data/raw/reference/utau-samples/新井里美/単独音/ヴぇ.wav,ヴぇ,,0,cv,44100,1,1.062404,true,true,
新井里美,みつこ,単独音,ヴぉ.wav,research/data/raw/reference/utau-samples/新井里美/単独音/ヴぉ.wav,ヴぉ,,0,cv,44100,1,0.999909,true,true,
新井里美,みつこ,連続音,_ああいあうあ.wav,research/data/raw/reference/utau-samples/新井里美/連続音/_ああいあうあ.wav,_ああいあうあ,- あ,6,vcv,44100,1,4.249615,true,true,
新井里美,みつこ,連続音,_いいういえい.wav,research/data/raw/reference/utau-samples/新井里美/連続音/_いいういえい.wav,_いいういえい,- い,6,vcv,44100,1,4.187120,true,true,
新井里美,みつこ,連続音,_いいゆいよい.wav,research/data/raw/reference/utau-samples/新井里美/連続音/_いいゆいよい.wav,_いいゆいよい,i ゆ,3,vcv,44100,1,4.124626,true,true,
新井里美,みつこ,連続音,_いぇいぇいいぇゆいぇ.wav,research/data/raw/reference/utau-samples/新井里美/連続音/_いぇいぇいいぇゆいぇ.wav,_いぇいぇいいぇゆいぇ,- いぇ,5,vcv,44100,1,4.124626,true,true,
新井里美,みつこ,連続音,_うぃうぃううぃうぉうぃ.wav,research/data/raw/reference/utau-samples/新井里美/連続音/_うぃうぃううぃうぉうぃ.wav,_うぃうぃううぃうぉうぃ,- うぃ,5,vcv,44100,1,4.249615,true,true,
新井里美,みつこ,連続音,_うううぉうわう.wav,research/data/raw/reference/utau-samples/新井里美/連続音/_うううぉうわう.wav,_うううぉうわう,- う,5,vcv,44100,1,4.124626,true,true,
新井里美,みつこ,連続音,_ううえうおう.wav,research/data/raw/reference/utau-samples/新井里美/連続音/_ううえうおう.wav,_ううえうおう,u え,4,vcv,44100,1,4.187120,true,true,
新井里美,みつこ,連続音,_うぇうぇうぃうぇううぇ.wav,research/data/raw/reference/utau-samples/新井里美/連続音/_うぇうぇうぃうぇううぇ.wav,_うぇうぇうぃうぇううぇ,- うぇ,5,vcv,44100,1,4.124626,true,true,
新井里美,みつこ,連続音,_うぉうぉわうぉうぇうぉ.wav,research/data/raw/reference/utau-samples/新井里美/連続音/_うぉうぉわうぉうぇうぉ.wav,_うぉうぉわうぉうぇうぉ,- うぉ,6,vcv,44100,1,4.124626,true,true,
新井里美,みつこ,連続音,_ええおえあえ.wav,research/data/raw/reference/utau-samples/新井里美/連続音/_ええおえあえ.wav,_ええおえあえ,- え,7,vcv,44100,1,4.249615,true,true,
新井里美,みつこ,連続音,_おおあおいお.wav,research/data/raw/reference/utau-samples/新井里美/連続音/_おおあおいお.wav,_おおあおいお,- お,9,vcv,44100,1,4.249615,true,true,
新井里美,みつこ,連続音,_かかけかきか.wav,research/data/raw/reference/utau-samples/新井里美/連続音/_かかけかきか.wav,_かかけかきか,- か,6,vcv,44100,1,4.249615,true,true,
新井里美,みつこ,連続音,_ががげがぎが.wav,research/data/raw/reference/utau-samples/新井里美/連続音/_ががげがぎが.wav,_ががげがぎが,,0,vcv,44100,1,4.249615,true,true,
新井里美,みつこ,連続音,_きぇきぇききぇきゅきぇ.wav,research/data/raw/reference/utau-samples/新井里美/連続音/_きぇきぇききぇきゅきぇ.wav,_きぇきぇききぇきゅきぇ,- きぇ,6,vcv,44100,1,4.249615,true,true,
新井里美,みつこ,連続音,_きききゅききょき.wav,research/data/raw/reference/utau-samples/新井里美/連続音/_きききゅききょき.wav,_きききゅききょき,- き,6,vcv,44100,1,4.187120,true,true,
新井里美,みつこ,連続音,_ききくきこき.wav,research/data/raw/reference/utau-samples/新井里美/連続音/_ききくきこき.wav,_ききくきこき,i く,2,vcv,44100,1,4.249615,true,true,
新井里美,みつこ,連続音,_きゃきゃきぇきゃききゃ.wav,research/data/raw/reference/utau-samples/新井里美/連続音/_きゃきゃきぇきゃききゃ.wav,_きゃきゃきぇきゃききゃ,- きゃ,5,vcv,44100,1,4.187120,true,true,
新井里美,みつこ,連続音,_きゅきゅきょきゅきゃきゅ.wav,research/data/raw/reference/utau-samples/新井里美/連続音/_きゅきゅきょきゅきゃきゅ.wav,_きゅきゅきょきゅきゃきゅ,- きゅ,6,vcv,44100,1,4.124626,true,true,
新井里美,みつこ,連続音,_きょきょきゃきょきぇきょ.wav,research/data/raw/reference/utau-samples/新井里美/連続音/_きょきょきゃきょきぇきょ.wav,_きょきょきゃきょきぇきょ,- きょ,6,vcv,44100,1,4.124626,true,true,
新井里美,みつこ,連続音,_ぎぇぎぇぎぎぇぎゅぎぇ.wav,research/data/raw/reference/utau-samples/新井里美/連続音/_ぎぇぎぇぎぎぇぎゅぎぇ.wav,_ぎぇぎぇぎぎぇぎゅぎぇ,,0,vcv,44100,1,4.187120,true,true,
新井里美,みつこ,連続音,_ぎぎぎゅぎぎょぎ.wav,research/data/raw/reference/utau-samples/新井里美/連続音/_ぎぎぎゅぎぎょぎ.wav,_ぎぎぎゅぎぎょぎ,,0,vcv,44100,1,4.187120,true,true,
新井里美,みつこ,連続音,_ぎぎぐぎごぎ.wav,research/data/raw/reference/utau-samples/新井里美/連続音/_ぎぎぐぎごぎ.wav,_ぎぎぐぎごぎ,,0,vcv,44100,1,4.249615,true,true,
新井里美,みつこ,連続音,_ぎゃぎゃぎぇぎゃぎぎゃ.wav,research/data/raw/reference/utau-samples/新井里美/連続音/_ぎゃぎゃぎぇぎゃぎぎゃ.wav,_ぎゃぎゃぎぇぎゃぎぎゃ,,0,vcv,44100,1,4.187120,true,true,
新井里美,みつこ,連続音,_ぎゅぎゅぎょぎゅぎゃぎゅ.wav,research/data/raw/reference/utau-samples/新井里美/連続音/_ぎゅぎゅぎょぎゅぎゃぎゅ.wav,_ぎゅぎゅぎょぎゅぎゃぎゅ,,0,vcv,44100,1,4.187120,true,true,
新井里美,みつこ,連続音,_ぎょぎょぎゃぎょぎぇぎょ.wav,research/data/raw/reference/utau-samples/新井里美/連続音/_ぎょぎょぎゃぎょぎぇぎょ.wav,_ぎょぎょぎゃぎょぎぇぎょ,,0,vcv,44100,1,4.124626,true,true,
新井里美,みつこ,連続音,_くくこくかく.wav,research/data/raw/reference/utau-samples/新井里美/連続音/_くくこくかく.wav,_くくこくかく,- く,6,vcv,44100,1,4.249615,true,true,
新井里美,みつこ,連続音,_ぐぐごぐがぐ.wav,research/data/raw/reference/utau-samples/新井里美/連続音/_ぐぐごぐがぐ.wav,_ぐぐごぐがぐ,,0,vcv,44100,1,4.124626,true,true,
新井里美,みつこ,連続音,_けけきけくけ.wav,research/data/raw/reference/utau-samples/新井里美/連続音/_けけきけくけ.wav,_けけきけくけ,- け,5,vcv,44100,1,4.124626,true,true,
新井里美,みつこ,連続音,_げげぎげぐげ.wav,research/data/raw/reference/utau-samples/新井里美/連続音/_げげぎげぐげ.wav,_げげぎげぐげ,,0,vcv,44100,1,4.124626,true,true,
新井里美,みつこ,連続音,_ここかこけこ.wav,research/data/raw/reference/utau-samples/新井里美/連続音/_ここかこけこ.wav,_ここかこけこ,- こ,6,vcv,44100,1,4.124626,true,true,
新井里美,みつこ,連続音,_ごごがごげご.wav,research/data/raw/reference/utau-samples/新井里美/連続音/_ごごがごげご.wav,_ごごがごげご,,0,vcv,44100,1,4.249615,true,true,
新井里美,みつこ,連続音,_ささせさすぃさ.wav,research/data/raw/reference/utau-samples/新井里美/連続音/_ささせさすぃさ.wav,_ささせさすぃさ,- さ,6,vcv,44100,1,4.187120,true,true,
新井里美,みつこ,連続音,_ざざぜざずぃざ.wav,research/data/raw/reference/utau-samples/新井里美/連続音/_ざざぜざずぃざ.wav,_ざざぜざずぃざ,,0,vcv,44100,1,4.249615,true,true,
新井里美,みつこ,連続音,_しぇしぇししぇしゅしぇ.wav,research/data/raw/reference/utau-samples/新井里美/連続音/_しぇしぇししぇしゅしぇ.wav,_しぇしぇししぇしゅしぇ,- しぇ,6,vcv,44100,1,4.187120,true,true,
新井里美,みつこ,連続音,_しししゅししょし.wav,research/data/raw/reference/utau-samples/新井里美/連続音/_しししゅししょし.wav,_しししゅししょし,- し,6,vcv,44100,1,4.124626,true,true,
新井里美,みつこ,連続音,_しゃしゃしぇしゃししゃ.wav,research/data/raw/reference/utau-samples/新井里美/連続音/_しゃしゃしぇしゃししゃ.wav,_しゃしゃしぇしゃししゃ,- しゃ,6,vcv,44100,1,4.124626,true,true,
新井里美,みつこ,連続音,_しゅしゅしょしゅしゃしゅ.wav,research/data/raw/reference/utau-samples/新井里美/連続音/_しゅしゅしょしゅしゃしゅ.wav,_しゅしゅしょしゅしゃしゅ,- しゅ,6,vcv,44100,1,4.124626,true,true,
新井里美,みつこ,連続音,_しょしょしゃしょしぇしょ.wav,research/data/raw/reference/utau-samples/新井里美/連続音/_しょしょしゃしょしぇしょ.wav,_しょしょしゃしょしぇしょ,- しょ,6,vcv,44100,1,4.249615,true,true,
新井里美,みつこ,連続音,_じぇじぇじじぇじゅじぇ.wav,research/data/raw/reference/utau-samples/新井里美/連続音/_じぇじぇじじぇじゅじぇ.wav,_じぇじぇじじぇじゅじぇ,,0,vcv,44100,1,4.124626,true,true,
新井里美,みつこ,連続音,_じじじゅじじょじ.wav,research/data/raw/reference/utau-samples/新井里美/連続音/_じじじゅじじょじ.wav,_じじじゅじじょじ,,0,vcv,44100,1,4.124626,true,true,
新井里美,みつこ,連続音,_じゃじゃじぇじゃじじゃ.wav,research/data/raw/reference/utau-samples/新井里美/連続音/_じゃじゃじぇじゃじじゃ.wav,_じゃじゃじぇじゃじじゃ,,0,vcv,44100,1,4.249615,true,true,
新井里美,みつこ,連続音,_じゅじゅじょじゅじゃじゅ.wav,research/data/raw/reference/utau-samples/新井里美/連続音/_じゅじゅじょじゅじゃじゅ.wav,_じゅじゅじょじゅじゃじゅ,,0,vcv,44100,1,4.249615,true,true,
新井里美,みつこ,連続音,_じょじょじゃじょじぇじょ.wav,research/data/raw/reference/utau-samples/新井里美/連続音/_じょじょじゃじょじぇじょ.wav,_じょじょじゃじょじぇじょ,,0,vcv,44100,1,4.124626,true,true,
新井里美,みつこ,連続音,_すぃすぃすすぃそすぃ.wav,research/data/raw/reference/utau-samples/新井里美/連続音/_すぃすぃすすぃそすぃ.wav,_すぃすぃすすぃそすぃ,- すぃ,6,vcv,44100,1,4.124626,true,true,
新井里美,みつこ,連続音,_すすそすさす.wav,research/data/raw/reference/utau-samples/新井里美/連続音/_すすそすさす.wav,_すすそすさす,- す,6,vcv,44100,1,4.249615,true,true,
新井里美,みつこ,連続音,_ずぃずぃずずぃぞずぃ.wav,research/data/raw/reference/utau-samples/新井里美/連続音/_ずぃずぃずずぃぞずぃ.wav,_ずぃずぃずずぃぞずぃ,,0,vcv,44100,1,4.124626,true,true,
新井里美,みつこ,連続音,_ずずぞずざず.wav,research/data/raw/reference/utau-samples/新井里美/連続音/_ずずぞずざず.wav,_ずずぞずざず,,0,vcv,44100,1,4.249615,true,true,
新井里美,みつこ,連続音,_せせすぃせすせ.wav,research/data/raw/reference/utau-samples/新井里美/連続音/_せせすぃせすせ.wav,_せせすぃせすせ,- せ,6,vcv,44100,1,4.249615,true,true,
新井里美,みつこ,連続音,_ぜぜずぃぜずぜ.wav,research/data/raw/reference/utau-samples/新井里美/連続音/_ぜぜずぃぜずぜ.wav,_ぜぜずぃぜずぜ,,0,vcv,44100,1,4.249615,true,true,
新井里美,みつこ,連続音,_そそさそせそ.wav,research/data/raw/reference/utau-samples/新井里美/連続音/_そそさそせそ.wav,_そそさそせそ,- そ,6,vcv,44100,1,4.249615,true,true,
新井里美,みつこ,連続音,_ぞぞざぞぜぞ.wav,research/data/raw/reference/utau-samples/新井里美/連続音/_ぞぞざぞぜぞ.wav,_ぞぞざぞぜぞ,,0,vcv,44100,1,4.249615,true,true,
新井里美,みつこ,連続音,_たたてたてぃた.wav,research/data/raw/reference/utau-samples/新井里美/連続音/_たたてたてぃた.wav,_たたてたてぃた,- た,6,vcv,44100,1,4.249615,true,true,
新井里美,みつこ,連続音,_だだでだでぃだ.wav,research/data/raw/reference/utau-samples/新井里美/連続音/_だだでだでぃだ.wav,_だだでだでぃだ,,0,vcv,44100,1,4.249615,true,true,
新井里美,みつこ,連続音,_ちぇちぇちちぇちゅちぇ.wav,research/data/raw/reference/utau-samples/新井里美/連続音/_ちぇちぇちちぇちゅちぇ.wav,_ちぇちぇちちぇちゅちぇ,- ちぇ,6,vcv,44100,1,4.187120,true,true,
新井里美,みつこ,連続音,_ちちちゅちちょち.wav,research/data/raw/reference/utau-samples/新井里美/連続音/_ちちちゅちちょち.wav,_ちちちゅちちょち,- ち,6,vcv,44100,1,4.187120,true,true,
新井里美,みつこ,連続音,_ちゃちゃちぇちゃちちゃ.wav,research/data/raw/reference/utau-samples/新井里美/連続音/_ちゃちゃちぇちゃちちゃ.wav,_ちゃちゃちぇちゃちちゃ,- ちゃ,6,vcv,44100,1,4.249615,true,true,
新井里美,みつこ,連続音,_ちゅちゅちょちゅちゃちゅ.wav,research/data/raw/reference/utau-samples/新井里美/連続音/_ちゅちゅちょちゅちゃちゅ.wav,_ちゅちゅちょちゅちゃちゅ,- ちゅ,6,vcv,44100,1,4.187120,true,true,
新井里美,みつこ,連続音,_ちょちょちゃちょちぇちょ.wav,research/data/raw/reference/utau-samples/新井里美/連続音/_ちょちょちゃちょちぇちょ.wav,_ちょちょちゃちょちぇちょ,- ちょ,6,vcv,44100,1,4.124626,true,true,
新井里美,みつこ,連続音,_つぁつぁつぇつぁつぃつぁ.wav,research/data/raw/reference/utau-samples/新井里美/連続音/_つぁつぁつぇつぁつぃつぁ.wav,_つぁつぁつぇつぁつぃつぁ,- つぁ,6,vcv,44100,1,4.249615,true,true,
新井里美,みつこ,連続音,_つぃつぃつつぃつぉつぃ.wav,research/data/raw/reference/utau-samples/新井里美/連続音/_つぃつぃつつぃつぉつぃ.wav,_つぃつぃつつぃつぉつぃ,- つぃ,6,vcv,44100,1,4.124626,true,true,
新井里美,みつこ,連続音,_つぇつぇつぃつぇつつぇ.wav,research/data/raw/reference/utau-samples/新井里美/連続音/_つぇつぇつぃつぇつつぇ.wav,_つぇつぇつぃつぇつつぇ,- つぇ,6,vcv,44100,1,4.187120,true,true,
新井里美,みつこ,連続音,_つぉつぉつぁつぉつぇつぉ.wav,research/data/raw/reference/utau-samples/新井里美/連続音/_つぉつぉつぁつぉつぇつぉ.wav,_つぉつぉつぁつぉつぇつぉ,- つぉ,6,vcv,44100,1,4.249615,true,true,
新井里美,みつこ,連続音,_つつつぉつつぁつ.wav,research/data/raw/reference/utau-samples/新井里美/連続音/_つつつぉつつぁつ.wav,_つつつぉつつぁつ,- つ,6,vcv,44100,1,4.249615,true,true,
新井里美,みつこ,連続音,_てぃてぃとぅてぃとてぃ.wav,research/data/raw/reference/utau-samples/新井里美/連続音/_てぃてぃとぅてぃとてぃ.wav,_てぃてぃとぅてぃとてぃ,- てぃ,6,vcv,44100,1,4.124626,true,true,
新井里美,みつこ,連続音,_てててぃてとぅて.wav,research/data/raw/reference/utau-samples/新井里美/連続音/_てててぃてとぅて.wav,_てててぃてとぅて,- て,6,vcv,44100,1,4.249615,true,true,
新井里美,みつこ,連続音,_でぃでぃどぅでぃどでぃ.wav,research/data/raw/reference/utau-samples/新井里美/連続音/_でぃでぃどぅでぃどでぃ.wav,_でぃでぃどぅでぃどでぃ,,0,vcv,44100,1,4.249615,true,true,
新井里美,みつこ,連続音,_でででぃでどぅで.wav,research/data/raw/reference/utau-samples/新井里美/連続音/_でででぃでどぅで.wav,_でででぃでどぅで,,0,vcv,44100,1,4.124626,true,true,
新井里美,みつこ,連続音,_とぅとぅととぅたとぅ.wav,research/data/raw/reference/utau-samples/新井里美/連続音/_とぅとぅととぅたとぅ.wav,_とぅとぅととぅたとぅ,- とぅ,6,vcv,44100,1,4.249615,true,true,
新井里美,みつこ,連続音,_ととたとてと.wav,research/data/raw/reference/utau-samples/新井里美/連続音/_ととたとてと.wav,_ととたとてと,- と,6,vcv,44100,1,4.187120,true,true,
新井里美,みつこ,連続音,_どぅどぅどどぅだどぅ.wav,research/data/raw/reference/utau-samples/新井里美/連続音/_どぅどぅどどぅだどぅ.wav,_どぅどぅどどぅだどぅ,,0,vcv,44100,1,4.124626,true,true,
新井里美,みつこ,連続音,_どどだどでど.wav,research/data/raw/reference/utau-samples/新井里美/連続音/_どどだどでど.wav,_どどだどでど,,0,vcv,44100,1,4.124626,true,true,
新井里美,みつこ,連続音,_ななねなにな.wav,research/data/raw/reference/utau-samples/新井里美/連続音/_ななねなにな.wav,_ななねなにな,- な,6,vcv,44100,1,4.249615,true,true,
新井里美,みつこ,連続音,_にぇにぇににぇにゅにぇ.wav,research/data/raw/reference/utau-samples/新井里美/連続音/_にぇにぇににぇにゅにぇ.wav,_にぇにぇににぇにゅにぇ,- にぇ,6,vcv,44100,1,4.187120,true,true,
新井里美,みつこ,連続音,_にににゅににょに.wav,research/data/raw/reference/utau-samples/新井里美/連続音/_にににゅににょに.wav,_にににゅににょに,- に,6,vcv,44100,1,4.249615,true,true,
新井里美,みつこ,連続音,_ににぬにのに.wav,research/data/raw/reference/utau-samples/新井里美/連続音/_ににぬにのに.wav,_ににぬにのに,i ぬ,2,vcv,44100,1,4.124626,true,true,
新井里美,みつこ,連続音,_にゃにゃにぇにゃににゃ.wav,research/data/raw/reference/utau-samples/新井里美/連続音/_にゃにゃにぇにゃににゃ.wav,_にゃにゃにぇにゃににゃ,- にゃ,5,vcv,44100,1,4.249615,true,true,
新井里美,みつこ,連続音,_にゅにゅにょにゅにゃにゅ.wav,research/data/raw/reference/utau-samples/新井里美/連続音/_にゅにゅにょにゅにゃにゅ.wav,_にゅにゅにょにゅにゃにゅ,- にゅ,6,vcv,44100,1,4.249615,true,true,
新井里美,みつこ,連続音,_にょにょにゃにょにぇにょ.wav,research/data/raw/reference/utau-samples/新井里美/連続音/_にょにょにゃにょにぇにょ.wav,_にょにょにゃにょにぇにょ,- にょ,6,vcv,44100,1,4.124626,true,true,
新井里美,みつこ,連続音,_ぬぬのぬなぬ.wav,research/data/raw/reference/utau-samples/新井里美/連続音/_ぬぬのぬなぬ.wav,_ぬぬのぬなぬ,- ぬ,6,vcv,44100,1,4.249615,true,true,
新井里美,みつこ,連続音,_ねねにねぬね.wav,research/data/raw/reference/utau-samples/新井里美/連続音/_ねねにねぬね.wav,_ねねにねぬね,- ね,5,vcv,44100,1,4.124626,true,true,
新井里美,みつこ,連続音,_ののなのねの.wav,research/data/raw/reference/utau-samples/新井里美/連続音/_ののなのねの.wav,_ののなのねの,- の,6,vcv,44100,1,4.249615,true,true,
新井里美,みつこ,連続音,_ははへはひは.wav,research/data/raw/reference/utau-samples/新井里美/連続音/_ははへはひは.wav,_ははへはひは,- は,6,vcv,44100,1,4.249615,true,true,
新井里美,みつこ,連続音,_ばばべばびば.wav,research/data/raw/reference/utau-samples/新井里美/連続音/_ばばべばびば.wav,_ばばべばびば,,0,vcv,44100,1,4.249615,true,true,
新井里美,みつこ,連続音,_ぱぱぺぱぴぱ.wav,research/data/raw/reference/utau-samples/新井里美/連続音/_ぱぱぺぱぴぱ.wav,_ぱぱぺぱぴぱ,,0,vcv,44100,1,4.249615,true,true,
新井里美,みつこ,連続音,_ひぇひぇひひぇひゅひぇ.wav,research/data/raw/reference/utau-samples/新井里美/連続音/_ひぇひぇひひぇひゅひぇ.wav,_ひぇひぇひひぇひゅひぇ,- ひぇ,6,vcv,44100,1,4.124626,true,true,
新井里美,みつこ,連続音,_ひひひゅひひょひ.wav,research/data/raw/reference/utau-samples/新井里美/連続音/_ひひひゅひひょひ.wav,_ひひひゅひひょひ,- ひ,6,vcv,44100,1,4.124626,true,true,
新井里美,みつこ,連続音,_ひひふひほひ.wav,research/data/raw/reference/utau-samples/新井里美/連続音/_ひひふひほひ.wav,_ひひふひほひ,i ふ,2,vcv,44100,1,4.187120,true,true,
新井里美,みつこ,連続音,_ひゃひゃひぇひゃひひゃ.wav,research/data/raw/reference/utau-samples/新井里美/連続音/_ひゃひゃひぇひゃひひゃ.wav,_ひゃひゃひぇひゃひひゃ,- ひゃ,5,vcv,44100,1,4.249615,true,true,
新井里美,みつこ,連続音,_ひゅひゅひょひゅひゃひゅ.wav,research/data/raw/reference/utau-samples/新井里美/連続音/_ひゅひゅひょひゅひゃひゅ.wav,_ひゅひゅひょひゅひゃひゅ,- ひゅ,6,vcv,44100,1,4.249615,true,true,
新井里美,みつこ,連続音,_ひょひょひゃひょひぇひょ.wav,research/data/raw/reference/utau-samples/新井里美/連続音/_ひょひょひゃひょひぇひょ.wav,_ひょひょひゃひょひぇひょ,- ひょ,6,vcv,44100,1,4.187120,true,true,
新井里美,みつこ,連続音,_びぇびぇびびぇびゅびぇ.wav,research/data/raw/reference/utau-samples/新井里美/連続音/_びぇびぇびびぇびゅびぇ.wav,_びぇびぇびびぇびゅびぇ,,0,vcv,44100,1,4.124626,true,true,
新井里美,みつこ,連続音,_びびびゅびびょび.wav,research/data/raw/reference/utau-samples/新井里美/連続音/_びびびゅびびょび.wav,_びびびゅびびょび,,0,vcv,44100,1,4.249615,true,true,
新井里美,みつこ,連続音,_びびぶびぼび.wav,research/data/raw/reference/utau-samples/新井里美/連続音/_びびぶびぼび.wav,_びびぶびぼび,,0,vcv,44100,1,4.124626,true,true,
新井里美,みつこ,連続音,_びゃびゃびぇびゃびびゃ.wav,research/data/raw/reference/utau-samples/新井里美/連続音/_びゃびゃびぇびゃびびゃ.wav,_びゃびゃびぇびゃびびゃ,,0,vcv,44100,1,4.249615,true,true,
新井里美,みつこ,連続音,_びゅびゅびょびゅびゃびゅ.wav,research/data/raw/reference/utau-samples/新井里美/連続音/_びゅびゅびょびゅびゃびゅ.wav,_びゅびゅびょびゅびゃびゅ,,0,vcv,44100,1,4.249615,true,true,
新井里美,みつこ,連続音,_びょびょびゃびょびぇびょ.wav,research/data/raw/reference/utau-samples/新井里美/連続音/_びょびょびゃびょびぇびょ.wav,_びょびょびゃびょびぇびょ,,0,vcv,44100,1,4.249615,true,true,
新井里美,みつこ,連続音,_ぴぇぴぇぴぴぇぴゅぴぇ.wav,research/data/raw/reference/utau-samples/新井里美/連続音/_ぴぇぴぇぴぴぇぴゅぴぇ.wav,_ぴぇぴぇぴぴぇぴゅぴぇ,,0,vcv,44100,1,4.124626,true,true,
新井里美,みつこ,連続音,_ぴぴぴゅぴぴょぴ.wav,research/data/raw/reference/utau-samples/新井里美/連続音/_ぴぴぴゅぴぴょぴ.wav,_ぴぴぴゅぴぴょぴ,,0,vcv,44100,1,4.124626,true,true,
新井里美,みつこ,連続音,_ぴぴぷぴぽぴ.wav,research/data/raw/reference/utau-samples/新井里美/連続音/_ぴぴぷぴぽぴ.wav,_ぴぴぷぴぽぴ,,0,vcv,44100,1,4.124626,true,true,
新井里美,みつこ,連続音,_ぴゃぴゃぴぇぴゃぴぴゃ.wav,research/data/raw/reference/utau-samples/新井里美/連続音/_ぴゃぴゃぴぇぴゃぴぴゃ.wav,_ぴゃぴゃぴぇぴゃぴぴゃ,,0,vcv,44100,1,4.249615,true,true,
新井里美,みつこ,連続音,_ぴゅぴゅぴょぴゅぴゃぴゅ.wav,research/data/raw/reference/utau-samples/新井里美/連続音/_ぴゅぴゅぴょぴゅぴゃぴゅ.wav,_ぴゅぴゅぴょぴゅぴゃぴゅ,,0,vcv,44100,1,4.249615,true,true,
新井里美,みつこ,連続音,_ぴょぴょぴゃぴょぴぇぴょ.wav,research/data/raw/reference/utau-samples/新井里美/連続音/_ぴょぴょぴゃぴょぴぇぴょ.wav,_ぴょぴょぴゃぴょぴぇぴょ,,0,vcv,44100,1,4.249615,true,true,
新井里美,みつこ,連続音,_ふぁふぁふぇふぁふぃふぁ.wav,research/data/raw/reference/utau-samples/新井里美/連続音/_ふぁふぁふぇふぁふぃふぁ.wav,_ふぁふぁふぇふぁふぃふぁ,- ふぁ,6,vcv,44100,1,4.249615,true,true,
新井里美,みつこ,連続音,_ふぃふぃふふぃふぉふぃ.wav,research/data/raw/reference/utau-samples/新井里美/連続音/_ふぃふぃふふぃふぉふぃ.wav,_ふぃふぃふふぃふぉふぃ,- ふぃ,5,vcv,44100,1,4.124626,true,true,
新井里美,みつこ,連続音,_ふぇふぇふぃふぇふふぇ.wav,research/data/raw/reference/utau-samples/新井里美/連続音/_ふぇふぇふぃふぇふふぇ.wav,_ふぇふぇふぃふぇふふぇ,- ふぇ,6,vcv,44100,1,4.124626,true,true,
新井里美,みつこ,連続音,_ふぉふぉふぁふぉふぇふぉ.wav,research/data/raw/reference/utau-samples/新井里美/連続音/_ふぉふぉふぁふぉふぇふぉ.wav,_ふぉふぉふぁふぉふぇふぉ,- ふぉ,6,vcv,44100,1,4.249615,true,true,
新井里美,みつこ,連続音,_ふふふぉふふぁふ.wav,research/data/raw/reference/utau-samples/新井里美/連続音/_ふふふぉふふぁふ.wav,_ふふふぉふふぁふ,- ふ,6,vcv,44100,1,4.249615,true,true,
新井里美,みつこ,連続音,_ふふほふはふ.wav,research/data/raw/reference/utau-samples/新井里美/連続音/_ふふほふはふ.wav,_ふふほふはふ,u ほ,2,vcv,44100,1,4.249615,true,true,
新井里美,みつこ,連続音,_ぶぶぼぶばぶ.wav,research/data/raw/reference/utau-samples/新井里美/連続音/_ぶぶぼぶばぶ.wav,_ぶぶぼぶばぶ,,0,vcv,44100,1,4.249615,true,true,
新井里美,みつこ,連続音,_ぷぷぽぷぱぷ.wav,research/data/raw/reference/utau-samples/新井里美/連続音/_ぷぷぽぷぱぷ.wav,_ぷぷぽぷぱぷ,,0,vcv,44100,1,4.249615,true,true,
新井里美,みつこ,連続音,_へへひへふへ.wav,research/data/raw/reference/utau-samples/新井里美/連続音/_へへひへふへ.wav,_へへひへふへ,- へ,4,vcv,44100,1,4.124626,true,true,
新井里美,みつこ,連続音,_べべびべぶべ.wav,research/data/raw/reference/utau-samples/新井里美/連続音/_べべびべぶべ.wav,_べべびべぶべ,,0,vcv,44100,1,4.124626,true,true,
新井里美,みつこ,連続音,_ぺぺぴぺぷぺ.wav,research/data/raw/reference/utau-samples/新井里美/連続音/_ぺぺぴぺぷぺ.wav,_ぺぺぴぺぷぺ,,0,vcv,44100,1,4.187120,true,true,
新井里美,みつこ,連続音,_ほほはほへほ.wav,research/data/raw/reference/utau-samples/新井里美/連続音/_ほほはほへほ.wav,_ほほはほへほ,- ほ,6,vcv,44100,1,4.187120,true,true,
新井里美,みつこ,連続音,_ぼぼばぼべぼ.wav,research/data/raw/reference/utau-samples/新井里美/連続音/_ぼぼばぼべぼ.wav,_ぼぼばぼべぼ,,0,vcv,44100,1,4.187120,true,true,
新井里美,みつこ,連続音,_ぽぽぱぽぺぽ.wav,research/data/raw/reference/utau-samples/新井里美/連続音/_ぽぽぱぽぺぽ.wav,_ぽぽぱぽぺぽ,,0,vcv,44100,1,4.124626,true,true,
新井里美,みつこ,連続音,_ままめまみま.wav,research/data/raw/reference/utau-samples/新井里美/連続音/_ままめまみま.wav,_ままめまみま,- ま,6,vcv,44100,1,4.249615,true,true,
新井里美,みつこ,連続音,_みぇみぇみみぇみゅみぇ.wav,research/data/raw/reference/utau-samples/新井里美/連続音/_みぇみぇみみぇみゅみぇ.wav,_みぇみぇみみぇみゅみぇ,- みぇ,6,vcv,44100,1,4.124626,true,true,
新井里美,みつこ,連続音,_みみみゅみみょみ.wav,research/data/raw/reference/utau-samples/新井里美/連続音/_みみみゅみみょみ.wav,_みみみゅみみょみ,- み,6,vcv,44100,1,4.249615,true,true,
新井里美,みつこ,連続音,_みみむみもみ.wav,research/data/raw/reference/utau-samples/新井里美/連続音/_みみむみもみ.wav,_みみむみもみ,i む,2,vcv,44100,1,4.249615,true,true,
新井里美,みつこ,連続音,_みゃみゃみぇみゃみみゃ.wav,research/data/raw/reference/utau-samples/新井里美/連続音/_みゃみゃみぇみゃみみゃ.wav,_みゃみゃみぇみゃみみゃ,- みゃ,5,vcv,44100,1,4.187120,true,true,
新井里美,みつこ,連続音,_みゅみゅみょみゅみゃみゅ.wav,research/data/raw/reference/utau-samples/新井里美/連続音/_みゅみゅみょみゅみゃみゅ.wav,_みゅみゅみょみゅみゃみゅ,- みゅ,6,vcv,44100,1,4.249615,true,true,
新井里美,みつこ,連続音,_みょみょみゃみょみぇみょ.wav,research/data/raw/reference/utau-samples/新井里美/連続音/_みょみょみゃみょみぇみょ.wav,_みょみょみゃみょみぇみょ,- みょ,6,vcv,44100,1,4.124626,true,true,
新井里美,みつこ,連続音,_むむもむまむ.wav,research/data/raw/reference/utau-samples/新井里美/連続音/_むむもむまむ.wav,_むむもむまむ,- む,6,vcv,44100,1,4.124626,true,true,
新井里美,みつこ,連続音,_めめみめむめ.wav,research/data/raw/reference/utau-samples/新井里美/連続音/_めめみめむめ.wav,_めめみめむめ,- め,5,vcv,44100,1,4.124626,true,true,
新井里美,みつこ,連続音,_ももまもめも.wav,research/data/raw/reference/utau-samples/新井里美/連続音/_ももまもめも.wav,_ももまもめも,- も,6,vcv,44100,1,4.124626,true,true,
新井里美,みつこ,連続音,_ややいぇやいや.wav,research/data/raw/reference/utau-samples/新井里美/連続音/_ややいぇやいや.wav,_ややいぇやいや,- や,5,vcv,44100,1,4.249615,true,true,
新井里美,みつこ,連続音,_ゆゆよゆやゆ.wav,research/data/raw/reference/utau-samples/新井里美/連続音/_ゆゆよゆやゆ.wav,_ゆゆよゆやゆ,- ゆ,6,vcv,44100,1,4.249615,true,true,
新井里美,みつこ,連続音,_よよやよいぇよ.wav,research/data/raw/reference/utau-samples/新井里美/連続音/_よよやよいぇよ.wav,_よよやよいぇよ,- よ,6,vcv,44100,1,4.187120,true,true,
新井里美,みつこ,連続音,_らられらりら.wav,research/data/raw/reference/utau-samples/新井里美/連続音/_らられらりら.wav,_らられらりら,- ら,6,vcv,44100,1,4.124626,true,true,
新井里美,みつこ,連続音,_りぇりぇりりぇりゅりぇ.wav,research/data/raw/reference/utau-samples/新井里美/連続音/_りぇりぇりりぇりゅりぇ.wav,_りぇりぇりりぇりゅりぇ,- りぇ,6,vcv,44100,1,4.124626,true,true,
新井里美,みつこ,連続音,_りゃりゃりぇりゃりりゃ.wav,research/data/raw/reference/utau-samples/新井里美/連続音/_りゃりゃりぇりゃりりゃ.wav,_りゃりゃりぇりゃりりゃ,- りゃ,5,vcv,44100,1,4.249615,true,true,
新井里美,みつこ,連続音,_りゅりゅりょりゅりゃりゅ.wav,research/data/raw/reference/utau-samples/新井里美/連続音/_りゅりゅりょりゅりゃりゅ.wav,_りゅりゅりょりゅりゃりゅ,- りゅ,6,vcv,44100,1,4.187120,true,true,
新井里美,みつこ,連続音,_りょりょりゃりょりぇりょ.wav,research/data/raw/reference/utau-samples/新井里美/連続音/_りょりょりゃりょりぇりょ.wav,_りょりょりゃりょりぇりょ,- りょ,6,vcv,44100,1,4.249615,true,true,
新井里美,みつこ,連続音,_りりりゅりりょり.wav,research/data/raw/reference/utau-samples/新井里美/連続音/_りりりゅりりょり.wav,_りりりゅりりょり,- り,6,vcv,44100,1,4.187120,true,true,
新井里美,みつこ,連続音,_りりるりろり.wav,research/data/raw/reference/utau-samples/新井里美/連続音/_りりるりろり.wav,_りりるりろり,i る,2,vcv,44100,1,4.249615,true,true,
新井里美,みつこ,連続音,_るるろるらる.wav,research/data/raw/reference/utau-samples/新井里美/連続音/_るるろるらる.wav,_るるろるらる,- る,6,vcv,44100,1,4.124626,true,true,
新井里美,みつこ,連続音,_れれりれるれ.wav,research/data/raw/reference/utau-samples/新井里美/連続音/_れれりれるれ.wav,_れれりれるれ,- れ,5,vcv,44100,1,4.124626,true,true,
新井里美,みつこ,連続音,_ろろらろれろ.wav,research/data/raw/reference/utau-samples/新井里美/連続音/_ろろらろれろ.wav,_ろろらろれろ,- ろ,6,vcv,44100,1,4.124626,true,true,
新井里美,みつこ,連続音,_わわうぇわうぃわ.wav,research/data/raw/reference/utau-samples/新井里美/連続音/_わわうぇわうぃわ.wav,_わわうぇわうぃわ,- わ,6,vcv,44100,1,4.249615,true,true,
新井里美,みつこ,連続音,_んあんいんう.wav,research/data/raw/reference/utau-samples/新井里美/連続音/_んあんいんう.wav,_んあんいんう,- ん,6,vcv,44100,1,4.124626,true,true,
新井里美,みつこ,連続音,_んいんゆんよ.wav,research/data/raw/reference/utau-samples/新井里美/連続音/_んいんゆんよ.wav,_んいんゆんよ,n ゆ,3,vcv,44100,1,4.249615,true,true,
新井里美,みつこ,連続音,_んうぃんうんうぉ.wav,research/data/raw/reference/utau-samples/新井里美/連続音/_んうぃんうんうぉ.wav,_んうぃんうんうぉ,n うぃ,2,vcv,44100,1,4.249615,true,true,
新井里美,みつこ,連続音,_んえんおんん.wav,research/data/raw/reference/utau-samples/新井里美/連続音/_んえんおんん.wav,_んえんおんん,n え,6,vcv,44100,1,4.124626,true,true,
新井里美,みつこ,連続音,_んかんけんき.wav,research/data/raw/reference/utau-samples/新井里美/連続音/_んかんけんき.wav,_んかんけんき,n か,3,vcv,44100,1,4.124626,true,true,
新井里美,みつこ,連続音,_んがんげんぎ.wav,research/data/raw/reference/utau-samples/新井里美/連続音/_んがんげんぎ.wav,_んがんげんぎ,,0,vcv,44100,1,4.249615,true,true,
新井里美,みつこ,連続音,_んきゃんきぇんき.wav,research/data/raw/reference/utau-samples/新井里美/連続音/_んきゃんきぇんき.wav,_んきゃんきぇんき,n きゃ,2,vcv,44100,1,4.124626,true,true,
新井里美,みつこ,連続音,_んきんきゅんきょ.wav,research/data/raw/reference/utau-samples/新井里美/連続音/_んきんきゅんきょ.wav,_んきんきゅんきょ,n きゅ,2,vcv,44100,1,4.249615,true,true,
新井里美,みつこ,連続音,_んきんくんこ.wav,research/data/raw/reference/utau-samples/新井里美/連続音/_んきんくんこ.wav,_んきんくんこ,n く,2,vcv,44100,1,4.249615,true,true,
新井里美,みつこ,連続音,_んぎゃんぎぇんぎ.wav,research/data/raw/reference/utau-samples/新井里美/連続音/_んぎゃんぎぇんぎ.wav,_んぎゃんぎぇんぎ,,0,vcv,44100,1,4.249615,true,true,
新井里美,みつこ,連続音,_んぎんぎゅんぎょ.wav,research/data/raw/reference/utau-samples/新井里美/連続音/_んぎんぎゅんぎょ.wav,_んぎんぎゅんぎょ,,0,vcv,44100,1,4.249615,true,true,
新井里美,みつこ,連続音,_んぎんぐんご.wav,research/data/raw/reference/utau-samples/新井里美/連続音/_んぎんぐんご.wav,_んぎんぐんご,,0,vcv,44100,1,4.124626,true,true,
新井里美,みつこ,連続音,_んさんせんすぃ.wav,research/data/raw/reference/utau-samples/新井里美/連続音/_んさんせんすぃ.wav,_んさんせんすぃ,n さ,3,vcv,44100,1,4.249615,true,true,
新井里美,みつこ,連続音,_んざんぜんずぃ.wav,research/data/raw/reference/utau-samples/新井里美/連続音/_んざんぜんずぃ.wav,_んざんぜんずぃ,,0,vcv,44100,1,4.124626,true,true,
新井里美,みつこ,連続音,_んしゃんしぇんし.wav,research/data/raw/reference/utau-samples/新井里美/連続音/_んしゃんしぇんし.wav,_んしゃんしぇんし,n しゃ,3,vcv,44100,1,4.249615,true,true,
新井里美,みつこ,連続音,_んしんしゅんしょ.wav,research/data/raw/reference/utau-samples/新井里美/連続音/_んしんしゅんしょ.wav,_んしんしゅんしょ,n しゅ,2,vcv,44100,1,4.187120,true,true,
新井里美,みつこ,連続音,_んじゃんじぇんじ.wav,research/data/raw/reference/utau-samples/新井里美/連続音/_んじゃんじぇんじ.wav,_んじゃんじぇんじ,,0,vcv,44100,1,4.249615,true,true,
新井里美,みつこ,連続音,_んじんじゅんじょ.wav,research/data/raw/reference/utau-samples/新井里美/連続音/_んじんじゅんじょ.wav,_んじんじゅんじょ,,0,vcv,44100,1,4.124626,true,true,
新井里美,みつこ,連続音,_んすぃんすんそ.wav,research/data/raw/reference/utau-samples/新井里美/連続音/_んすぃんすんそ.wav,_んすぃんすんそ,n す,2,vcv,44100,1,4.249615,true,true,
新井里美,みつこ,連続音,_んずぃんずんぞ.wav,research/data/raw/reference/utau-samples/新井里美/連続音/_んずぃんずんぞ.wav,_んずぃんずんぞ,,0,vcv,44100,1,4.124626,true,true,
新井里美,みつこ,連続音,_んたんてんてぃ.wav,research/data/raw/reference/utau-samples/新井里美/連続音/_んたんてんてぃ.wav,_んたんてんてぃ,n た,3,vcv,44100,1,4.187120,true,true,
新井里美,みつこ,連続音,_んだんでんでぃ.wav,research/data/raw/reference/utau-samples/新井里美/連続音/_んだんでんでぃ.wav,_んだんでんでぃ,,0,vcv,44100,1,4.249615,true,true,
新井里美,みつこ,連続音,_んちゃんちぇんち.wav,research/data/raw/reference/utau-samples/新井里美/連続音/_んちゃんちぇんち.wav,_んちゃんちぇんち,n ちゃ,3,vcv,44100,1,4.249615,true,true,
新井里美,みつこ,連続音,_んちんちゅんちょ.wav,research/data/raw/reference/utau-samples/新井里美/連続音/_んちんちゅんちょ.wav,_んちんちゅんちょ,n ちゅ,2,vcv,44100,1,4.249615,true,true,
新井里美,みつこ,連続音,_んつぁんつぇんつぃ.wav,research/data/raw/reference/utau-samples/新井里美/連続音/_んつぁんつぇんつぃ.wav,_んつぁんつぇんつぃ,n つぁ,3,vcv,44100,1,4.249615,true,true,
新井里美,みつこ,連続音,_んつぃんつんつぉ.wav,research/data/raw/reference/utau-samples/新井里美/連続音/_んつぃんつんつぉ.wav,_んつぃんつんつぉ,n つ,2,vcv,44100,1,4.187120,true,true,
新井里美,みつこ,連続音,_んてぃんとぅんと.wav,research/data/raw/reference/utau-samples/新井里美/連続音/_んてぃんとぅんと.wav,_んてぃんとぅんと,n とぅ,2,vcv,44100,1,4.249615,true,true,
新井里美,みつこ,連続音,_んでぃんどぅんど.wav,research/data/raw/reference/utau-samples/新井里美/連続音/_んでぃんどぅんど.wav,_んでぃんどぅんど,,0,vcv,44100,1,4.249615,true,true,
新井里美,みつこ,連続音,_んなんねんに.wav,research/data/raw/reference/utau-samples/新井里美/連続音/_んなんねんに.wav,_んなんねんに,n な,3,vcv,44100,1,4.124626,true,true,
新井里美,みつこ,連続音,_んにゃんにぇんに.wav,research/data/raw/reference/utau-samples/新井里美/連続音/_んにゃんにぇんに.wav,_んにゃんにぇんに,n にゃ,2,vcv,44100,1,4.249615,true,true,
新井里美,みつこ,連続音,_んにんにゅんにょ.wav,research/data/raw/reference/utau-samples/新井里美/連続音/_んにんにゅんにょ.wav,_んにんにゅんにょ,n にゅ,2,vcv,44100,1,4.124626,true,true,
新井里美,みつこ,連続音,_んにんぬんの.wav,research/data/raw/reference/utau-samples/新井里美/連続音/_んにんぬんの.wav,_んにんぬんの,n ぬ,2,vcv,44100,1,4.249615,true,true,
新井里美,みつこ,連続音,_んはんへんひ.wav,research/data/raw/reference/utau-samples/新井里美/連続音/_んはんへんひ.wav,_んはんへんひ,n は,3,vcv,44100,1,4.124626,true,true,
新井里美,みつこ,連続音,_んばんべんび.wav,research/data/raw/reference/utau-samples/新井里美/連続音/_んばんべんび.wav,_んばんべんび,,0,vcv,44100,1,4.124626,true,true,
新井里美,みつこ,連続音,_んぱんぺんぴ.wav,research/data/raw/reference/utau-samples/新井里美/連続音/_んぱんぺんぴ.wav,_んぱんぺんぴ,,0,vcv,44100,1,4.187120,true,true,
新井里美,みつこ,連続音,_んひゃんひぇんひ.wav,research/data/raw/reference/utau-samples/新井里美/連続音/_んひゃんひぇんひ.wav,_んひゃんひぇんひ,n ひゃ,2,vcv,44100,1,4.124626,true,true,
新井里美,みつこ,連続音,_んひんひゅんひょ.wav,research/data/raw/reference/utau-samples/新井里美/連続音/_んひんひゅんひょ.wav,_んひんひゅんひょ,n ひゅ,2,vcv,44100,1,4.249615,true,true,
新井里美,みつこ,連続音,_んひんふんほ.wav,research/data/raw/reference/utau-samples/新井里美/連続音/_んひんふんほ.wav,_んひんふんほ,n ふ,2,vcv,44100,1,4.249615,true,true,
新井里美,みつこ,連続音,_んびゃんびぇんび.wav,research/data/raw/reference/utau-samples/新井里美/連続音/_んびゃんびぇんび.wav,_んびゃんびぇんび,,0,vcv,44100,1,4.124626,true,true,
新井里美,みつこ,連続音,_んびんびゅんびょ.wav,research/data/raw/reference/utau-samples/新井里美/連続音/_んびんびゅんびょ.wav,_んびんびゅんびょ,,0,vcv,44100,1,4.124626,true,true,
新井里美,みつこ,連続音,_んびんぶんぼ.wav,research/data/raw/reference/utau-samples/新井里美/連続音/_んびんぶんぼ.wav,_んびんぶんぼ,,0,vcv,44100,1,4.249615,true,true,
新井里美,みつこ,連続音,_んぴゃんぴぇんぴ.wav,research/data/raw/reference/utau-samples/新井里美/連続音/_んぴゃんぴぇんぴ.wav,_んぴゃんぴぇんぴ,,0,vcv,44100,1,4.249615,true,true,
新井里美,みつこ,連続音,_んぴんぴゅんぴょ.wav,research/data/raw/reference/utau-samples/新井里美/連続音/_んぴんぴゅんぴょ.wav,_んぴんぴゅんぴょ,,0,vcv,44100,1,4.124626,true,true,
新井里美,みつこ,連続音,_んぴんぷんぽ.wav,research/data/raw/reference/utau-samples/新井里美/連続音/_んぴんぷんぽ.wav,_んぴんぷんぽ,,0,vcv,44100,1,4.249615,true,true,
新井里美,みつこ,連続音,_んふぁんふぇんふぃ.wav,research/data/raw/reference/utau-samples/新井里美/連続音/_んふぁんふぇんふぃ.wav,_んふぁんふぇんふぃ,n ふぁ,3,vcv,44100,1,4.124626,true,true,
新井里美,みつこ,連続音,_んふぃんふんふぉ.wav,research/data/raw/reference/utau-samples/新井里美/連続音/_んふぃんふんふぉ.wav,_んふぃんふんふぉ,n ふぉ,1,vcv,44100,1,4.249615,true,true,
新井里美,みつこ,連続音,_んまんめんみ.wav,research/data/raw/reference/utau-samples/新井里美/連続音/_んまんめんみ.wav,_んまんめんみ,n ま,3,vcv,44100,1,4.249615,true,true,
新井里美,みつこ,連続音,_んみゃんみぇんみ.wav,research/data/raw/reference/utau-samples/新井里美/連続音/_んみゃんみぇんみ.wav,_んみゃんみぇんみ,n みゃ,2,vcv,44100,1,4.249615,true,true,
新井里美,みつこ,連続音,_んみんみゅんみょ.wav,research/data/raw/reference/utau-samples/新井里美/連続音/_んみんみゅんみょ.wav,_んみんみゅんみょ,n みゅ,2,vcv,44100,1,4.249615,true,true,
新井里美,みつこ,連続音,_んみんむんも.wav,research/data/raw/reference/utau-samples/新井里美/連続音/_んみんむんも.wav,_んみんむんも,n む,2,vcv,44100,1,4.124626,true,true,
新井里美,みつこ,連続音,_んやんいぇんい.wav,research/data/raw/reference/utau-samples/新井里美/連続音/_んやんいぇんい.wav,_んやんいぇんい,n や,2,vcv,44100,1,4.124626,true,true,
新井里美,みつこ,連続音,_んらんれんり.wav,research/data/raw/reference/utau-samples/新井里美/連続音/_んらんれんり.wav,_んらんれんり,n ら,3,vcv,44100,1,4.187120,true,true,
新井里美,みつこ,連続音,_んりゃんりぇんり.wav,research/data/raw/reference/utau-samples/新井里美/連続音/_んりゃんりぇんり.wav,_んりゃんりぇんり,n りゃ,2,vcv,44100,1,4.187120,true,true,
新井里美,みつこ,連続音,_んりんりゅんりょ.wav,research/data/raw/reference/utau-samples/新井里美/連続音/_んりんりゅんりょ.wav,_んりんりゅんりょ,n りゅ,2,vcv,44100,1,4.124626,true,true,
新井里美,みつこ,連続音,_んりんるんろ.wav,research/data/raw/reference/utau-samples/新井里美/連続音/_んりんるんろ.wav,_んりんるんろ,n る,2,vcv,44100,1,4.187120,true,true,
新井里美,みつこ,連続音,_んわんうぇんうぃ.wav,research/data/raw/reference/utau-samples/新井里美/連続音/_んわんうぇんうぃ.wav,_んわんうぇんうぃ,n わ,2,vcv,44100,1,4.124626,true,true,
新井里美,みつこ,連続音-Light,_ああいあうあ.wav,research/data/raw/reference/utau-samples/新井里美/連続音-Light/_ああいあうあ.wav,_ああいあうあ,- あL,6,vcv,44100,1,4.124626,true,true,
新井里美,みつこ,連続音-Light,_いいういえい.wav,research/data/raw/reference/utau-samples/新井里美/連続音-Light/_いいういえい.wav,_いいういえい,- いL,6,vcv,44100,1,4.124626,true,true,
新井里美,みつこ,連続音-Light,_いいゆいよい.wav,research/data/raw/reference/utau-samples/新井里美/連続音-Light/_いいゆいよい.wav,_いいゆいよい,i ゆL,3,vcv,44100,1,4.124626,true,true,
新井里美,みつこ,連続音-Light,_いぇいぇいいぇゆいぇ.wav,research/data/raw/reference/utau-samples/新井里美/連続音-Light/_いぇいぇいいぇゆいぇ.wav,_いぇいぇいいぇゆいぇ,- いぇL,5,vcv,44100,1,4.187120,true,true,
新井里美,みつこ,連続音-Light,_うぃうぃううぃうぉうぃ.wav,research/data/raw/reference/utau-samples/新井里美/連続音-Light/_うぃうぃううぃうぉうぃ.wav,_うぃうぃううぃうぉうぃ,- うぃL,5,vcv,44100,1,4.124626,true,true,
新井里美,みつこ,連続音-Light,_うううぉうわう.wav,research/data/raw/reference/utau-samples/新井里美/連続音-Light/_うううぉうわう.wav,_うううぉうわう,- うL,5,vcv,44100,1,4.249615,true,true,
新井里美,みつこ,連続音-Light,_ううえうおう.wav,research/data/raw/reference/utau-samples/新井里美/連続音-Light/_ううえうおう.wav,_ううえうおう,u えL,4,vcv,44100,1,4.249615,true,true,
新井里美,みつこ,連続音-Light,_うぇうぇうぃうぇううぇ.wav,research/data/raw/reference/utau-samples/新井里美/連続音-Light/_うぇうぇうぃうぇううぇ.wav,_うぇうぇうぃうぇううぇ,- うぇL,5,vcv,44100,1,4.124626,true,true,
新井里美,みつこ,連続音-Light,_うぉうぉわうぉうぇうぉ.wav,research/data/raw/reference/utau-samples/新井里美/連続音-Light/_うぉうぉわうぉうぇうぉ.wav,_うぉうぉわうぉうぇうぉ,- うぉL,6,vcv,44100,1,4.187120,true,true,
新井里美,みつこ,連続音-Light,_ええおえあえ.wav,research/data/raw/reference/utau-samples/新井里美/連続音-Light/_ええおえあえ.wav,_ええおえあえ,- えL,7,vcv,44100,1,4.124626,true,true,
新井里美,みつこ,連続音-Light,_おおあおいお.wav,research/data/raw/reference/utau-samples/新井里美/連続音-Light/_おおあおいお.wav,_おおあおいお,- おL,9,vcv,44100,1,4.124626,true,true,
新井里美,みつこ,連続音-Light,_かかけかきか.wav,research/data/raw/reference/utau-samples/新井里美/連続音-Light/_かかけかきか.wav,_かかけかきか,- かL,6,vcv,44100,1,4.124626,true,true,
新井里美,みつこ,連続音-Light,_ががげがぎが.wav,research/data/raw/reference/utau-samples/新井里美/連続音-Light/_ががげがぎが.wav,_ががげがぎが,,0,vcv,44100,1,4.124626,true,true,
新井里美,みつこ,連続音-Light,_きぇきぇききぇきゅきぇ.wav,research/data/raw/reference/utau-samples/新井里美/連続音-Light/_きぇきぇききぇきゅきぇ.wav,_きぇきぇききぇきゅきぇ,- きぇL,6,vcv,44100,1,4.249615,true,true,
新井里美,みつこ,連続音-Light,_きききゅききょき.wav,research/data/raw/reference/utau-samples/新井里美/連続音-Light/_きききゅききょき.wav,_きききゅききょき,- きL,6,vcv,44100,1,4.249615,true,true,
新井里美,みつこ,連続音-Light,_ききくきこき.wav,research/data/raw/reference/utau-samples/新井里美/連続音-Light/_ききくきこき.wav,_ききくきこき,i くL,2,vcv,44100,1,4.187120,true,true,
新井里美,みつこ,連続音-Light,_きゃきゃきぇきゃききゃ.wav,research/data/raw/reference/utau-samples/新井里美/連続音-Light/_きゃきゃきぇきゃききゃ.wav,_きゃきゃきぇきゃききゃ,- きゃL,5,vcv,44100,1,4.124626,true,true,
新井里美,みつこ,連続音-Light,_きゅきゅきょきゅきゃきゅ.wav,research/data/raw/reference/utau-samples/新井里美/連続音-Light/_きゅきゅきょきゅきゃきゅ.wav,_きゅきゅきょきゅきゃきゅ,- きゅL,6,vcv,44100,1,4.187120,true,true,
新井里美,みつこ,連続音-Light,_きょきょきゃきょきぇきょ.wav,research/data/raw/reference/utau-samples/新井里美/連続音-Light/_きょきょきゃきょきぇきょ.wav,_きょきょきゃきょきぇきょ,- きょL,6,vcv,44100,1,4.249615,true,true,
新井里美,みつこ,連続音-Light,_ぎぇぎぇぎぎぇぎゅぎぇ.wav,research/data/raw/reference/utau-samples/新井里美/連続音-Light/_ぎぇぎぇぎぎぇぎゅぎぇ.wav,_ぎぇぎぇぎぎぇぎゅぎぇ,,0,vcv,44100,1,4.249615,true,true,
新井里美,みつこ,連続音-Light,_ぎぎぎゅぎぎょぎ.wav,research/data/raw/reference/utau-samples/新井里美/連続音-Light/_ぎぎぎゅぎぎょぎ.wav,_ぎぎぎゅぎぎょぎ,,0,vcv,44100,1,4.124626,true,true,
新井里美,みつこ,連続音-Light,_ぎぎぐぎごぎ.wav,research/data/raw/reference/utau-samples/新井里美/連続音-Light/_ぎぎぐぎごぎ.wav,_ぎぎぐぎごぎ,,0,vcv,44100,1,4.124626,true,true,
新井里美,みつこ,連続音-Light,_ぎゃぎゃぎぇぎゃぎぎゃ.wav,research/data/raw/reference/utau-samples/新井里美/連続音-Light/_ぎゃぎゃぎぇぎゃぎぎゃ.wav,_ぎゃぎゃぎぇぎゃぎぎゃ,,0,vcv,44100,1,4.124626,true,true,
新井里美,みつこ,連続音-Light,_ぎゅぎゅぎょぎゅぎゃぎゅ.wav,research/data/raw/reference/utau-samples/新井里美/連続音-Light/_ぎゅぎゅぎょぎゅぎゃぎゅ.wav,_ぎゅぎゅぎょぎゅぎゃぎゅ,,0,vcv,44100,1,4.187120,true,true,
新井里美,みつこ,連続音-Light,_ぎょぎょぎゃぎょぎぇぎょ.wav,research/data/raw/reference/utau-samples/新井里美/連続音-Light/_ぎょぎょぎゃぎょぎぇぎょ.wav,_ぎょぎょぎゃぎょぎぇぎょ,,0,vcv,44100,1,4.187120,true,true,
新井里美,みつこ,連続音-Light,_くくこくかく.wav,research/data/raw/reference/utau-samples/新井里美/連続音-Light/_くくこくかく.wav,_くくこくかく,- くL,6,vcv,44100,1,4.187120,true,true,
新井里美,みつこ,連続音-Light,_ぐぐごぐがぐ.wav,research/data/raw/reference/utau-samples/新井里美/連続音-Light/_ぐぐごぐがぐ.wav,_ぐぐごぐがぐ,,0,vcv,44100,1,4.249615,true,true,
新井里美,みつこ,連続音-Light,_けけきけくけ.wav,research/data/raw/reference/utau-samples/新井里美/連続音-Light/_けけきけくけ.wav,_けけきけくけ,- けL,5,vcv,44100,1,4.124626,true,true,
新井里美,みつこ,連続音-Light,_げげぎげぐげ.wav,research/data/raw/reference/utau-samples/新井里美/連続音-Light/_げげぎげぐげ.wav,_げげぎげぐげ,,0,vcv,44100,1,4.187120,true,true,
新井里美,みつこ,連続音-Light,_ここかこけこ.wav,research/data/raw/reference/utau-samples/新井里美/連続音-Light/_ここかこけこ.wav,_ここかこけこ,- こL,6,vcv,44100,1,4.124626,true,true,
新井里美,みつこ,連続音-Light,_ごごがごげご.wav,research/data/raw/reference/utau-samples/新井里美/連続音-Light/_ごごがごげご.wav,_ごごがごげご,,0,vcv,44100,1,4.187120,true,true,
新井里美,みつこ,連続音-Light,_ささせさすぃさ.wav,research/data/raw/reference/utau-samples/新井里美/連続音-Light/_ささせさすぃさ.wav,_ささせさすぃさ,- さL,6,vcv,44100,1,4.187120,true,true,
新井里美,みつこ,連続音-Light,_ざざぜざずぃざ.wav,research/data/raw/reference/utau-samples/新井里美/連続音-Light/_ざざぜざずぃざ.wav,_ざざぜざずぃざ,,0,vcv,44100,1,4.124626,true,true,
新井里美,みつこ,連続音-Light,_しぇしぇししぇしゅしぇ.wav,research/data/raw/reference/utau-samples/新井里美/連続音-Light/_しぇしぇししぇしゅしぇ.wav,_しぇしぇししぇしゅしぇ,- しぇL,6,vcv,44100,1,4.249615,true,true,
新井里美,みつこ,連続音-Light,_しししゅししょし.wav,research/data/raw/reference/utau-samples/新井里美/連続音-Light/_しししゅししょし.wav,_しししゅししょし,- しL,6,vcv,44100,1,4.249615,true,true,
新井里美,みつこ,連続音-Light,_しゃしゃしぇしゃししゃ.wav,research/data/raw/reference/utau-samples/新井里美/連続音-Light/_しゃしゃしぇしゃししゃ.wav,_しゃしゃしぇしゃししゃ,- しゃL,6,vcv,44100,1,4.124626,true,true,
新井里美,みつこ,連続音-Light,_しゅしゅしょしゅしゃしゅ.wav,research/data/raw/reference/utau-samples/新井里美/連続音-Light/_しゅしゅしょしゅしゃしゅ.wav,_しゅしゅしょしゅしゃしゅ,- しゅL,6,vcv,44100,1,4.124626,true,true,
新井里美,みつこ,連続音-Light,_しょしょしゃしょしぇしょ.wav,research/data/raw/reference/utau-samples/新井里美/連続音-Light/_しょしょしゃしょしぇしょ.wav,_しょしょしゃしょしぇしょ,- しょL,6,vcv,44100,1,4.249615,true,true,
新井里美,みつこ,連続音-Light,_じぇじぇじじぇじゅじぇ.wav,research/data/raw/reference/utau-samples/新井里美/連続音-Light/_じぇじぇじじぇじゅじぇ.wav,_じぇじぇじじぇじゅじぇ,,0,vcv,44100,1,4.187120,true,true,
新井里美,みつこ,連続音-Light,_じじじゅじじょじ.wav,research/data/raw/reference/utau-samples/新井里美/連続音-Light/_じじじゅじじょじ.wav,_じじじゅじじょじ,,0,vcv,44100,1,4.249615,true,true,
新井里美,みつこ,連続音-Light,_じゃじゃじぇじゃじじゃ.wav,research/data/raw/reference/utau-samples/新井里美/連続音-Light/_じゃじゃじぇじゃじじゃ.wav,_じゃじゃじぇじゃじじゃ,,0,vcv,44100,1,4.124626,true,true,
新井里美,みつこ,連続音-Light,_じゅじゅじょじゅじゃじゅ.wav,research/data/raw/reference/utau-samples/新井里美/連続音-Light/_じゅじゅじょじゅじゃじゅ.wav,_じゅじゅじょじゅじゃじゅ,,0,vcv,44100,1,4.124626,true,true,
新井里美,みつこ,連続音-Light,_じょじょじゃじょじぇじょ.wav,research/data/raw/reference/utau-samples/新井里美/連続音-Light/_じょじょじゃじょじぇじょ.wav,_じょじょじゃじょじぇじょ,,0,vcv,44100,1,4.124626,true,true,
新井里美,みつこ,連続音-Light,_すぃすぃすすぃそすぃ.wav,research/data/raw/reference/utau-samples/新井里美/連続音-Light/_すぃすぃすすぃそすぃ.wav,_すぃすぃすすぃそすぃ,- すぃL,6,vcv,44100,1,4.249615,true,true,
新井里美,みつこ,連続音-Light,_すすそすさす.wav,research/data/raw/reference/utau-samples/新井里美/連続音-Light/_すすそすさす.wav,_すすそすさす,- すL,6,vcv,44100,1,4.249615,true,true,
新井里美,みつこ,連続音-Light,_ずぃずぃずずぃぞずぃ.wav,research/data/raw/reference/utau-samples/新井里美/連続音-Light/_ずぃずぃずずぃぞずぃ.wav,_ずぃずぃずずぃぞずぃ,,0,vcv,44100,1,4.124626,true,true,
新井里美,みつこ,連続音-Light,_ずずぞずざず.wav,research/data/raw/reference/utau-samples/新井里美/連続音-Light/_ずずぞずざず.wav,_ずずぞずざず,,0,vcv,44100,1,4.124626,true,true,
新井里美,みつこ,連続音-Light,_せせすぃせすせ.wav,research/data/raw/reference/utau-samples/新井里美/連続音-Light/_せせすぃせすせ.wav,_せせすぃせすせ,- せL,6,vcv,44100,1,4.124626,true,true,
新井里美,みつこ,連続音-Light,_ぜぜずぃぜずぜ.wav,research/data/raw/reference/utau-samples/新井里美/連続音-Light/_ぜぜずぃぜずぜ.wav,_ぜぜずぃぜずぜ,,0,vcv,44100,1,4.249615,true,true,
新井里美,みつこ,連続音-Light,_そそさそせそ.wav,research/data/raw/reference/utau-samples/新井里美/連続音-Light/_そそさそせそ.wav,_そそさそせそ,- そL,6,vcv,44100,1,4.124626,true,true,
新井里美,みつこ,連続音-Light,_ぞぞざぞぜぞ.wav,research/data/raw/reference/utau-samples/新井里美/連続音-Light/_ぞぞざぞぜぞ.wav,_ぞぞざぞぜぞ,,0,vcv,44100,1,4.187120,true,true,
新井里美,みつこ,連続音-Light,_たたてたてぃた.wav,research/data/raw/reference/utau-samples/新井里美/連続音-Light/_たたてたてぃた.wav,_たたてたてぃた,- たL,6,vcv,44100,1,4.124626,true,true,
新井里美,みつこ,連続音-Light,_だだでだでぃだ.wav,research/data/raw/reference/utau-samples/新井里美/連続音-Light/_だだでだでぃだ.wav,_だだでだでぃだ,,0,vcv,44100,1,4.124626,true,true,
新井里美,みつこ,連続音-Light,_ちぇちぇちちぇちゅちぇ.wav,research/data/raw/reference/utau-samples/新井里美/連続音-Light/_ちぇちぇちちぇちゅちぇ.wav,_ちぇちぇちちぇちゅちぇ,- ちぇL,6,vcv,44100,1,4.249615,true,true,
新井里美,みつこ,連続音-Light,_ちちちゅちちょち.wav,research/data/raw/reference/utau-samples/新井里美/連続音-Light/_ちちちゅちちょち.wav,_ちちちゅちちょち,- ちL,6,vcv,44100,1,4.124626,true,true,
新井里美,みつこ,連続音-Light,_ちゃちゃちぇちゃちちゃ.wav,research/data/raw/reference/utau-samples/新井里美/連続音-Light/_ちゃちゃちぇちゃちちゃ.wav,_ちゃちゃちぇちゃちちゃ,- ちゃL,6,vcv,44100,1,4.124626,true,true,
新井里美,みつこ,連続音-Light,_ちゅちゅちょちゅちゃちゅ.wav,research/data/raw/reference/utau-samples/新井里美/連続音-Light/_ちゅちゅちょちゅちゃちゅ.wav,_ちゅちゅちょちゅちゃちゅ,- ちゅL,6,vcv,44100,1,4.249615,true,true,
新井里美,みつこ,連続音-Light,_ちょちょちゃちょちぇちょ.wav,research/data/raw/reference/utau-samples/新井里美/連続音-Light/_ちょちょちゃちょちぇちょ.wav,_ちょちょちゃちょちぇちょ,- ちょL,6,vcv,44100,1,4.187120,true,true,
新井里美,みつこ,連続音-Light,_つぁつぁつぇつぁつぃつぁ.wav,research/data/raw/reference/utau-samples/新井里美/連続音-Light/_つぁつぁつぇつぁつぃつぁ.wav,_つぁつぁつぇつぁつぃつぁ,- つぁL,6,vcv,44100,1,4.124626,true,true,
新井里美,みつこ,連続音-Light,_つぃつぃつつぃつぉつぃ.wav,research/data/raw/reference/utau-samples/新井里美/連続音-Light/_つぃつぃつつぃつぉつぃ.wav,_つぃつぃつつぃつぉつぃ,- つぃL,6,vcv,44100,1,4.124626,true,true,
新井里美,みつこ,連続音-Light,_つぇつぇつぃつぇつつぇ.wav,research/data/raw/reference/utau-samples/新井里美/連続音-Light/_つぇつぇつぃつぇつつぇ.wav,_つぇつぇつぃつぇつつぇ,- つぇL,6,vcv,44100,1,4.187120,true,true,
新井里美,みつこ,連続音-Light,_つぉつぉつぁつぉつぇつぉ.wav,research/data/raw/reference/utau-samples/新井里美/連続音-Light/_つぉつぉつぁつぉつぇつぉ.wav,_つぉつぉつぁつぉつぇつぉ,- つぉL,6,vcv,44100,1,4.249615,true,true,
新井里美,みつこ,連続音-Light,_つつつぉつつぁつ.wav,research/data/raw/reference/utau-samples/新井里美/連続音-Light/_つつつぉつつぁつ.wav,_つつつぉつつぁつ,- つL,6,vcv,44100,1,4.249615,true,true,
新井里美,みつこ,連続音-Light,_てぃてぃとぅてぃとてぃ.wav,research/data/raw/reference/utau-samples/新井里美/連続音-Light/_てぃてぃとぅてぃとてぃ.wav,_てぃてぃとぅてぃとてぃ,- てぃL,6,vcv,44100,1,4.124626,true,true,
新井里美,みつこ,連続音-Light,_てててぃてとぅて.wav,research/data/raw/reference/utau-samples/新井里美/連続音-Light/_てててぃてとぅて.wav,_てててぃてとぅて,- てL,6,vcv,44100,1,4.249615,true,true,
新井里美,みつこ,連続音-Light,_でぃでぃどぅでぃどでぃ.wav,research/data/raw/reference/utau-samples/新井里美/連続音-Light/_でぃでぃどぅでぃどでぃ.wav,_でぃでぃどぅでぃどでぃ,,0,vcv,44100,1,4.249615,true,true,
新井里美,みつこ,連続音-Light,_でででぃでどぅで.wav,research/data/raw/reference/utau-samples/新井里美/連続音-Light/_でででぃでどぅで.wav,_でででぃでどぅで,,0,vcv,44100,1,4.187120,true,true,
新井里美,みつこ,連続音-Light,_とぅとぅととぅたとぅ.wav,research/data/raw/reference/utau-samples/新井里美/連続音-Light/_とぅとぅととぅたとぅ.wav,_とぅとぅととぅたとぅ,- とぅL,6,vcv,44100,1,4.124626,true,true,
新井里美,みつこ,連続音-Light,_ととたとてと.wav,research/data/raw/reference/utau-samples/新井里美/連続音-Light/_ととたとてと.wav,_ととたとてと,- とL,6,vcv,44100,1,4.249615,true,true,
新井里美,みつこ,連続音-Light,_どぅどぅどどぅだどぅ.wav,research/data/raw/reference/utau-samples/新井里美/連続音-Light/_どぅどぅどどぅだどぅ.wav,_どぅどぅどどぅだどぅ,,0,vcv,44100,1,4.124626,true,true,
新井里美,みつこ,連続音-Light,_どどだどでど.wav,research/data/raw/reference/utau-samples/新井里美/連続音-Light/_どどだどでど.wav,_どどだどでど,,0,vcv,44100,1,4.249615,true,true,
新井里美,みつこ,連続音-Light,_ななねなにな.wav,research/data/raw/reference/utau-samples/新井里美/連続音-Light/_ななねなにな.wav,_ななねなにな,- なL,6,vcv,44100,1,4.249615,true,true,
新井里美,みつこ,連続音-Light,_にぇにぇににぇにゅにぇ.wav,research/data/raw/reference/utau-samples/新井里美/連続音-Light/_にぇにぇににぇにゅにぇ.wav,_にぇにぇににぇにゅにぇ,- にぇL,6,vcv,44100,1,4.249615,true,true,
新井里美,みつこ,連続音-Light,_にににゅににょに.wav,research/data/raw/reference/utau-samples/新井里美/連続音-Light/_にににゅににょに.wav,_にににゅににょに,- にL,6,vcv,44100,1,4.249615,true,true,
新井里美,みつこ,連続音-Light,_ににぬにのに.wav,research/data/raw/reference/utau-samples/新井里美/連続音-Light/_ににぬにのに.wav,_ににぬにのに,i ぬL,2,vcv,44100,1,4.249615,true,true,
新井里美,みつこ,連続音-Light,_にゃにゃにぇにゃににゃ.wav,research/data/raw/reference/utau-samples/新井里美/連続音-Light/_にゃにゃにぇにゃににゃ.wav,_にゃにゃにぇにゃににゃ,- にゃL,5,vcv,44100,1,4.124626,true,true,
新井里美,みつこ,連続音-Light,_にゅにゅにょにゅにゃにゅ.wav,research/data/raw/reference/utau-samples/新井里美/連続音-Light/_にゅにゅにょにゅにゃにゅ.wav,_にゅにゅにょにゅにゃにゅ,- にゅL,6,vcv,44100,1,4.124626,true,true,
新井里美,みつこ,連続音-Light,_にょにょにゃにょにぇにょ.wav,research/data/raw/reference/utau-samples/新井里美/連続音-Light/_にょにょにゃにょにぇにょ.wav,_にょにょにゃにょにぇにょ,- にょL,6,vcv,44100,1,4.187120,true,true,
新井里美,みつこ,連続音-Light,_ぬぬのぬなぬ.wav,research/data/raw/reference/utau-samples/新井里美/連続音-Light/_ぬぬのぬなぬ.wav,_ぬぬのぬなぬ,- ぬL,6,vcv,44100,1,4.249615,true,true,
新井里美,みつこ,連続音-Light,_ねねにねぬね.wav,research/data/raw/reference/utau-samples/新井里美/連続音-Light/_ねねにねぬね.wav,_ねねにねぬね,- ねL,5,vcv,44100,1,4.124626,true,true,
新井里美,みつこ,連続音-Light,_ののなのねの.wav,research/data/raw/reference/utau-samples/新井里美/連続音-Light/_ののなのねの.wav,_ののなのねの,- のL,6,vcv,44100,1,4.124626,true,true,
新井里美,みつこ,連続音-Light,_ははへはひは.wav,research/data/raw/reference/utau-samples/新井里美/連続音-Light/_ははへはひは.wav,_ははへはひは,- はL,6,vcv,44100,1,4.124626,true,true,
新井里美,みつこ,連続音-Light,_ばばべばびば.wav,research/data/raw/reference/utau-samples/新井里美/連続音-Light/_ばばべばびば.wav,_ばばべばびば,,0,vcv,44100,1,4.124626,true,true,
新井里美,みつこ,連続音-Light,_ぱぱぺぱぴぱ.wav,research/data/raw/reference/utau-samples/新井里美/連続音-Light/_ぱぱぺぱぴぱ.wav,_ぱぱぺぱぴぱ,,0,vcv,44100,1,4.124626,true,true,
新井里美,みつこ,連続音-Light,_ひぇひぇひひぇひゅひぇ.wav,research/data/raw/reference/utau-samples/新井里美/連続音-Light/_ひぇひぇひひぇひゅひぇ.wav,_ひぇひぇひひぇひゅひぇ,- ひぇL,6,vcv,44100,1,4.249615,true,true,
新井里美,みつこ,連続音-Light,_ひひひゅひひょひ.wav,research/data/raw/reference/utau-samples/新井里美/連続音-Light/_ひひひゅひひょひ.wav,_ひひひゅひひょひ,- ひL,6,vcv,44100,1,4.124626,true,true,
新井里美,みつこ,連続音-Light,_ひひふひほひ.wav,research/data/raw/reference/utau-samples/新井里美/連続音-Light/_ひひふひほひ.wav,_ひひふひほひ,i ふL,2,vcv,44100,1,4.249615,true,true,
新井里美,みつこ,連続音-Light,_ひゃひゃひぇひゃひひゃ.wav,research/data/raw/reference/utau-samples/新井里美/連続音-Light/_ひゃひゃひぇひゃひひゃ.wav,_ひゃひゃひぇひゃひひゃ,- ひゃL,5,vcv,44100,1,4.124626,true,true,
新井里美,みつこ,連続音-Light,_ひゅひゅひょひゅひゃひゅ.wav,research/data/raw/reference/utau-samples/新井里美/連続音-Light/_ひゅひゅひょひゅひゃひゅ.wav,_ひゅひゅひょひゅひゃひゅ,- ひゅL,6,vcv,44100,1,4.249615,true,true,
新井里美,みつこ,連続音-Light,_ひょひょひゃひょひぇひょ.wav,research/data/raw/reference/utau-samples/新井里美/連続音-Light/_ひょひょひゃひょひぇひょ.wav,_ひょひょひゃひょひぇひょ,- ひょL,6,vcv,44100,1,4.124626,true,true,
新井里美,みつこ,連続音-Light,_びぇびぇびびぇびゅびぇ.wav,research/data/raw/reference/utau-samples/新井里美/連続音-Light/_びぇびぇびびぇびゅびぇ.wav,_びぇびぇびびぇびゅびぇ,,0,vcv,44100,1,4.249615,true,true,
新井里美,みつこ,連続音-Light,_びびびゅびびょび.wav,research/data/raw/reference/utau-samples/新井里美/連続音-Light/_びびびゅびびょび.wav,_びびびゅびびょび,,0,vcv,44100,1,4.124626,true,true,
新井里美,みつこ,連続音-Light,_びびぶびぼび.wav,research/data/raw/reference/utau-samples/新井里美/連続音-Light/_びびぶびぼび.wav,_びびぶびぼび,,0,vcv,44100,1,4.187120,true,true,
新井里美,みつこ,連続音-Light,_びゃびゃびぇびゃびびゃ.wav,research/data/raw/reference/utau-samples/新井里美/連続音-Light/_びゃびゃびぇびゃびびゃ.wav,_びゃびゃびぇびゃびびゃ,,0,vcv,44100,1,4.124626,true,true,
新井里美,みつこ,連続音-Light,_びゅびゅびょびゅびゃびゅ.wav,research/data/raw/reference/utau-samples/新井里美/連続音-Light/_びゅびゅびょびゅびゃびゅ.wav,_びゅびゅびょびゅびゃびゅ,,0,vcv,44100,1,4.249615,true,true,
新井里美,みつこ,連続音-Light,_びょびょびゃびょびぇびょ.wav,research/data/raw/reference/utau-samples/新井里美/連続音-Light/_びょびょびゃびょびぇびょ.wav,_びょびょびゃびょびぇびょ,,0,vcv,44100,1,4.124626,true,true,
新井里美,みつこ,連続音-Light,_ぴぇぴぇぴぴぇぴゅぴぇ.wav,research/data/raw/reference/utau-samples/新井里美/連続音-Light/_ぴぇぴぇぴぴぇぴゅぴぇ.wav,_ぴぇぴぇぴぴぇぴゅぴぇ,,0,vcv,44100,1,4.187120,true,true,
新井里美,みつこ,連続音-Light,_ぴぴぴゅぴぴょぴ.wav,research/data/raw/reference/utau-samples/新井里美/連続音-Light/_ぴぴぴゅぴぴょぴ.wav,_ぴぴぴゅぴぴょぴ,,0,vcv,44100,1,4.249615,true,true,
新井里美,みつこ,連続音-Light,_ぴぴぷぴぽぴ.wav,research/data/raw/reference/utau-samples/新井里美/連続音-Light/_ぴぴぷぴぽぴ.wav,_ぴぴぷぴぽぴ,,0,vcv,44100,1,4.124626,true,true,
新井里美,みつこ,連続音-Light,_ぴゃぴゃぴぇぴゃぴぴゃ.wav,research/data/raw/reference/utau-samples/新井里美/連続音-Light/_ぴゃぴゃぴぇぴゃぴぴゃ.wav,_ぴゃぴゃぴぇぴゃぴぴゃ,,0,vcv,44100,1,4.124626,true,true,
新井里美,みつこ,連続音-Light,_ぴゅぴゅぴょぴゅぴゃぴゅ.wav,research/data/raw/reference/utau-samples/新井里美/連続音-Light/_ぴゅぴゅぴょぴゅぴゃぴゅ.wav,_ぴゅぴゅぴょぴゅぴゃぴゅ,,0,vcv,44100,1,4.124626,true,true,
新井里美,みつこ,連続音-Light,_ぴょぴょぴゃぴょぴぇぴょ.wav,research/data/raw/reference/utau-samples/新井里美/連続音-Light/_ぴょぴょぴゃぴょぴぇぴょ.wav,_ぴょぴょぴゃぴょぴぇぴょ,,0,vcv,44100,1,4.124626,true,true,
新井里美,みつこ,連続音-Light,_ふぁふぁふぇふぁふぃふぁ.wav,research/data/raw/reference/utau-samples/新井里美/連続音-Light/_ふぁふぁふぇふぁふぃふぁ.wav,_ふぁふぁふぇふぁふぃふぁ,- ふぁL,6,vcv,44100,1,4.124626,true,true,
新井里美,みつこ,連続音-Light,_ふぃふぃふふぃふぉふぃ.wav,research/data/raw/reference/utau-samples/新井里美/連続音-Light/_ふぃふぃふふぃふぉふぃ.wav,_ふぃふぃふふぃふぉふぃ,- ふぃL,5,vcv,44100,1,4.187120,true,true,
新井里美,みつこ,連続音-Light,_ふぇふぇふぃふぇふふぇ.wav,research/data/raw/reference/utau-samples/新井里美/連続音-Light/_ふぇふぇふぃふぇふふぇ.wav,_ふぇふぇふぃふぇふふぇ,- ふぇL,6,vcv,44100,1,4.249615,true,true,
新井里美,みつこ,連続音-Light,_ふぉふぉふぁふぉふぇふぉ.wav,research/data/raw/reference/utau-samples/新井里美/連続音-Light/_ふぉふぉふぁふぉふぇふぉ.wav,_ふぉふぉふぁふぉふぇふぉ,- ふぉL,6,vcv,44100,1,4.249615,true,true,
新井里美,みつこ,連続音-Light,_ふふふぉふふぁふ.wav,research/data/raw/reference/utau-samples/新井里美/連続音-Light/_ふふふぉふふぁふ.wav,_ふふふぉふふぁふ,- ふL,6,vcv,44100,1,4.124626,true,true,
新井里美,みつこ,連続音-Light,_ふふほふはふ.wav,research/data/raw/reference/utau-samples/新井里美/連続音-Light/_ふふほふはふ.wav,_ふふほふはふ,u ほL,2,vcv,44100,1,4.124626,true,true,
新井里美,みつこ,連続音-Light,_ぶぶぼぶばぶ.wav,research/data/raw/reference/utau-samples/新井里美/連続音-Light/_ぶぶぼぶばぶ.wav,_ぶぶぼぶばぶ,,0,vcv,44100,1,4.124626,true,true,
新井里美,みつこ,連続音-Light,_ぷぷぽぷぱぷ.wav,research/data/raw/reference/utau-samples/新井里美/連続音-Light/_ぷぷぽぷぱぷ.wav,_ぷぷぽぷぱぷ,,0,vcv,44100,1,4.249615,true,true,
新井里美,みつこ,連続音-Light,_へへひへふへ.wav,research/data/raw/reference/utau-samples/新井里美/連続音-Light/_へへひへふへ.wav,_へへひへふへ,- へL,4,vcv,44100,1,4.249615,true,true,
新井里美,みつこ,連続音-Light,_べべびべぶべ.wav,research/data/raw/reference/utau-samples/新井里美/連続音-Light/_べべびべぶべ.wav,_べべびべぶべ,,0,vcv,44100,1,4.249615,true,true,
新井里美,みつこ,連続音-Light,_ぺぺぴぺぷぺ.wav,research/data/raw/reference/utau-samples/新井里美/連続音-Light/_ぺぺぴぺぷぺ.wav,_ぺぺぴぺぷぺ,,0,vcv,44100,1,4.187120,true,true,
新井里美,みつこ,連続音-Light,_ほほはほへほ.wav,research/data/raw/reference/utau-samples/新井里美/連続音-Light/_ほほはほへほ.wav,_ほほはほへほ,- ほL,6,vcv,44100,1,4.249615,true,true,
新井里美,みつこ,連続音-Light,_ぼぼばぼべぼ.wav,research/data/raw/reference/utau-samples/新井里美/連続音-Light/_ぼぼばぼべぼ.wav,_ぼぼばぼべぼ,,0,vcv,44100,1,4.187120,true,true,
新井里美,みつこ,連続音-Light,_ぽぽぱぽぺぽ.wav,research/data/raw/reference/utau-samples/新井里美/連続音-Light/_ぽぽぱぽぺぽ.wav,_ぽぽぱぽぺぽ,,0,vcv,44100,1,4.124626,true,true,
新井里美,みつこ,連続音-Light,_ままめまみま.wav,research/data/raw/reference/utau-samples/新井里美/連続音-Light/_ままめまみま.wav,_ままめまみま,- まL,6,vcv,44100,1,4.124626,true,true,
新井里美,みつこ,連続音-Light,_みぇみぇみみぇみゅみぇ.wav,research/data/raw/reference/utau-samples/新井里美/連続音-Light/_みぇみぇみみぇみゅみぇ.wav,_みぇみぇみみぇみゅみぇ,- みぇL,6,vcv,44100,1,4.124626,true,true,
新井里美,みつこ,連続音-Light,_みみみゅみみょみ.wav,research/data/raw/reference/utau-samples/新井里美/連続音-Light/_みみみゅみみょみ.wav,_みみみゅみみょみ,- みL,6,vcv,44100,1,4.249615,true,true,
新井里美,みつこ,連続音-Light,_みみむみもみ.wav,research/data/raw/reference/utau-samples/新井里美/連続音-Light/_みみむみもみ.wav,_みみむみもみ,i むL,2,vcv,44100,1,4.187120,true,true,
新井里美,みつこ,連続音-Light,_みゃみゃみぇみゃみみゃ.wav,research/data/raw/reference/utau-samples/新井里美/連続音-Light/_みゃみゃみぇみゃみみゃ.wav,_みゃみゃみぇみゃみみゃ,- みゃL,5,vcv,44100,1,4.187120,true,true,
新井里美,みつこ,連続音-Light,_みゅみゅみょみゅみゃみゅ.wav,research/data/raw/reference/utau-samples/新井里美/連続音-Light/_みゅみゅみょみゅみゃみゅ.wav,_みゅみゅみょみゅみゃみゅ,- みゅL,6,vcv,44100,1,4.249615,true,true,
新井里美,みつこ,連続音-Light,_みょみょみゃみょみぇみょ.wav,research/data/raw/reference/utau-samples/新井里美/連続音-Light/_みょみょみゃみょみぇみょ.wav,_みょみょみゃみょみぇみょ,- みょL,6,vcv,44100,1,4.124626,true,true,
新井里美,みつこ,連続音-Light,_むむもむまむ.wav,research/data/raw/reference/utau-samples/新井里美/連続音-Light/_むむもむまむ.wav,_むむもむまむ,- むL,6,vcv,44100,1,4.249615,true,true,
新井里美,みつこ,連続音-Light,_めめみめむめ.wav,research/data/raw/reference/utau-samples/新井里美/連続音-Light/_めめみめむめ.wav,_めめみめむめ,- めL,5,vcv,44100,1,4.124626,true,true,
新井里美,みつこ,連続音-Light,_ももまもめも.wav,research/data/raw/reference/utau-samples/新井里美/連続音-Light/_ももまもめも.wav,_ももまもめも,- もL,6,vcv,44100,1,4.187120,true,true,
新井里美,みつこ,連続音-Light,_ややいぇやいや.wav,research/data/raw/reference/utau-samples/新井里美/連続音-Light/_ややいぇやいや.wav,_ややいぇやいや,- やL,5,vcv,44100,1,4.187120,true,true,
新井里美,みつこ,連続音-Light,_ゆゆよゆやゆ.wav,research/data/raw/reference/utau-samples/新井里美/連続音-Light/_ゆゆよゆやゆ.wav,_ゆゆよゆやゆ,- ゆL,6,vcv,44100,1,4.249615,true,true,
新井里美,みつこ,連続音-Light,_よよやよいぇよ.wav,research/data/raw/reference/utau-samples/新井里美/連続音-Light/_よよやよいぇよ.wav,_よよやよいぇよ,- よL,6,vcv,44100,1,4.187120,true,true,
新井里美,みつこ,連続音-Light,_らられらりら.wav,research/data/raw/reference/utau-samples/新井里美/連続音-Light/_らられらりら.wav,_らられらりら,- らL,6,vcv,44100,1,4.124626,true,true,
新井里美,みつこ,連続音-Light,_りぇりぇりりぇりゅりぇ.wav,research/data/raw/reference/utau-samples/新井里美/連続音-Light/_りぇりぇりりぇりゅりぇ.wav,_りぇりぇりりぇりゅりぇ,- りぇL,6,vcv,44100,1,4.249615,true,true,
新井里美,みつこ,連続音-Light,_りゃりゃりぇりゃりりゃ.wav,research/data/raw/reference/utau-samples/新井里美/連続音-Light/_りゃりゃりぇりゃりりゃ.wav,_りゃりゃりぇりゃりりゃ,- りゃL,5,vcv,44100,1,4.124626,true,true,
新井里美,みつこ,連続音-Light,_りゅりゅりょりゅりゃりゅ.wav,research/data/raw/reference/utau-samples/新井里美/連続音-Light/_りゅりゅりょりゅりゃりゅ.wav,_りゅりゅりょりゅりゃりゅ,- りゅL,6,vcv,44100,1,4.249615,true,true,
新井里美,みつこ,連続音-Light,_りょりょりゃりょりぇりょ.wav,research/data/raw/reference/utau-samples/新井里美/連続音-Light/_りょりょりゃりょりぇりょ.wav,_りょりょりゃりょりぇりょ,- りょL,6,vcv,44100,1,4.249615,true,true,
新井里美,みつこ,連続音-Light,_りりりゅりりょり.wav,research/data/raw/reference/utau-samples/新井里美/連続音-Light/_りりりゅりりょり.wav,_りりりゅりりょり,- りL,6,vcv,44100,1,4.124626,true,true,
新井里美,みつこ,連続音-Light,_りりるりろり.wav,research/data/raw/reference/utau-samples/新井里美/連続音-Light/_りりるりろり.wav,_りりるりろり,i るL,2,vcv,44100,1,4.249615,true,true,
新井里美,みつこ,連続音-Light,_るるろるらる.wav,research/data/raw/reference/utau-samples/新井里美/連続音-Light/_るるろるらる.wav,_るるろるらる,- るL,6,vcv,44100,1,4.187120,true,true,
新井里美,みつこ,連続音-Light,_れれりれるれ.wav,research/data/raw/reference/utau-samples/新井里美/連続音-Light/_れれりれるれ.wav,_れれりれるれ,- れL,5,vcv,44100,1,4.249615,true,true,
新井里美,みつこ,連続音-Light,_ろろらろれろ.wav,research/data/raw/reference/utau-samples/新井里美/連続音-Light/_ろろらろれろ.wav,_ろろらろれろ,- ろL,6,vcv,44100,1,4.187120,true,true,
新井里美,みつこ,連続音-Light,_わわうぇわうぃわ.wav,research/data/raw/reference/utau-samples/新井里美/連続音-Light/_わわうぇわうぃわ.wav,_わわうぇわうぃわ,- わL,6,vcv,44100,1,4.124626,true,true,
新井里美,みつこ,連続音-Light,_んあんいんう.wav,research/data/raw/reference/utau-samples/新井里美/連続音-Light/_んあんいんう.wav,_んあんいんう,- んL,6,vcv,44100,1,4.249615,true,true,
新井里美,みつこ,連続音-Light,_んいんゆんよ.wav,research/data/raw/reference/utau-samples/新井里美/連続音-Light/_んいんゆんよ.wav,_んいんゆんよ,n ゆL,3,vcv,44100,1,4.124626,true,true,
新井里美,みつこ,連続音-Light,_んうぃんうんうぉ.wav,research/data/raw/reference/utau-samples/新井里美/連続音-Light/_んうぃんうんうぉ.wav,_んうぃんうんうぉ,n うぃL,2,vcv,44100,1,4.124626,true,true,
新井里美,みつこ,連続音-Light,_んえんおんん.wav,research/data/raw/reference/utau-samples/新井里美/連続音-Light/_んえんおんん.wav,_んえんおんん,n えL,6,vcv,44100,1,4.249615,true,true,
新井里美,みつこ,連続音-Light,_んかんけんき.wav,research/data/raw/reference/utau-samples/新井里美/連続音-Light/_んかんけんき.wav,_んかんけんき,n かL,3,vcv,44100,1,4.124626,true,true,
新井里美,みつこ,連続音-Light,_んがんげんぎ.wav,research/data/raw/reference/utau-samples/新井里美/連続音-Light/_んがんげんぎ.wav,_んがんげんぎ,,0,vcv,44100,1,4.187120,true,true,
新井里美,みつこ,連続音-Light,_んきゃんきぇんき.wav,research/data/raw/reference/utau-samples/新井里美/連続音-Light/_んきゃんきぇんき.wav,_んきゃんきぇんき,n きゃL,2,vcv,44100,1,4.124626,true,true,
新井里美,みつこ,連続音-Light,_んきんきゅんきょ.wav,research/data/raw/reference/utau-samples/新井里美/連続音-Light/_んきんきゅんきょ.wav,_んきんきゅんきょ,n きゅL,2,vcv,44100,1,4.249615,true,true,
新井里美,みつこ,連続音-Light,_んきんくんこ.wav,research/data/raw/reference/utau-samples/新井里美/連続音-Light/_んきんくんこ.wav,_んきんくんこ,n くL,2,vcv,44100,1,4.249615,true,true,
新井里美,みつこ,連続音-Light,_んぎゃんぎぇんぎ.wav,research/data/raw/reference/utau-samples/新井里美/連続音-Light/_んぎゃんぎぇんぎ.wav,_んぎゃんぎぇんぎ,,0,vcv,44100,1,4.249615,true,true,
新井里美,みつこ,連続音-Light,_んぎんぎゅんぎょ.wav,research/data/raw/reference/utau-samples/新井里美/連続音-Light/_んぎんぎゅんぎょ.wav,_んぎんぎゅんぎょ,,0,vcv,44100,1,4.249615,true,true,
新井里美,みつこ,連続音-Light,_んぎんぐんご.wav,research/data/raw/reference/utau-samples/新井里美/連続音-Light/_んぎんぐんご.wav,_んぎんぐんご,,0,vcv,44100,1,4.124626,true,true,
新井里美,みつこ,連続音-Light,_んさんせんすぃ.wav,research/data/raw/reference/utau-samples/新井里美/連続音-Light/_んさんせんすぃ.wav,_んさんせんすぃ,n さL,3,vcv,44100,1,4.249615,true,true,
新井里美,みつこ,連続音-Light,_んざんぜんずぃ.wav,research/data/raw/reference/utau-samples/新井里美/連続音-Light/_んざんぜんずぃ.wav,_んざんぜんずぃ,,0,vcv,44100,1,4.249615,true,true,
新井里美,みつこ,連続音-Light,_んしゃんしぇんし.wav,research/data/raw/reference/utau-samples/新井里美/連続音-Light/_んしゃんしぇんし.wav,_んしゃんしぇんし,n しゃL,3,vcv,44100,1,4.124626,true,true,
新井里美,みつこ,連続音-Light,_んしんしゅんしょ.wav,research/data/raw/reference/utau-samples/新井里美/連続音-Light/_んしんしゅんしょ.wav,_んしんしゅんしょ,n しゅL,2,vcv,44100,1,4.249615,true,true,
新井里美,みつこ,連続音-Light,_んじゃんじぇんじ.wav,research/data/raw/reference/utau-samples/新井里美/連続音-Light/_んじゃんじぇんじ.wav,_んじゃんじぇんじ,,0,vcv,44100,1,4.124626,true,true,
新井里美,みつこ,連続音-Light,_んじんじゅんじょ.wav,research/data/raw/reference/utau-samples/新井里美/連続音-Light/_んじんじゅんじょ.wav,_んじんじゅんじょ,,0,vcv,44100,1,4.249615,true,true,
新井里美,みつこ,連続音-Light,_んすぃんすんそ.wav,research/data/raw/reference/utau-samples/新井里美/連続音-Light/_んすぃんすんそ.wav,_んすぃんすんそ,n すL,2,vcv,44100,1,4.249615,true,true,
新井里美,みつこ,連続音-Light,_んずぃんずんぞ.wav,research/data/raw/reference/utau-samples/新井里美/連続音-Light/_んずぃんずんぞ.wav,_んずぃんずんぞ,,0,vcv,44100,1,4.124626,true,true,
新井里美,みつこ,連続音-Light,_んたんてんてぃ.wav,research/data/raw/reference/utau-samples/新井里美/連続音-Light/_んたんてんてぃ.wav,_んたんてんてぃ,n たL,3,vcv,44100,1,4.124626,true,true,
新井里美,みつこ,連続音-Light,_んだんでんでぃ.wav,research/data/raw/reference/utau-samples/新井里美/連続音-Light/_んだんでんでぃ.wav,_んだんでんでぃ,,0,vcv,44100,1,4.124626,true,true,
新井里美,みつこ,連続音-Light,_んちゃんちぇんち.wav,research/data/raw/reference/utau-samples/新井里美/連続音-Light/_んちゃんちぇんち.wav,_んちゃんちぇんち,n ちゃL,3,vcv,44100,1,4.124626,true,true,
新井里美,みつこ,連続音-Light,_んちんちゅんちょ.wav,research/data/raw/reference/utau-samples/新井里美/連続音-Light/_んちんちゅんちょ.wav,_んちんちゅんちょ,n ちゅL,2,vcv,44100,1,4.187120,true,true,
新井里美,みつこ,連続音-Light,_んつぁんつぇんつぃ.wav,research/data/raw/reference/utau-samples/新井里美/連続音-Light/_んつぁんつぇんつぃ.wav,_んつぁんつぇんつぃ,n つぁL,3,vcv,44100,1,4.124626,true,true,
新井里美,みつこ,連続音-Light,_んつぃんつんつぉ.wav,research/data/raw/reference/utau-samples/新井里美/連続音-Light/_んつぃんつんつぉ.wav,_んつぃんつんつぉ,n つL,2,vcv,44100,1,4.249615,true,true,
新井里美,みつこ,連続音-Light,_んてぃんとぅんと.wav,research/data/raw/reference/utau-samples/新井里美/連続音-Light/_んてぃんとぅんと.wav,_んてぃんとぅんと,n とぅL,2,vcv,44100,1,4.249615,true,true,
新井里美,みつこ,連続音-Light,_んでぃんどぅんど.wav,research/data/raw/reference/utau-samples/新井里美/連続音-Light/_んでぃんどぅんど.wav,_んでぃんどぅんど,,0,vcv,44100,1,4.124626,true,true,
新井里美,みつこ,連続音-Light,_んなんねんに.wav,research/data/raw/reference/utau-samples/新井里美/連続音-Light/_んなんねんに.wav,_んなんねんに,n なL,3,vcv,44100,1,4.249615,true,true,
新井里美,みつこ,連続音-Light,_んにゃんにぇんに.wav,research/data/raw/reference/utau-samples/新井里美/連続音-Light/_んにゃんにぇんに.wav,_んにゃんにぇんに,n にゃL,2,vcv,44100,1,4.124626,true,true,
新井里美,みつこ,連続音-Light,_んにんにゅんにょ.wav,research/data/raw/reference/utau-samples/新井里美/連続音-Light/_んにんにゅんにょ.wav,_んにんにゅんにょ,n にゅL,2,vcv,44100,1,4.187120,true,true,
新井里美,みつこ,連続音-Light,_んにんぬんの.wav,research/data/raw/reference/utau-samples/新井里美/連続音-Light/_んにんぬんの.wav,_んにんぬんの,n ぬL,2,vcv,44100,1,4.187120,true,true,
新井里美,みつこ,連続音-Light,_んはんへんひ.wav,research/data/raw/reference/utau-samples/新井里美/連続音-Light/_んはんへんひ.wav,_んはんへんひ,n はL,3,vcv,44100,1,4.187120,true,true,
新井里美,みつこ,連続音-Light,_んばんべんび.wav,research/data/raw/reference/utau-samples/新井里美/連続音-Light/_んばんべんび.wav,_んばんべんび,,0,vcv,44100,1,4.124626,true,true,
新井里美,みつこ,連続音-Light,_んぱんぺんぴ.wav,research/data/raw/reference/utau-samples/新井里美/連続音-Light/_んぱんぺんぴ.wav,_んぱんぺんぴ,,0,vcv,44100,1,4.187120,true,true,
新井里美,みつこ,連続音-Light,_んひゃんひぇんひ.wav,research/data/raw/reference/utau-samples/新井里美/連続音-Light/_んひゃんひぇんひ.wav,_んひゃんひぇんひ,n ひゃL,2,vcv,44100,1,4.249615,true,true,
新井里美,みつこ,連続音-Light,_んひんひゅんひょ.wav,research/data/raw/reference/utau-samples/新井里美/連続音-Light/_んひんひゅんひょ.wav,_んひんひゅんひょ,n ひゅL,2,vcv,44100,1,4.187120,true,true,
新井里美,みつこ,連続音-Light,_んひんふんほ.wav,research/data/raw/reference/utau-samples/新井里美/連続音-Light/_んひんふんほ.wav,_んひんふんほ,n ふL,2,vcv,44100,1,4.124626,true,true,
新井里美,みつこ,連続音-Light,_んびゃんびぇんび.wav,research/data/raw/reference/utau-samples/新井里美/連続音-Light/_んびゃんびぇんび.wav,_んびゃんびぇんび,,0,vcv,44100,1,4.124626,true,true,
新井里美,みつこ,連続音-Light,_んびんびゅんびょ.wav,research/data/raw/reference/utau-samples/新井里美/連続音-Light/_んびんびゅんびょ.wav,_んびんびゅんびょ,,0,vcv,44100,1,4.187120,true,true,
新井里美,みつこ,連続音-Light,_んびんぶんぼ.wav,research/data/raw/reference/utau-samples/新井里美/連続音-Light/_んびんぶんぼ.wav,_んびんぶんぼ,,0,vcv,44100,1,4.249615,true,true,
新井里美,みつこ,連続音-Light,_んぴゃんぴぇんぴ.wav,research/data/raw/reference/utau-samples/新井里美/連続音-Light/_んぴゃんぴぇんぴ.wav,_んぴゃんぴぇんぴ,,0,vcv,44100,1,4.187120,true,true,
新井里美,みつこ,連続音-Light,_んぴんぴゅんぴょ.wav,research/data/raw/reference/utau-samples/新井里美/連続音-Light/_んぴんぴゅんぴょ.wav,_んぴんぴゅんぴょ,,0,vcv,44100,1,4.249615,true,true,
新井里美,みつこ,連続音-Light,_んぴんぷんぽ.wav,research/data/raw/reference/utau-samples/新井里美/連続音-Light/_んぴんぷんぽ.wav,_んぴんぷんぽ,,0,vcv,44100,1,4.187120,true,true,
新井里美,みつこ,連続音-Light,_んふぁんふぇんふぃ.wav,research/data/raw/reference/utau-samples/新井里美/連続音-Light/_んふぁんふぇんふぃ.wav,_んふぁんふぇんふぃ,n ふぁL,3,vcv,44100,1,4.249615,true,true,
新井里美,みつこ,連続音-Light,_んふぃんふんふぉ.wav,research/data/raw/reference/utau-samples/新井里美/連続音-Light/_んふぃんふんふぉ.wav,_んふぃんふんふぉ,n ふぉL,1,vcv,44100,1,4.124626,true,true,
新井里美,みつこ,連続音-Light,_んまんめんみ.wav,research/data/raw/reference/utau-samples/新井里美/連続音-Light/_んまんめんみ.wav,_んまんめんみ,n まL,3,vcv,44100,1,4.187120,true,true,
新井里美,みつこ,連続音-Light,_んみゃんみぇんみ.wav,research/data/raw/reference/utau-samples/新井里美/連続音-Light/_んみゃんみぇんみ.wav,_んみゃんみぇんみ,n みゃL,2,vcv,44100,1,4.249615,true,true,
新井里美,みつこ,連続音-Light,_んみんみゅんみょ.wav,research/data/raw/reference/utau-samples/新井里美/連続音-Light/_んみんみゅんみょ.wav,_んみんみゅんみょ,n みゅL,2,vcv,44100,1,4.187120,true,true,
新井里美,みつこ,連続音-Light,_んみんむんも.wav,research/data/raw/reference/utau-samples/新井里美/連続音-Light/_んみんむんも.wav,_んみんむんも,n むL,2,vcv,44100,1,4.124626,true,true,
新井里美,みつこ,連続音-Light,_んやんいぇんい.wav,research/data/raw/reference/utau-samples/新井里美/連続音-Light/_んやんいぇんい.wav,_んやんいぇんい,n やL,2,vcv,44100,1,4.124626,true,true,
新井里美,みつこ,連続音-Light,_んらんれんり.wav,research/data/raw/reference/utau-samples/新井里美/連続音-Light/_んらんれんり.wav,_んらんれんり,n らL,3,vcv,44100,1,4.249615,true,true,
新井里美,みつこ,連続音-Light,_んりゃんりぇんり.wav,research/data/raw/reference/utau-samples/新井里美/連続音-Light/_んりゃんりぇんり.wav,_んりゃんりぇんり,n りゃL,2,vcv,44100,1,4.187120,true,true,
新井里美,みつこ,連続音-Light,_んりんりゅんりょ.wav,research/data/raw/reference/utau-samples/新井里美/連続音-Light/_んりんりゅんりょ.wav,_んりんりゅんりょ,n りゅL,2,vcv,44100,1,4.124626,true,true,
新井里美,みつこ,連続音-Light,_んりんるんろ.wav,research/data/raw/reference/utau-samples/新井里美/連続音-Light/_んりんるんろ.wav,_んりんるんろ,n るL,2,vcv,44100,1,4.124626,true,true,
新井里美,みつこ,連続音-Light,_んわんうぇんうぃ.wav,research/data/raw/reference/utau-samples/新井里美/連続音-Light/_んわんうぇんうぃ.wav,_んわんうぇんうぃ,n わL,2,vcv,44100,1,4.124626,true,true,
水原薫,みずお,おまけ,Let's_singing.wav,research/data/raw/reference/utau-samples/水原薫/おまけ/Let's_singing.wav,Let's_singing,,1,unknown,44100,1,1.799546,true,true,
水原薫,みずお,おまけ,Let's_singing2.wav,research/data/raw/reference/utau-samples/水原薫/おまけ/Let's_singing2.wav,Let's_singing2,,1,unknown,44100,1,1.787937,true,true,
水原薫,みずお,おまけ,Let's_singing3.wav,research/data/raw/reference/utau-samples/水原薫/おまけ/Let's_singing3.wav,Let's_singing3,,1,unknown,44100,1,1.300317,true,true,
水原薫,みずお,おまけ,息.wav,research/data/raw/reference/utau-samples/水原薫/おまけ/息.wav,息,息,1,cv,44100,1,0.615329,true,true,
水原薫,みずお,おまけ,歌います.wav,research/data/raw/reference/utau-samples/水原薫/おまけ/歌います.wav,歌います,,1,unknown,44100,1,0.928798,true,true,
水原薫,みずお,おまけ,歌います2.wav,research/data/raw/reference/utau-samples/水原薫/おまけ/歌います2.wav,歌います2,,1,unknown,44100,1,1.021678,true,true,
水原薫,みずお,おまけ,歌います3.wav,research/data/raw/reference/utau-samples/水原薫/おまけ/歌います3.wav,歌います3,,1,unknown,44100,1,1.567347,true,true,
水原薫,みずお,おまけ,歌っちゃうからね.wav,research/data/raw/reference/utau-samples/水原薫/おまけ/歌っちゃうからね.wav,歌っちゃうからね,,1,unknown,44100,1,1.369977,true,true,
水原薫,みずお,おまけ,歌っちゃうからね2.wav,research/data/raw/reference/utau-samples/水原薫/おまけ/歌っちゃうからね2.wav,歌っちゃうからね2,,1,unknown,44100,1,1.845986,true,true,
水原薫,みずお,おまけ,歌っちゃうんだってヴぁ.wav,research/data/raw/reference/utau-samples/水原薫/おまけ/歌っちゃうんだってヴぁ.wav,歌っちゃうんだってヴぁ,,0,unknown,44100,1,1.915646,true,true,
水原薫,みずお,おまけ,歌わせていただきます.wav,research/data/raw/reference/utau-samples/水原薫/おまけ/歌わせていただきます.wav,歌わせていただきます,,0,unknown,44100,1,3.494603,true,true,
水原薫,みずお,おまけ,語尾.wav,research/data/raw/reference/utau-samples/水原薫/おまけ/語尾.wav,語尾,a R,5,vcv,44100,1,9.822222,true,true,
水原薫,みずお,単独音,あ.wav,research/data/raw/reference/utau-samples/水原薫/単独音/あ.wav,あ,,1,vowel,44100,1,1.687347,true,true,
水原薫,みずお,単独音,い.wav,research/data/raw/reference/utau-samples/水原薫/単独音/い.wav,い,,1,vowel,44100,1,1.687347,true,true,
水原薫,みずお,単独音,いぇ.wav,research/data/raw/reference/utau-samples/水原薫/単独音/いぇ.wav,いぇ,,1,cv,44100,1,1.812336,true,true,
水原薫,みずお,単独音,う.wav,research/data/raw/reference/utau-samples/水原薫/単独音/う.wav,う,,1,vowel,44100,1,1.687347,true,true,
水原薫,みずお,単独音,うぃ.wav,research/data/raw/reference/utau-samples/水原薫/単独音/うぃ.wav,うぃ,,1,cv,44100,1,1.749841,true,true,
水原薫,みずお,単独音,うぇ.wav,research/data/raw/reference/utau-samples/水原薫/単独音/うぇ.wav,うぇ,,1,cv,44100,1,1.687347,true,true,
水原薫,みずお,単独音,うぉ.wav,research/data/raw/reference/utau-samples/水原薫/単独音/うぉ.wav,うぉ,,1,cv,44100,1,1.687347,true,true,
水原薫,みずお,単独音,え.wav,research/data/raw/reference/utau-samples/水原薫/単独音/え.wav,え,,1,vowel,44100,1,1.687347,true,true,
水原薫,みずお,単独音,お.wav,research/data/raw/reference/utau-samples/水原薫/単独音/お.wav,お,を,1,vowel,44100,1,1.687347,true,true,
水原薫,みずお,単独音,か.wav,research/data/raw/reference/utau-samples/水原薫/単独音/か.wav,か,,1,cv,44100,1,1.749841,true,true,
水原薫,みずお,単独音,が.wav,research/data/raw/reference/utau-samples/水原薫/単独音/が.wav,が,,0,cv,44100,1,1.687347,true,true,
水原薫,みずお,単独音,き.wav,research/data/raw/reference/utau-samples/水原薫/単独音/き.wav,き,,1,cv,44100,1,1.687347,true,true,
水原薫,みずお,単独音,きぇ.wav,research/data/raw/reference/utau-samples/水原薫/単独音/きぇ.wav,きぇ,,1,cv,44100,1,1.687347,true,true,
水原薫,みずお,単独音,きゃ.wav,research/data/raw/reference/utau-samples/水原薫/単独音/きゃ.wav,きゃ,,1,cv,44100,1,1.749841,true,true,
水原薫,みずお,単独音,きゅ.wav,research/data/raw/reference/utau-samples/水原薫/単独音/きゅ.wav,きゅ,,1,cv,44100,1,1.687347,true,true,
水原薫,みずお,単独音,きょ.wav,research/data/raw/reference/utau-samples/水原薫/単独音/きょ.wav,きょ,,1,cv,44100,1,1.687347,true,true,
水原薫,みずお,単独音,ぎ.wav,research/data/raw/reference/utau-samples/水原薫/単独音/ぎ.wav,ぎ,,0,cv,44100,1,1.687347,true,true,
水原薫,みずお,単独音,ぎぇ.wav,research/data/raw/reference/utau-samples/水原薫/単独音/ぎぇ.wav,ぎぇ,,0,cv,44100,1,1.687347,true,true,
水原薫,みずお,単独音,ぎゃ.wav,research/data/raw/reference/utau-samples/水原薫/単独音/ぎゃ.wav,ぎゃ,,0,cv,44100,1,1.687347,true,true,
水原薫,みずお,単独音,ぎゅ.wav,research/data/raw/reference/utau-samples/水原薫/単独音/ぎゅ.wav,ぎゅ,,0,cv,44100,1,1.687347,true,true,
水原薫,みずお,単独音,ぎょ.wav,research/data/raw/reference/utau-samples/水原薫/単独音/ぎょ.wav,ぎょ,,0,cv,44100,1,1.749841,true,true,
水原薫,みずお,単独音,く.wav,research/data/raw/reference/utau-samples/水原薫/単独音/く.wav,く,,1,cv,44100,1,1.687347,true,true,
水原薫,みずお,単独音,くぁ.wav,research/data/raw/reference/utau-samples/水原薫/単独音/くぁ.wav,くぁ,,1,cv,44100,1,1.687347,true,true,
水原薫,みずお,単独音,くぃ.wav,research/data/raw/reference/utau-samples/水原薫/単独音/くぃ.wav,くぃ,,1,cv,44100,1,1.687347,true,true,
水原薫,みずお,単独音,くぇ.wav,research/data/raw/reference/utau-samples/水原薫/単独音/くぇ.wav,くぇ,,1,cv,44100,1,1.687347,true,true,
水原薫,みずお,単独音,くぉ.wav,research/data/raw/reference/utau-samples/水原薫/単独音/くぉ.wav,くぉ,,1,cv,44100,1,1.687347,true,true,
水原薫,みずお,単独音,ぐ.wav,research/data/raw/reference/utau-samples/水原薫/単独音/ぐ.wav,ぐ,,0,cv,44100,1,1.687347,true,true,
水原薫,みずお,単独音,ぐぁ.wav,research/data/raw/reference/utau-samples/水原薫/単独音/ぐぁ.wav,ぐぁ,,0,cv,44100,1,1.687347,true,true,
水原薫,みずお,単独音,ぐぃ.wav,research/data/raw/reference/utau-samples/水原薫/単独音/ぐぃ.wav,ぐぃ,,0,cv,44100,1,1.687347,true,true,
水原薫,みずお,単独音,ぐぇ.wav,research/data/raw/reference/utau-samples/水原薫/単独音/ぐぇ.wav,ぐぇ,,0,cv,44100,1,1.749841,true,true,
水原薫,みずお,単独音,ぐぉ.wav,research/data/raw/reference/utau-samples/水原薫/単独音/ぐぉ.wav,ぐぉ,,0,cv,44100,1,1.687347,true,true,
水原薫,みずお,単独音,け.wav,research/data/raw/reference/utau-samples/水原薫/単独音/け.wav,け,,1,cv,44100,1,1.687347,true,true,
水原薫,みずお,単独音,げ.wav,research/data/raw/reference/utau-samples/水原薫/単独音/げ.wav,げ,,0,cv,44100,1,1.687347,true,true,
水原薫,みずお,単独音,こ.wav,research/data/raw/reference/utau-samples/水原薫/単独音/こ.wav,こ,,1,cv,44100,1,1.687347,true,true,
水原薫,みずお,単独音,ご.wav,research/data/raw/reference/utau-samples/水原薫/単独音/ご.wav,ご,,0,cv,44100,1,1.687347,true,true,
水原薫,みずお,単独音,さ.wav,research/data/raw/reference/utau-samples/水原薫/単独音/さ.wav,さ,,1,cv,44100,1,1.687347,true,true,
水原薫,みずお,単独音,ざ.wav,research/data/raw/reference/utau-samples/水原薫/単独音/ざ.wav,ざ,,0,cv,44100,1,1.687347,true,true,
水原薫,みずお,単独音,し.wav,research/data/raw/reference/utau-samples/水原薫/単独音/し.wav,し,,1,cv,44100,1,1.687347,true,true,
水原薫,みずお,単独音,しぇ.wav,research/data/raw/reference/utau-samples/水原薫/単独音/しぇ.wav,しぇ,,1,cv,44100,1,1.749841,true,true,
水原薫,みずお,単独音,しゃ.wav,research/data/raw/reference/utau-samples/水原薫/単独音/しゃ.wav,しゃ,,1,cv,44100,1,1.687347,true,true,
水原薫,みずお,単独音,しゅ.wav,research/data/raw/reference/utau-samples/水原薫/単独音/しゅ.wav,しゅ,,1,cv,44100,1,1.749841,true,true,
水原薫,みずお,単独音,しょ.wav,research/data/raw/reference/utau-samples/水原薫/単独音/しょ.wav,しょ,,1,cv,44100,1,1.687347,true,true,
水原薫,みずお,単独音,じ.wav,research/data/raw/reference/utau-samples/水原薫/単独音/じ.wav,じ,,0,cv,44100,1,1.749841,true,true,
水原薫,みずお,単独音,じぇ.wav,research/data/raw/reference/utau-samples/水原薫/単独音/じぇ.wav,じぇ,,0,cv,44100,1,1.624853,true,true,
水原薫,みずお,単独音,じゃ.wav,research/data/raw/reference/utau-samples/水原薫/単独音/じゃ.wav,じゃ,,0,cv,44100,1,1.687347,true,true,
水原薫,みずお,単独音,じゅ.wav,research/data/raw/reference/utau-samples/水原薫/単独音/じゅ.wav,じゅ,,0,cv,44100,1,1.687347,true,true,
水原薫,みずお,単独音,じょ.wav,research/data/raw/reference/utau-samples/水原薫/単独音/じょ.wav,じょ,,0,cv,44100,1,1.687347,true,true,
水原薫,みずお,単独音,す.wav,research/data/raw/reference/utau-samples/水原薫/単独音/す.wav,す,,1,cv,44100,1,1.687347,true,true,
水原薫,みずお,単独音,すぃ.wav,research/data/raw/reference/utau-samples/水原薫/単独音/すぃ.wav,すぃ,,1,cv,44100,1,1.687347,true,true,
水原薫,みずお,単独音,ず.wav,research/data/raw/reference/utau-samples/水原薫/単独音/ず.wav,ず,,0,cv,44100,1,1.687347,true,true,
水原薫,みずお,単独音,ずぁ.wav,research/data/raw/reference/utau-samples/水原薫/単独音/ずぁ.wav,ずぁ,,0,cv,44100,1,1.749841,true,true,
水原薫,みずお,単独音,ずぃ.wav,research/data/raw/reference/utau-samples/水原薫/単独音/ずぃ.wav,ずぃ,,0,cv,44100,1,1.749841,true,true,
水原薫,みずお,単独音,ずぇ.wav,research/data/raw/reference/utau-samples/水原薫/単独音/ずぇ.wav,ずぇ,,0,cv,44100,1,1.687347,true,true,
水原薫,みずお,単独音,ずぉ.wav,research/data/raw/reference/utau-samples/水原薫/単独音/ずぉ.wav,ずぉ,,0,cv,44100,1,1.687347,true,true,
水原薫,みずお,単独音,せ.wav,research/data/raw/reference/utau-samples/水原薫/単独音/せ.wav,せ,,1,cv,44100,1,1.687347,true,true,
水原薫,みずお,単独音,ぜ.wav,research/data/raw/reference/utau-samples/水原薫/単独音/ぜ.wav,ぜ,,0,cv,44100,1,1.749841,true,true,
水原薫,みずお,単独音,そ.wav,research/data/raw/reference/utau-samples/水原薫/単独音/そ.wav,そ,,1,cv,44100,1,1.687347,true,true,
水原薫,みずお,単独音,ぞ.wav,research/data/raw/reference/utau-samples/水原薫/単独音/ぞ.wav,ぞ,,0,cv,44100,1,1.687347,true,true,
水原薫,みずお,単独音,た.wav,research/data/raw/reference/utau-samples/水原薫/単独音/た.wav,た,,1,cv,44100,1,1.687347,true,true,
水原薫,みずお,単独音,だ.wav,research/data/raw/reference/utau-samples/水原薫/単独音/だ.wav,だ,,0,cv,44100,1,1.687347,true,true,
水原薫,みずお,単独音,ち.wav,research/data/raw/reference/utau-samples/水原薫/単独音/ち.wav,ち,,1,cv,44100,1,1.687347,true,true,
水原薫,みずお,単独音,ちぇ.wav,research/data/raw/reference/utau-samples/水原薫/単独音/ちぇ.wav,ちぇ,,1,cv,44100,1,1.687347,true,true,
水原薫,みずお,単独音,ちゃ.wav,research/data/raw/reference/utau-samples/水原薫/単独音/ちゃ.wav,ちゃ,,1,cv,44100,1,1.687347,true,true,
水原薫,みずお,単独音,ちゅ.wav,research/data/raw/reference/utau-samples/水原薫/単独音/ちゅ.wav,ちゅ,,1,cv,44100,1,1.687347,true,true,
水原薫,みずお,単独音,ちょ.wav,research/data/raw/reference/utau-samples/水原薫/単独音/ちょ.wav,ちょ,,1,cv,44100,1,1.687347,true,true,
水原薫,みずお,単独音,つ.wav,research/data/raw/reference/utau-samples/水原薫/単独音/つ.wav,つ,,1,cv,44100,1,1.687347,true,true,
水原薫,みずお,単独音,つぁ.wav,research/data/raw/reference/utau-samples/水原薫/単独音/つぁ.wav,つぁ,,1,cv,44100,1,1.687347,true,true,
水原薫,みずお,単独音,つぃ.wav,research/data/raw/reference/utau-samples/水原薫/単独音/つぃ.wav,つぃ,,1,cv,44100,1,1.687347,true,true,
水原薫,みずお,単独音,つぇ.wav,research/data/raw/reference/utau-samples/水原薫/単独音/つぇ.wav,つぇ,,1,cv,44100,1,1.687347,true,true,
水原薫,みずお,単独音,つぉ.wav,research/data/raw/reference/utau-samples/水原薫/単独音/つぉ.wav,つぉ,,1,cv,44100,1,1.749841,true,true,
水原薫,みずお,単独音,て.wav,research/data/raw/reference/utau-samples/水原薫/単独音/て.wav,て,,1,cv,44100,1,1.687347,true,true,
水原薫,みずお,単独音,てぃ.wav,research/data/raw/reference/utau-samples/水原薫/単独音/てぃ.wav,てぃ,,1,cv,44100,1,1.687347,true,true,
水原薫,みずお,単独音,てゅ.wav,research/data/raw/reference/utau-samples/水原薫/単独音/てゅ.wav,てゅ,,1,cv,44100,1,1.749841,true,true,
水原薫,みずお,単独音,で.wav,research/data/raw/reference/utau-samples/水原薫/単独音/で.wav,で,,0,cv,44100,1,1.624853,true,true,
水原薫,みずお,単独音,でぃ.wav,research/data/raw/reference/utau-samples/水原薫/単独音/でぃ.wav,でぃ,,0,cv,44100,1,1.687347,true,true,
水原薫,みずお,単独音,でゅ.wav,research/data/raw/reference/utau-samples/水原薫/単独音/でゅ.wav,でゅ,,0,cv,44100,1,1.749841,true,true,
水原薫,みずお,単独音,と.wav,research/data/raw/reference/utau-samples/水原薫/単独音/と.wav,と,,1,cv,44100,1,1.687347,true,true,
水原薫,みずお,単独音,とぅ.wav,research/data/raw/reference/utau-samples/水原薫/単独音/とぅ.wav,とぅ,,1,cv,44100,1,1.749841,true,true,
水原薫,みずお,単独音,ど.wav,research/data/raw/reference/utau-samples/水原薫/単独音/ど.wav,ど,,0,cv,44100,1,1.687347,true,true,
水原薫,みずお,単独音,どぅ.wav,research/data/raw/reference/utau-samples/水原薫/単独音/どぅ.wav,どぅ,,0,cv,44100,1,1.687347,true,true,
水原薫,みずお,単独音,な.wav,research/data/raw/reference/utau-samples/水原薫/単独音/な.wav,な,,1,cv,44100,1,1.687347,true,true,
水原薫,みずお,単独音,に.wav,research/data/raw/reference/utau-samples/水原薫/単独音/に.wav,に,,1,cv,44100,1,1.687347,true,true,
水原薫,みずお,単独音,にぇ.wav,research/data/raw/reference/utau-samples/水原薫/単独音/にぇ.wav,にぇ,,1,cv,44100,1,1.687347,true,true,
水原薫,みずお,単独音,にゃ.wav,research/data/raw/reference/utau-samples/水原薫/単独音/にゃ.wav,にゃ,,1,cv,44100,1,1.749841,true,true,
水原薫,みずお,単独音,にゅ.wav,research/data/raw/reference/utau-samples/水原薫/単独音/にゅ.wav,にゅ,,1,cv,44100,1,1.687347,true,true,
水原薫,みずお,単独音,にょ.wav,research/data/raw/reference/utau-samples/水原薫/単独音/にょ.wav,にょ,,1,cv,44100,1,1.687347,true,true,
水原薫,みずお,単独音,ぬ.wav,research/data/raw/reference/utau-samples/水原薫/単独音/ぬ.wav,ぬ,,1,cv,44100,1,1.687347,true,true,
水原薫,みずお,単独音,ね.wav,research/data/raw/reference/utau-samples/水原薫/単独音/ね.wav,ね,,1,cv,44100,1,1.812336,true,true,
水原薫,みずお,単独音,の.wav,research/data/raw/reference/utau-samples/水原薫/単独音/の.wav,の,,1,cv,44100,1,1.687347,true,true,
水原薫,みずお,単独音,は.wav,research/data/raw/reference/utau-samples/水原薫/単独音/は.wav,は,,1,cv,44100,1,1.749841,true,true,
水原薫,みずお,単独音,ば.wav,research/data/raw/reference/utau-samples/水原薫/単独音/ば.wav,ば,,0,cv,44100,1,1.687347,true,true,
水原薫,みずお,単独音,ぱ.wav,research/data/raw/reference/utau-samples/水原薫/単独音/ぱ.wav,ぱ,,0,cv,44100,1,1.687347,true,true,
水原薫,みずお,単独音,ひ.wav,research/data/raw/reference/utau-samples/水原薫/単独音/ひ.wav,ひ,,1,cv,44100,1,1.687347,true,true,
水原薫,みずお,単独音,ひぇ.wav,research/data/raw/reference/utau-samples/水原薫/単独音/ひぇ.wav,ひぇ,,1,cv,44100,1,1.687347,true,true,
水原薫,みずお,単独音,ひゃ.wav,research/data/raw/reference/utau-samples/水原薫/単独音/ひゃ.wav,ひゃ,,1,cv,44100,1,1.749841,true,true,
水原薫,みずお,単独音,ひゅ.wav,research/data/raw/reference/utau-samples/水原薫/単独音/ひゅ.wav,ひゅ,,1,cv,44100,1,1.687347,true,true,
水原薫,みずお,単独音,ひょ.wav,research/data/raw/reference/utau-samples/水原薫/単独音/ひょ.wav,ひょ,,1,cv,44100,1,1.749841,true,true,
水原薫,みずお,単独音,び.wav,research/data/raw/reference/utau-samples/水原薫/単独音/び.wav,び,,0,cv,44100,1,1.687347,true,true,
水原薫,みずお,単独音,びぇ.wav,research/data/raw/reference/utau-samples/水原薫/単独音/びぇ.wav,びぇ,,0,cv,44100,1,1.749841,true,true,
水原薫,みずお,単独音,びゃ.wav,research/data/raw/reference/utau-samples/水原薫/単独音/びゃ.wav,びゃ,,0,cv,44100,1,1.749841,true,true,
水原薫,みずお,単独音,びゅ.wav,research/data/raw/reference/utau-samples/水原薫/単独音/びゅ.wav,びゅ,,0,cv,44100,1,1.624853,true,true,
水原薫,みずお,単独音,びょ.wav,research/data/raw/reference/utau-samples/水原薫/単独音/びょ.wav,びょ,,0,cv,44100,1,1.749841,true,true,
水原薫,みずお,単独音,ぴ.wav,research/data/raw/reference/utau-samples/水原薫/単独音/ぴ.wav,ぴ,,0,cv,44100,1,1.687347,true,true,
水原薫,みずお,単独音,ぴぇ.wav,research/data/raw/reference/utau-samples/水原薫/単独音/ぴぇ.wav,ぴぇ,,0,cv,44100,1,1.749841,true,true,
水原薫,みずお,単独音,ぴゃ.wav,research/data/raw/reference/utau-samples/水原薫/単独音/ぴゃ.wav,ぴゃ,,0,cv,44100,1,1.687347,true,true,
水原薫,みずお,単独音,ぴゅ.wav,research/data/raw/reference/utau-samples/水原薫/単独音/ぴゅ.wav,ぴゅ,,0,cv,44100,1,1.687347,true,true,
水原薫,みずお,単独音,ぴょ.wav,research/data/raw/reference/utau-samples/水原薫/単独音/ぴょ.wav,ぴょ,,0,cv,44100,1,1.687347,true,true,
水原薫,みずお,単独音,ふ.wav,research/data/raw/reference/utau-samples/水原薫/単独音/ふ.wav,ふ,,1,cv,44100,1,1.687392,true,true,
水原薫,みずお,単独音,ふぁ.wav,research/data/raw/reference/utau-samples/水原薫/単独音/ふぁ.wav,ふぁ,,1,cv,44100,1,1.687347,true,true,
水原薫,みずお,単独音,ふぃ.wav,research/data/raw/reference/utau-samples/水原薫/単独音/ふぃ.wav,ふぃ,,1,cv,44100,1,1.749841,true,true,
水原薫,みずお,単独音,ふぇ.wav,research/data/raw/reference/utau-samples/水原薫/単独音/ふぇ.wav,ふぇ,,1,cv,44100,1,1.687347,true,true,
水原薫,みずお,単独音,ふぉ.wav,research/data/raw/reference/utau-samples/水原薫/単独音/ふぉ.wav,ふぉ,,1,cv,44100,1,1.687347,true,true,
水原薫,みずお,単独音,ぶ.wav,research/data/raw/reference/utau-samples/水原薫/単独音/ぶ.wav,ぶ,,0,cv,44100,1,1.687347,true,true,
水原薫,みずお,単独音,ぷ.wav,research/data/raw/reference/utau-samples/水原薫/単独音/ぷ.wav,ぷ,,0,cv,44100,1,1.752494,true,true,
水原薫,みずお,単独音,へ.wav,research/data/raw/reference/utau-samples/水原薫/単独音/へ.wav,へ,,1,cv,44100,1,1.687347,true,true,
水原薫,みずお,単独音,べ.wav,research/data/raw/reference/utau-samples/水原薫/単独音/べ.wav,べ,,0,cv,44100,1,1.687347,true,true,
水原薫,みずお,単独音,ぺ.wav,research/data/raw/reference/utau-samples/水原薫/単独音/ぺ.wav,ぺ,,0,cv,44100,1,1.749841,true,true,
水原薫,みずお,単独音,ほ.wav,research/data/raw/reference/utau-samples/水原薫/単独音/ほ.wav,ほ,,1,cv,44100,1,1.687347,true,true,
水原薫,みずお,単独音,ぼ.wav,research/data/raw/reference/utau-samples/水原薫/単独音/ぼ.wav,ぼ,,0,cv,44100,1,1.749841,true,true,
水原薫,みずお,単独音,ぽ.wav,research/data/raw/reference/utau-samples/水原薫/単独音/ぽ.wav,ぽ,,0,cv,44100,1,1.687347,true,true,
水原薫,みずお,単独音,ま.wav,research/data/raw/reference/utau-samples/水原薫/単独音/ま.wav,ま,,1,cv,44100,1,1.749841,true,true,
水原薫,みずお,単独音,み.wav,research/data/raw/reference/utau-samples/水原薫/単独音/み.wav,み,,1,cv,44100,1,1.749841,true,true,
水原薫,みずお,単独音,みぇ.wav,research/data/raw/reference/utau-samples/水原薫/単独音/みぇ.wav,みぇ,,1,cv,44100,1,1.687347,true,true,
水原薫,みずお,単独音,みゃ.wav,research/data/raw/reference/utau-samples/水原薫/単独音/みゃ.wav,みゃ,,1,cv,44100,1,1.687347,true,true,
水原薫,みずお,単独音,みゅ.wav,research/data/raw/reference/utau-samples/水原薫/単独音/みゅ.wav,みゅ,,1,cv,44100,1,1.687347,true,true,
水原薫,みずお,単独音,みょ.wav,research/data/raw/reference/utau-samples/水原薫/単独音/みょ.wav,みょ,,1,cv,44100,1,1.687347,true,true,
水原薫,みずお,単独音,む.wav,research/data/raw/reference/utau-samples/水原薫/単独音/む.wav,む,,1,cv,44100,1,1.749841,true,true,
水原薫,みずお,単独音,め.wav,research/data/raw/reference/utau-samples/水原薫/単独音/め.wav,め,,1,cv,44100,1,1.687347,true,true,
水原薫,みずお,単独音,も.wav,research/data/raw/reference/utau-samples/水原薫/単独音/も.wav,も,,1,cv,44100,1,1.687347,true,true,
水原薫,みずお,単独音,や.wav,research/data/raw/reference/utau-samples/水原薫/単独音/や.wav,や,,1,cv,44100,1,1.687347,true,true,
水原薫,みずお,単独音,ゆ.wav,research/data/raw/reference/utau-samples/水原薫/単独音/ゆ.wav,ゆ,,1,cv,44100,1,1.687347,true,true,
水原薫,みずお,単独音,よ.wav,research/data/raw/reference/utau-samples/水原薫/単独音/よ.wav,よ,,1,cv,44100,1,1.687347,true,true,
水原薫,みずお,単独音,ら.wav,research/data/raw/reference/utau-samples/水原薫/単独音/ら.wav,ら,,1,cv,44100,1,1.687347,true,true,
水原薫,みずお,単独音,り.wav,research/data/raw/reference/utau-samples/水原薫/単独音/り.wav,り,,1,cv,44100,1,1.749841,true,true,
水原薫,みずお,単独音,りぇ.wav,research/data/raw/reference/utau-samples/水原薫/単独音/りぇ.wav,りぇ,,1,cv,44100,1,1.687347,true,true,
水原薫,みずお,単独音,りゃ.wav,research/data/raw/reference/utau-samples/水原薫/単独音/りゃ.wav,りゃ,,1,cv,44100,1,1.687347,true,true,
水原薫,みずお,単独音,りゅ.wav,research/data/raw/reference/utau-samples/水原薫/単独音/りゅ.wav,りゅ,,1,cv,44100,1,1.687347,true,true,
水原薫,みずお,単独音,りょ.wav,research/data/raw/reference/utau-samples/水原薫/単独音/りょ.wav,りょ,,1,cv,44100,1,1.687347,true,true,
水原薫,みずお,単独音,る.wav,research/data/raw/reference/utau-samples/水原薫/単独音/る.wav,る,,1,cv,44100,1,1.624853,true,true,
水原薫,みずお,単独音,れ.wav,research/data/raw/reference/utau-samples/水原薫/単独音/れ.wav,れ,,1,cv,44100,1,1.749841,true,true,
水原薫,みずお,単独音,ろ.wav,research/data/raw/reference/utau-samples/水原薫/単独音/ろ.wav,ろ,,1,cv,44100,1,1.687347,true,true,
水原薫,みずお,単独音,わ.wav,research/data/raw/reference/utau-samples/水原薫/単独音/わ.wav,わ,,1,cv,44100,1,1.687347,true,true,
水原薫,みずお,単独音,ん.wav,research/data/raw/reference/utau-samples/水原薫/単独音/ん.wav,ん,,1,cv,44100,1,1.687347,true,true,
水原薫,みずお,単独音,ヴ.wav,research/data/raw/reference/utau-samples/水原薫/単独音/ヴ.wav,ヴ,,0,cv,44100,1,1.749841,true,true,
水原薫,みずお,単独音,ヴぁ.wav,research/data/raw/reference/utau-samples/水原薫/単独音/ヴぁ.wav,ヴぁ,,0,cv,44100,1,1.749841,true,true,
水原薫,みずお,単独音,ヴぃ.wav,research/data/raw/reference/utau-samples/水原薫/単独音/ヴぃ.wav,ヴぃ,,0,cv,44100,1,1.687347,true,true,
水原薫,みずお,単独音,ヴぇ.wav,research/data/raw/reference/utau-samples/水原薫/単独音/ヴぇ.wav,ヴぇ,,0,cv,44100,1,1.749841,true,true,
水原薫,みずお,単独音,ヴぉ.wav,research/data/raw/reference/utau-samples/水原薫/単独音/ヴぉ.wav,ヴぉ,,0,cv,44100,1,1.687347,true,true,
水原薫,みずお,単独音-light,あ.wav,research/data/raw/reference/utau-samples/水原薫/単独音-light/あ.wav,あ,あL,1,vowel,44100,1,1.687347,true,true,
水原薫,みずお,単独音-light,い.wav,research/data/raw/reference/utau-samples/水原薫/単独音-light/い.wav,い,いL,1,vowel,44100,1,1.624853,true,true,
水原薫,みずお,単独音-light,いぇ.wav,research/data/raw/reference/utau-samples/水原薫/単独音-light/いぇ.wav,いぇ,いぇL,1,cv,44100,1,1.812336,true,true,
水原薫,みずお,単独音-light,う.wav,research/data/raw/reference/utau-samples/水原薫/単独音-light/う.wav,う,うL,1,vowel,44100,1,1.624853,true,true,
水原薫,みずお,単独音-light,うぃ.wav,research/data/raw/reference/utau-samples/水原薫/単独音-light/うぃ.wav,うぃ,うぃL,1,cv,44100,1,1.624853,true,true,
水原薫,みずお,単独音-light,うぇ.wav,research/data/raw/reference/utau-samples/水原薫/単独音-light/うぇ.wav,うぇ,うぇL,1,cv,44100,1,1.687347,true,true,
水原薫,みずお,単独音-light,うぉ.wav,research/data/raw/reference/utau-samples/水原薫/単独音-light/うぉ.wav,うぉ,うぉL,1,cv,44100,1,1.687347,true,true,
水原薫,みずお,単独音-light,え.wav,research/data/raw/reference/utau-samples/水原薫/単独音-light/え.wav,え,えL,1,vowel,44100,1,1.687347,true,true,
水原薫,みずお,単独音-light,お.wav,research/data/raw/reference/utau-samples/水原薫/単独音-light/お.wav,お,おL,2,vowel,44100,1,1.687347,true,true,
水原薫,みずお,単独音-light,か.wav,research/data/raw/reference/utau-samples/水原薫/単独音-light/か.wav,か,かL,1,cv,44100,1,1.687347,true,true,
水原薫,みずお,単独音-light,が.wav,research/data/raw/reference/utau-samples/水原薫/単独音-light/が.wav,が,,0,cv,44100,1,1.687347,true,true,
水原薫,みずお,単独音-light,き.wav,research/data/raw/reference/utau-samples/水原薫/単独音-light/き.wav,き,きL,1,cv,44100,1,1.687347,true,true,
水原薫,みずお,単独音-light,きぇ.wav,research/data/raw/reference/utau-samples/水原薫/単独音-light/きぇ.wav,きぇ,きぇL,1,cv,44100,1,1.687347,true,true,
水原薫,みずお,単独音-light,きゃ.wav,research/data/raw/reference/utau-samples/水原薫/単独音-light/きゃ.wav,きゃ,きゃL,1,cv,44100,1,1.687347,true,true,
水原薫,みずお,単独音-light,きゅ.wav,research/data/raw/reference/utau-samples/水原薫/単独音-light/きゅ.wav,きゅ,きゅL,1,cv,44100,1,1.687347,true,true,
水原薫,みずお,単独音-light,きょ.wav,research/data/raw/reference/utau-samples/水原薫/単独音-light/きょ.wav,きょ,きょL,1,cv,44100,1,1.687347,true,true,
水原薫,みずお,単独音-light,ぎ.wav,research/data/raw/reference/utau-samples/水原薫/単独音-light/ぎ.wav,ぎ,,0,cv,44100,1,1.687347,true,true,
水原薫,みずお,単独音-light,ぎぇ.wav,research/data/raw/reference/utau-samples/水原薫/単独音-light/ぎぇ.wav,ぎぇ,,0,cv,44100,1,1.749841,true,true,
水原薫,みずお,単独音-light,ぎゃ.wav,research/data/raw/reference/utau-samples/水原薫/単独音-light/ぎゃ.wav,ぎゃ,,0,cv,44100,1,1.687347,true,true,
水原薫,みずお,単独音-light,ぎゅ.wav,research/data/raw/reference/utau-samples/水原薫/単独音-light/ぎゅ.wav,ぎゅ,,0,cv,44100,1,1.687347,true,true,
水原薫,みずお,単独音-light,ぎょ.wav,research/data/raw/reference/utau-samples/水原薫/単独音-light/ぎょ.wav,ぎょ,,0,cv,44100,1,1.687347,true,true,
水原薫,みずお,単独音-light,く.wav,research/data/raw/reference/utau-samples/水原薫/単独音-light/く.wav,く,くL,1,cv,44100,1,1.687347,true,true,
水原薫,みずお,単独音-light,くぁ.wav,research/data/raw/reference/utau-samples/水原薫/単独音-light/くぁ.wav,くぁ,くぁL,1,cv,44100,1,1.687347,true,true,
水原薫,みずお,単独音-light,くぃ.wav,research/data/raw/reference/utau-samples/水原薫/単独音-light/くぃ.wav,くぃ,くぃL,1,cv,44100,1,1.687347,true,true,
水原薫,みずお,単独音-light,くぇ.wav,research/data/raw/reference/utau-samples/水原薫/単独音-light/くぇ.wav,くぇ,くぇL,1,cv,44100,1,1.749841,true,true,
水原薫,みずお,単独音-light,くぉ.wav,research/data/raw/reference/utau-samples/水原薫/単独音-light/くぉ.wav,くぉ,くぉL,1,cv,44100,1,1.749841,true,true,
水原薫,みずお,単独音-light,ぐ.wav,research/data/raw/reference/utau-samples/水原薫/単独音-light/ぐ.wav,ぐ,,0,cv,44100,1,1.687347,true,true,
水原薫,みずお,単独音-light,ぐぁ.wav,research/data/raw/reference/utau-samples/水原薫/単独音-light/ぐぁ.wav,ぐぁ,,0,cv,44100,1,1.687347,true,true,
水原薫,みずお,単独音-light,ぐぃ.wav,research/data/raw/reference/utau-samples/水原薫/単独音-light/ぐぃ.wav,ぐぃ,,0,cv,44100,1,1.749841,true,true,
水原薫,みずお,単独音-light,ぐぇ.wav,research/data/raw/reference/utau-samples/水原薫/単独音-light/ぐぇ.wav,ぐぇ,,0,cv,44100,1,1.687347,true,true,
水原薫,みずお,単独音-light,ぐぉ.wav,research/data/raw/reference/utau-samples/水原薫/単独音-light/ぐぉ.wav,ぐぉ,,0,cv,44100,1,1.687347,true,true,
水原薫,みずお,単独音-light,け.wav,research/data/raw/reference/utau-samples/水原薫/単独音-light/け.wav,け,けL,1,cv,44100,1,1.687347,true,true,
水原薫,みずお,単独音-light,げ.wav,research/data/raw/reference/utau-samples/水原薫/単独音-light/げ.wav,げ,,0,cv,44100,1,1.687347,true,true,
水原薫,みずお,単独音-light,こ.wav,research/data/raw/reference/utau-samples/水原薫/単独音-light/こ.wav,こ,こL,1,cv,44100,1,1.687347,true,true,
水原薫,みずお,単独音-light,ご.wav,research/data/raw/reference/utau-samples/水原薫/単独音-light/ご.wav,ご,,0,cv,44100,1,1.687347,true,true,
水原薫,みずお,単独音-light,さ.wav,research/data/raw/reference/utau-samples/水原薫/単独音-light/さ.wav,さ,さL,1,cv,44100,1,1.687347,true,true,
水原薫,みずお,単独音-light,ざ.wav,research/data/raw/reference/utau-samples/水原薫/単独音-light/ざ.wav,ざ,,0,cv,44100,1,1.749841,true,true,
水原薫,みずお,単独音-light,し.wav,research/data/raw/reference/utau-samples/水原薫/単独音-light/し.wav,し,しL,1,cv,44100,1,1.687347,true,true,
水原薫,みずお,単独音-light,しぇ.wav,research/data/raw/reference/utau-samples/水原薫/単独音-light/しぇ.wav,しぇ,しぇL,1,cv,44100,1,1.687347,true,true,
水原薫,みずお,単独音-light,しゃ.wav,research/data/raw/reference/utau-samples/水原薫/単独音-light/しゃ.wav,しゃ,しゃL,1,cv,44100,1,1.687347,true,true,
水原薫,みずお,単独音-light,しゅ.wav,research/data/raw/reference/utau-samples/水原薫/単独音-light/しゅ.wav,しゅ,しゅL,1,cv,44100,1,1.687347,true,true,
水原薫,みずお,単独音-light,しょ.wav,research/data/raw/reference/utau-samples/水原薫/単独音-light/しょ.wav,しょ,しょL,1,cv,44100,1,1.749841,true,true,
水原薫,みずお,単独音-light,じ.wav,research/data/raw/reference/utau-samples/水原薫/単独音-light/じ.wav,じ,,0,cv,44100,1,1.749841,true,true,
水原薫,みずお,単独音-light,じぇ.wav,research/data/raw/reference/utau-samples/水原薫/単独音-light/じぇ.wav,じぇ,,0,cv,44100,1,1.687347,true,true,
水原薫,みずお,単独音-light,じゃ.wav,research/data/raw/reference/utau-samples/水原薫/単独音-light/じゃ.wav,じゃ,,0,cv,44100,1,1.687347,true,true,
水原薫,みずお,単独音-light,じゅ.wav,research/data/raw/reference/utau-samples/水原薫/単独音-light/じゅ.wav,じゅ,,0,cv,44100,1,1.687347,true,true,
水原薫,みずお,単独音-light,じょ.wav,research/data/raw/reference/utau-samples/水原薫/単独音-light/じょ.wav,じょ,,0,cv,44100,1,1.687347,true,true,
水原薫,みずお,単独音-light,す.wav,research/data/raw/reference/utau-samples/水原薫/単独音-light/す.wav,す,すL,1,cv,44100,1,1.687347,true,true,
水原薫,みずお,単独音-light,すぃ.wav,research/data/raw/reference/utau-samples/水原薫/単独音-light/すぃ.wav,すぃ,すぃL,1,cv,44100,1,1.687347,true,true,
水原薫,みずお,単独音-light,ず.wav,research/data/raw/reference/utau-samples/水原薫/単独音-light/ず.wav,ず,,0,cv,44100,1,1.687347,true,true,
水原薫,みずお,単独音-light,ずぁ.wav,research/data/raw/reference/utau-samples/水原薫/単独音-light/ずぁ.wav,ずぁ,,0,cv,44100,1,1.749841,true,true,
水原薫,みずお,単独音-light,ずぃ.wav,research/data/raw/reference/utau-samples/水原薫/単独音-light/ずぃ.wav,ずぃ,,0,cv,44100,1,1.687347,true,true,
水原薫,みずお,単独音-light,ずぇ.wav,research/data/raw/reference/utau-samples/水原薫/単独音-light/ずぇ.wav,ずぇ,,0,cv,44100,1,1.624853,true,true,
水原薫,みずお,単独音-light,ずぉ.wav,research/data/raw/reference/utau-samples/水原薫/単独音-light/ずぉ.wav,ずぉ,,0,cv,44100,1,1.749841,true,true,
水原薫,みずお,単独音-light,せ.wav,research/data/raw/reference/utau-samples/水原薫/単独音-light/せ.wav,せ,せL,1,cv,44100,1,1.687347,true,true,
水原薫,みずお,単独音-light,ぜ.wav,research/data/raw/reference/utau-samples/水原薫/単独音-light/ぜ.wav,ぜ,,0,cv,44100,1,1.687347,true,true,
水原薫,みずお,単独音-light,そ.wav,research/data/raw/reference/utau-samples/水原薫/単独音-light/そ.wav,そ,そL,1,cv,44100,1,1.687347,true,true,
水原薫,みずお,単独音-light,ぞ.wav,research/data/raw/reference/utau-samples/水原薫/単独音-light/ぞ.wav,ぞ,,0,cv,44100,1,1.687347,true,true,
水原薫,みずお,単独音-light,た.wav,research/data/raw/reference/utau-samples/水原薫/単独音-light/た.wav,た,たL,1,cv,44100,1,1.687347,true,true,
水原薫,みずお,単独音-light,だ.wav,research/data/raw/reference/utau-samples/水原薫/単独音-light/だ.wav,だ,,0,cv,44100,1,1.687347,true,true,
水原薫,みずお,単独音-light,ち.wav,research/data/raw/reference/utau-samples/水原薫/単独音-light/ち.wav,ち,ちL,1,cv,44100,1,1.687347,true,true,
水原薫,みずお,単独音-light,ちぇ.wav,research/data/raw/reference/utau-samples/水原薫/単独音-light/ちぇ.wav,ちぇ,ちぇL,1,cv,44100,1,1.687347,true,true,
水原薫,みずお,単独音-light,ちゃ.wav,research/data/raw/reference/utau-samples/水原薫/単独音-light/ちゃ.wav,ちゃ,ちゃL,1,cv,44100,1,1.687347,true,true,
水原薫,みずお,単独音-light,ちゅ.wav,research/data/raw/reference/utau-samples/水原薫/単独音-light/ちゅ.wav,ちゅ,ちゅL,1,cv,44100,1,1.687347,true,true,
水原薫,みずお,単独音-light,ちょ.wav,research/data/raw/reference/utau-samples/水原薫/単独音-light/ちょ.wav,ちょ,ちょL,1,cv,44100,1,1.749841,true,true,
水原薫,みずお,単独音-light,つ.wav,research/data/raw/reference/utau-samples/水原薫/単独音-light/つ.wav,つ,つL,1,cv,44100,1,1.749841,true,true,
水原薫,みずお,単独音-light,つぁ.wav,research/data/raw/reference/utau-samples/水原薫/単独音-light/つぁ.wav,つぁ,つぁL,1,cv,44100,1,1.687347,true,true,
水原薫,みずお,単独音-light,つぃ.wav,research/data/raw/reference/utau-samples/水原薫/単独音-light/つぃ.wav,つぃ,つぃL,1,cv,44100,1,1.687347,true,true,
水原薫,みずお,単独音-light,つぇ.wav,research/data/raw/reference/utau-samples/水原薫/単独音-light/つぇ.wav,つぇ,つぇL,1,cv,44100,1,1.687347,true,true,
水原薫,みずお,単独音-light,つぉ.wav,research/data/raw/reference/utau-samples/水原薫/単独音-light/つぉ.wav,つぉ,つぉL,1,cv,44100,1,1.687347,true,true,
水原薫,みずお,単独音-light,て.wav,research/data/raw/reference/utau-samples/水原薫/単独音-light/て.wav,て,てL,1,cv,44100,1,1.687347,true,true,
水原薫,みずお,単独音-light,てぃ.wav,research/data/raw/reference/utau-samples/水原薫/単独音-light/てぃ.wav,てぃ,てぃL,1,cv,44100,1,1.812336,true,true,
水原薫,みずお,単独音-light,てゅ.wav,research/data/raw/reference/utau-samples/水原薫/単独音-light/てゅ.wav,てゅ,てゅL,1,cv,44100,1,1.687347,true,true,
水原薫,みずお,単独音-light,で.wav,research/data/raw/reference/utau-samples/水原薫/単独音-light/で.wav,で,,0,cv,44100,1,1.687347,true,true,
水原薫,みずお,単独音-light,でぃ.wav,research/data/raw/reference/utau-samples/水原薫/単独音-light/でぃ.wav,でぃ,,0,cv,44100,1,1.687347,true,true,
水原薫,みずお,単独音-light,でゅ.wav,research/data/raw/reference/utau-samples/水原薫/単独音-light/でゅ.wav,でゅ,,0,cv,44100,1,1.687347,true,true,
水原薫,みずお,単独音-light,と.wav,research/data/raw/reference/utau-samples/水原薫/単独音-light/と.wav,と,とL,1,cv,44100,1,1.687347,true,true,
水原薫,みずお,単独音-light,とぅ.wav,research/data/raw/reference/utau-samples/水原薫/単独音-light/とぅ.wav,とぅ,とぅL,1,cv,44100,1,1.687347,true,true,
水原薫,みずお,単独音-light,ど.wav,research/data/raw/reference/utau-samples/水原薫/単独音-light/ど.wav,ど,,0,cv,44100,1,1.687347,true,true,
水原薫,みずお,単独音-light,どぅ.wav,research/data/raw/reference/utau-samples/水原薫/単独音-light/どぅ.wav,どぅ,,0,cv,44100,1,1.687347,true,true,
水原薫,みずお,単独音-light,な.wav,research/data/raw/reference/utau-samples/水原薫/単独音-light/な.wav,な,なL,1,cv,44100,1,1.687347,true,true,
水原薫,みずお,単独音-light,に.wav,research/data/raw/reference/utau-samples/水原薫/単独音-light/に.wav,に,にL,1,cv,44100,1,1.687347,true,true,
水原薫,みずお,単独音-light,にぇ.wav,research/data/raw/reference/utau-samples/水原薫/単独音-light/にぇ.wav,にぇ,にぇL,1,cv,44100,1,1.687347,true,true,
水原薫,みずお,単独音-light,にゃ.wav,research/data/raw/reference/utau-samples/水原薫/単独音-light/にゃ.wav,にゃ,にゃL,1,cv,44100,1,1.687347,true,true,
水原薫,みずお,単独音-light,にゅ.wav,research/data/raw/reference/utau-samples/水原薫/単独音-light/にゅ.wav,にゅ,にゅL,1,cv,44100,1,1.687347,true,true,
水原薫,みずお,単独音-light,にょ.wav,research/data/raw/reference/utau-samples/水原薫/単独音-light/にょ.wav,にょ,にょL,1,cv,44100,1,1.749841,true,true,
水原薫,みずお,単独音-light,ぬ.wav,research/data/raw/reference/utau-samples/水原薫/単独音-light/ぬ.wav,ぬ,ぬL,1,cv,44100,1,1.687347,true,true,
水原薫,みずお,単独音-light,ね.wav,research/data/raw/reference/utau-samples/水原薫/単独音-light/ね.wav,ね,ねL,1,cv,44100,1,1.749841,true,true,
水原薫,みずお,単独音-light,の.wav,research/data/raw/reference/utau-samples/水原薫/単独音-light/の.wav,の,のL,1,cv,44100,1,1.687347,true,true,
水原薫,みずお,単独音-light,は.wav,research/data/raw/reference/utau-samples/水原薫/単独音-light/は.wav,は,はL,1,cv,44100,1,1.687347,true,true,
水原薫,みずお,単独音-light,ば.wav,research/data/raw/reference/utau-samples/水原薫/単独音-light/ば.wav,ば,,0,cv,44100,1,1.687347,true,true,
水原薫,みずお,単独音-light,ぱ.wav,research/data/raw/reference/utau-samples/水原薫/単独音-light/ぱ.wav,ぱ,,0,cv,44100,1,1.687347,true,true,
水原薫,みずお,単独音-light,ひ.wav,research/data/raw/reference/utau-samples/水原薫/単独音-light/ひ.wav,ひ,ひL,1,cv,44100,1,1.687347,true,true,
水原薫,みずお,単独音-light,ひぇ.wav,research/data/raw/reference/utau-samples/水原薫/単独音-light/ひぇ.wav,ひぇ,ひぇL,1,cv,44100,1,1.687347,true,true,
水原薫,みずお,単独音-light,ひゃ.wav,research/data/raw/reference/utau-samples/水原薫/単独音-light/ひゃ.wav,ひゃ,ひゃL,1,cv,44100,1,1.749841,true,true,
水原薫,みずお,単独音-light,ひゅ.wav,research/data/raw/reference/utau-samples/水原薫/単独音-light/ひゅ.wav,ひゅ,ひゅL,1,cv,44100,1,1.687347,true,true,
水原薫,みずお,単独音-light,ひょ.wav,research/data/raw/reference/utau-samples/水原薫/単独音-light/ひょ.wav,ひょ,ひょL,1,cv,44100,1,1.812336,true,true,
水原薫,みずお,単独音-light,び.wav,research/data/raw/reference/utau-samples/水原薫/単独音-light/び.wav,び,,0,cv,44100,1,1.687347,true,true,
水原薫,みずお,単独音-light,びぇ.wav,research/data/raw/reference/utau-samples/水原薫/単独音-light/びぇ.wav,びぇ,,0,cv,44100,1,1.687347,true,true,
水原薫,みずお,単独音-light,びゃ.wav,research/data/raw/reference/utau-samples/水原薫/単独音-light/びゃ.wav,びゃ,,0,cv,44100,1,1.687347,true,true,
水原薫,みずお,単独音-light,びゅ.wav,research/data/raw/reference/utau-samples/水原薫/単独音-light/びゅ.wav,びゅ,,0,cv,44100,1,1.687347,true,true,
水原薫,みずお,単独音-light,びょ.wav,research/data/raw/reference/utau-samples/水原薫/単独音-light/びょ.wav,びょ,,0,cv,44100,1,1.687347,true,true,
水原薫,みずお,単独音-light,ぴ.wav,research/data/raw/reference/utau-samples/水原薫/単独音-light/ぴ.wav,ぴ,,0,cv,44100,1,1.749841,true,true,
水原薫,みずお,単独音-light,ぴぇ.wav,research/data/raw/reference/utau-samples/水原薫/単独音-light/ぴぇ.wav,ぴぇ,,0,cv,44100,1,1.687347,true,true,
水原薫,みずお,単独音-light,ぴゃ.wav,research/data/raw/reference/utau-samples/水原薫/単独音-light/ぴゃ.wav,ぴゃ,,0,cv,44100,1,1.749841,true,true,
水原薫,みずお,単独音-light,ぴゅ.wav,research/data/raw/reference/utau-samples/水原薫/単独音-light/ぴゅ.wav,ぴゅ,,0,cv,44100,1,1.687347,true,true,
水原薫,みずお,単独音-light,ぴょ.wav,research/data/raw/reference/utau-samples/水原薫/単独音-light/ぴょ.wav,ぴょ,,0,cv,44100,1,1.687347,true,true,
水原薫,みずお,単独音-light,ふ.wav,research/data/raw/reference/utau-samples/水原薫/単独音-light/ふ.wav,ふ,ふL,1,cv,44100,1,1.687347,true,true,
水原薫,みずお,単独音-light,ふぁ.wav,research/data/raw/reference/utau-samples/水原薫/単独音-light/ふぁ.wav,ふぁ,ふぁL,1,cv,44100,1,1.687347,true,true,
水原薫,みずお,単独音-light,ふぃ.wav,research/data/raw/reference/utau-samples/水原薫/単独音-light/ふぃ.wav,ふぃ,ふぃL,1,cv,44100,1,1.687347,true,true,
水原薫,みずお,単独音-light,ふぇ.wav,research/data/raw/reference/utau-samples/水原薫/単独音-light/ふぇ.wav,ふぇ,ふぇL,1,cv,44100,1,1.687347,true,true,
水原薫,みずお,単独音-light,ふぉ.wav,research/data/raw/reference/utau-samples/水原薫/単独音-light/ふぉ.wav,ふぉ,ふぉL,1,cv,44100,1,1.687347,true,true,
水原薫,みずお,単独音-light,ぶ.wav,research/data/raw/reference/utau-samples/水原薫/単独音-light/ぶ.wav,ぶ,,0,cv,44100,1,1.749841,true,true,
水原薫,みずお,単独音-light,ぷ.wav,research/data/raw/reference/utau-samples/水原薫/単独音-light/ぷ.wav,ぷ,,0,cv,44100,1,1.687347,true,true,
水原薫,みずお,単独音-light,へ.wav,research/data/raw/reference/utau-samples/水原薫/単独音-light/へ.wav,へ,へL,1,cv,44100,1,1.687347,true,true,
水原薫,みずお,単独音-light,べ.wav,research/data/raw/reference/utau-samples/水原薫/単独音-light/べ.wav,べ,,0,cv,44100,1,1.687347,true,true,
水原薫,みずお,単独音-light,ぺ.wav,research/data/raw/reference/utau-samples/水原薫/単独音-light/ぺ.wav,ぺ,,0,cv,44100,1,1.687347,true,true,
水原薫,みずお,単独音-light,ほ.wav,research/data/raw/reference/utau-samples/水原薫/単独音-light/ほ.wav,ほ,ほL,1,cv,44100,1,1.687347,true,true,
水原薫,みずお,単独音-light,ぼ.wav,research/data/raw/reference/utau-samples/水原薫/単独音-light/ぼ.wav,ぼ,,0,cv,44100,1,1.812336,true,true,
水原薫,みずお,単独音-light,ぽ.wav,research/data/raw/reference/utau-samples/水原薫/単独音-light/ぽ.wav,ぽ,,0,cv,44100,1,1.687347,true,true,
水原薫,みずお,単独音-light,ま.wav,research/data/raw/reference/utau-samples/水原薫/単独音-light/ま.wav,ま,まL,1,cv,44100,1,1.687347,true,true,
水原薫,みずお,単独音-light,み.wav,research/data/raw/reference/utau-samples/水原薫/単独音-light/み.wav,み,みL,1,cv,44100,1,1.687347,true,true,
水原薫,みずお,単独音-light,みぇ.wav,research/data/raw/reference/utau-samples/水原薫/単独音-light/みぇ.wav,みぇ,みぇL,1,cv,44100,1,1.687347,true,true,
水原薫,みずお,単独音-light,みゃ.wav,research/data/raw/reference/utau-samples/水原薫/単独音-light/みゃ.wav,みゃ,みゃL,1,cv,44100,1,1.687347,true,true,
水原薫,みずお,単独音-light,みゅ.wav,research/data/raw/reference/utau-samples/水原薫/単独音-light/みゅ.wav,みゅ,みゅL,1,cv,44100,1,1.687347,true,true,
水原薫,みずお,単独音-light,みょ.wav,research/data/raw/reference/utau-samples/水原薫/単独音-light/みょ.wav,みょ,みょL,1,cv,44100,1,1.687347,true,true,
水原薫,みずお,単独音-light,む.wav,research/data/raw/reference/utau-samples/水原薫/単独音-light/む.wav,む,むL,1,cv,44100,1,1.687347,true,true,
水原薫,みずお,単独音-light,め.wav,research/data/raw/reference/utau-samples/水原薫/単独音-light/め.wav,め,めL,1,cv,44100,1,1.687347,true,true,
水原薫,みずお,単独音-light,も.wav,research/data/raw/reference/utau-samples/水原薫/単独音-light/も.wav,も,もL,1,cv,44100,1,1.687347,true,true,
水原薫,みずお,単独音-light,や.wav,research/data/raw/reference/utau-samples/水原薫/単独音-light/や.wav,や,やL,1,cv,44100,1,1.687347,true,true,
水原薫,みずお,単独音-light,ゆ.wav,research/data/raw/reference/utau-samples/水原薫/単独音-light/ゆ.wav,ゆ,ゆL,1,cv,44100,1,1.749841,true,true,
水原薫,みずお,単独音-light,よ.wav,research/data/raw/reference/utau-samples/水原薫/単独音-light/よ.wav,よ,よL,1,cv,44100,1,1.687347,true,true,
水原薫,みずお,単独音-light,ら.wav,research/data/raw/reference/utau-samples/水原薫/単独音-light/ら.wav,ら,らL,1,cv,44100,1,1.687347,true,true,
水原薫,みずお,単独音-light,り.wav,research/data/raw/reference/utau-samples/水原薫/単独音-light/り.wav,り,りL,1,cv,44100,1,1.687347,true,true,
水原薫,みずお,単独音-light,りぇ.wav,research/data/raw/reference/utau-samples/水原薫/単独音-light/りぇ.wav,りぇ,りぇL,1,cv,44100,1,1.687347,true,true,
水原薫,みずお,単独音-light,りゃ.wav,research/data/raw/reference/utau-samples/水原薫/単独音-light/りゃ.wav,りゃ,りゃL,1,cv,44100,1,1.687347,true,true,
水原薫,みずお,単独音-light,りゅ.wav,research/data/raw/reference/utau-samples/水原薫/単独音-light/りゅ.wav,りゅ,りゅL,1,cv,44100,1,1.687347,true,true,
水原薫,みずお,単独音-light,りょ.wav,research/data/raw/reference/utau-samples/水原薫/単独音-light/りょ.wav,りょ,りょL,1,cv,44100,1,1.687347,true,true,
水原薫,みずお,単独音-light,る.wav,research/data/raw/reference/utau-samples/水原薫/単独音-light/る.wav,る,るL,1,cv,44100,1,1.687347,true,true,
水原薫,みずお,単独音-light,れ.wav,research/data/raw/reference/utau-samples/水原薫/単独音-light/れ.wav,れ,れL,1,cv,44100,1,1.687347,true,true,
水原薫,みずお,単独音-light,ろ.wav,research/data/raw/reference/utau-samples/水原薫/単独音-light/ろ.wav,ろ,ろL,1,cv,44100,1,1.687347,true,true,
水原薫,みずお,単独音-light,わ.wav,research/data/raw/reference/utau-samples/水原薫/単独音-light/わ.wav,わ,わL,1,cv,44100,1,1.687347,true,true,
水原薫,みずお,単独音-light,ん.wav,research/data/raw/reference/utau-samples/水原薫/単独音-light/ん.wav,ん,んL,1,cv,44100,1,1.687347,true,true,
水原薫,みずお,単独音-light,ヴ.wav,research/data/raw/reference/utau-samples/水原薫/単独音-light/ヴ.wav,ヴ,,0,cv,44100,1,1.687347,true,true,
水原薫,みずお,単独音-light,ヴぁ.wav,research/data/raw/reference/utau-samples/水原薫/単独音-light/ヴぁ.wav,ヴぁ,,0,cv,44100,1,1.687347,true,true,
水原薫,みずお,単独音-light,ヴぃ.wav,research/data/raw/reference/utau-samples/水原薫/単独音-light/ヴぃ.wav,ヴぃ,,0,cv,44100,1,1.687347,true,true,
水原薫,みずお,単独音-light,ヴぇ.wav,research/data/raw/reference/utau-samples/水原薫/単独音-light/ヴぇ.wav,ヴぇ,,0,cv,44100,1,1.687347,true,true,
水原薫,みずお,単独音-light,ヴぉ.wav,research/data/raw/reference/utau-samples/水原薫/単独音-light/ヴぉ.wav,ヴぉ,,0,cv,44100,1,1.687347,true,true,
水原薫,みずお,単独音-vivid,あ.wav,research/data/raw/reference/utau-samples/水原薫/単独音-vivid/あ.wav,あ,あV,1,vowel,44100,1,1.687347,true,true,
水原薫,みずお,単独音-vivid,い.wav,research/data/raw/reference/utau-samples/水原薫/単独音-vivid/い.wav,い,いV,1,vowel,44100,1,1.687347,true,true,
水原薫,みずお,単独音-vivid,いぇ.wav,research/data/raw/reference/utau-samples/水原薫/単独音-vivid/いぇ.wav,いぇ,いぇV,1,cv,44100,1,1.749841,true,true,
水原薫,みずお,単独音-vivid,う.wav,research/data/raw/reference/utau-samples/水原薫/単独音-vivid/う.wav,う,うV,1,vowel,44100,1,1.749841,true,true,
水原薫,みずお,単独音-vivid,うぃ.wav,research/data/raw/reference/utau-samples/水原薫/単独音-vivid/うぃ.wav,うぃ,うぃV,1,cv,44100,1,1.687347,true,true,
水原薫,みずお,単独音-vivid,うぇ.wav,research/data/raw/reference/utau-samples/水原薫/単独音-vivid/うぇ.wav,うぇ,うぇV,1,cv,44100,1,1.687347,true,true,
水原薫,みずお,単独音-vivid,うぉ.wav,research/data/raw/reference/utau-samples/水原薫/単独音-vivid/うぉ.wav,うぉ,うぉV,1,cv,44100,1,1.624853,true,true,
水原薫,みずお,単独音-vivid,え.wav,research/data/raw/reference/utau-samples/水原薫/単独音-vivid/え.wav,え,えV,1,vowel,44100,1,1.687347,true,true,
水原薫,みずお,単独音-vivid,お.wav,research/data/raw/reference/utau-samples/水原薫/単独音-vivid/お.wav,お,おV,2,vowel,44100,1,1.749841,true,true,
水原薫,みずお,単独音-vivid,か.wav,research/data/raw/reference/utau-samples/水原薫/単独音-vivid/か.wav,か,かV,1,cv,44100,1,1.687347,true,true,
水原薫,みずお,単独音-vivid,が.wav,research/data/raw/reference/utau-samples/水原薫/単独音-vivid/が.wav,が,,0,cv,44100,1,1.749841,true,true,
水原薫,みずお,単独音-vivid,き.wav,research/data/raw/reference/utau-samples/水原薫/単独音-vivid/き.wav,き,きV,1,cv,44100,1,1.749841,true,true,
水原薫,みずお,単独音-vivid,きぇ.wav,research/data/raw/reference/utau-samples/水原薫/単独音-vivid/きぇ.wav,きぇ,きぇV,1,cv,44100,1,1.749841,true,true,
水原薫,みずお,単独音-vivid,きゃ.wav,research/data/raw/reference/utau-samples/水原薫/単独音-vivid/きゃ.wav,きゃ,きゃV,1,cv,44100,1,1.687347,true,true,
水原薫,みずお,単独音-vivid,きゅ.wav,research/data/raw/reference/utau-samples/水原薫/単独音-vivid/きゅ.wav,きゅ,きゅV,1,cv,44100,1,1.687347,true,true,
水原薫,みずお,単独音-vivid,きょ.wav,research/data/raw/reference/utau-samples/水原薫/単独音-vivid/きょ.wav,きょ,きょV,1,cv,44100,1,1.687347,true,true,
水原薫,みずお,単独音-vivid,ぎ.wav,research/data/raw/reference/utau-samples/水原薫/単独音-vivid/ぎ.wav,ぎ,,0,cv,44100,1,1.687347,true,true,
水原薫,みずお,単独音-vivid,ぎぇ.wav,research/data/raw/reference/utau-samples/水原薫/単独音-vivid/ぎぇ.wav,ぎぇ,,0,cv,44100,1,1.687347,true,true,
水原薫,みずお,単独音-vivid,ぎゃ.wav,research/data/raw/reference/utau-samples/水原薫/単独音-vivid/ぎゃ.wav,ぎゃ,,0,cv,44100,1,1.749841,true,true,
水原薫,みずお,単独音-vivid,ぎゅ.wav,research/data/raw/reference/utau-samples/水原薫/単独音-vivid/ぎゅ.wav,ぎゅ,,0,cv,44100,1,1.749841,true,true,
水原薫,みずお,単独音-vivid,ぎょ.wav,research/data/raw/reference/utau-samples/水原薫/単独音-vivid/ぎょ.wav,ぎょ,,0,cv,44100,1,1.687347,true,true,
水原薫,みずお,単独音-vivid,く.wav,research/data/raw/reference/utau-samples/水原薫/単独音-vivid/く.wav,く,くV,1,cv,44100,1,1.687347,true,true,
水原薫,みずお,単独音-vivid,くぁ.wav,research/data/raw/reference/utau-samples/水原薫/単独音-vivid/くぁ.wav,くぁ,くぁV,1,cv,44100,1,1.687347,true,true,
水原薫,みずお,単独音-vivid,くぃ.wav,research/data/raw/reference/utau-samples/水原薫/単独音-vivid/くぃ.wav,くぃ,くぃV,1,cv,44100,1,1.687347,true,true,
水原薫,みずお,単独音-vivid,くぇ.wav,research/data/raw/reference/utau-samples/水原薫/単独音-vivid/くぇ.wav,くぇ,くぇV,1,cv,44100,1,1.687347,true,true,
水原薫,みずお,単独音-vivid,くぉ.wav,research/data/raw/reference/utau-samples/水原薫/単独音-vivid/くぉ.wav,くぉ,くぉV,1,cv,44100,1,1.687347,true,true,
水原薫,みずお,単独音-vivid,ぐ.wav,research/data/raw/reference/utau-samples/水原薫/単独音-vivid/ぐ.wav,ぐ,,0,cv,44100,1,1.687347,true,true,
水原薫,みずお,単独音-vivid,ぐぁ.wav,research/data/raw/reference/utau-samples/水原薫/単独音-vivid/ぐぁ.wav,ぐぁ,,0,cv,44100,1,1.687347,true,true,
水原薫,みずお,単独音-vivid,ぐぃ.wav,research/data/raw/reference/utau-samples/水原薫/単独音-vivid/ぐぃ.wav,ぐぃ,,0,cv,44100,1,1.687347,true,true,
水原薫,みずお,単独音-vivid,ぐぇ.wav,research/data/raw/reference/utau-samples/水原薫/単独音-vivid/ぐぇ.wav,ぐぇ,,0,cv,44100,1,1.749841,true,true,
水原薫,みずお,単独音-vivid,ぐぉ.wav,research/data/raw/reference/utau-samples/水原薫/単独音-vivid/ぐぉ.wav,ぐぉ,,0,cv,44100,1,1.687347,true,true,
水原薫,みずお,単独音-vivid,け.wav,research/data/raw/reference/utau-samples/水原薫/単独音-vivid/け.wav,け,けV,1,cv,44100,1,1.687347,true,true,
水原薫,みずお,単独音-vivid,げ.wav,research/data/raw/reference/utau-samples/水原薫/単独音-vivid/げ.wav,げ,,0,cv,44100,1,1.687347,true,true,
水原薫,みずお,単独音-vivid,こ.wav,research/data/raw/reference/utau-samples/水原薫/単独音-vivid/こ.wav,こ,こV,1,cv,44100,1,1.749841,true,true,
水原薫,みずお,単独音-vivid,ご.wav,research/data/raw/reference/utau-samples/水原薫/単独音-vivid/ご.wav,ご,,0,cv,44100,1,1.687347,true,true,
水原薫,みずお,単独音-vivid,さ.wav,research/data/raw/reference/utau-samples/水原薫/単独音-vivid/さ.wav,さ,さV,1,cv,44100,1,1.687347,true,true,
水原薫,みずお,単独音-vivid,ざ.wav,research/data/raw/reference/utau-samples/水原薫/単独音-vivid/ざ.wav,ざ,,0,cv,44100,1,1.749841,true,true,
水原薫,みずお,単独音-vivid,し.wav,research/data/raw/reference/utau-samples/水原薫/単独音-vivid/し.wav,し,しV,1,cv,44100,1,1.749841,true,true,
水原薫,みずお,単独音-vivid,しぇ.wav,research/data/raw/reference/utau-samples/水原薫/単独音-vivid/しぇ.wav,しぇ,しぇV,1,cv,44100,1,1.687347,true,true,
水原薫,みずお,単独音-vivid,しゃ.wav,research/data/raw/reference/utau-samples/水原薫/単独音-vivid/しゃ.wav,しゃ,しゃV,1,cv,44100,1,1.749841,true,true,
水原薫,みずお,単独音-vivid,しゅ.wav,research/data/raw/reference/utau-samples/水原薫/単独音-vivid/しゅ.wav,しゅ,しゅV,1,cv,44100,1,1.749841,true,true,
水原薫,みずお,単独音-vivid,しょ.wav,research/data/raw/reference/utau-samples/水原薫/単独音-vivid/しょ.wav,しょ,しょV,1,cv,44100,1,1.687347,true,true,
水原薫,みずお,単独音-vivid,じ.wav,research/data/raw/reference/utau-samples/水原薫/単独音-vivid/じ.wav,じ,,0,cv,44100,1,1.687347,true,true,
水原薫,みずお,単独音-vivid,じぇ.wav,research/data/raw/reference/utau-samples/水原薫/単独音-vivid/じぇ.wav,じぇ,,0,cv,44100,1,1.687347,true,true,
水原薫,みずお,単独音-vivid,じゃ.wav,research/data/raw/reference/utau-samples/水原薫/単独音-vivid/じゃ.wav,じゃ,,0,cv,44100,1,1.687347,true,true,
水原薫,みずお,単独音-vivid,じゅ.wav,research/data/raw/reference/utau-samples/水原薫/単独音-vivid/じゅ.wav,じゅ,,0,cv,44100,1,1.687347,true,true,
水原薫,みずお,単独音-vivid,じょ.wav,research/data/raw/reference/utau-samples/水原薫/単独音-vivid/じょ.wav,じょ,,0,cv,44100,1,1.749841,true,true,
水原薫,みずお,単独音-vivid,す.wav,research/data/raw/reference/utau-samples/水原薫/単独音-vivid/す.wav,す,すV,1,cv,44100,1,1.749841,true,true,
水原薫,みずお,単独音-vivid,ず.wav,research/data/raw/reference/utau-samples/水原薫/単独音-vivid/ず.wav,ず,,0,cv,44100,1,1.749841,true,true,
水原薫,みずお,単独音-vivid,ずぁ.wav,research/data/raw/reference/utau-samples/水原薫/単独音-vivid/ずぁ.wav,ずぁ,,0,cv,44100,1,1.687347,true,true,
水原薫,みずお,単独音-vivid,ずぃ.wav,research/data/raw/reference/utau-samples/水原薫/単独音-vivid/ずぃ.wav,ずぃ,,0,cv,44100,1,1.687347,true,true,
水原薫,みずお,単独音-vivid,ずぇ.wav,research/data/raw/reference/utau-samples/水原薫/単独音-vivid/ずぇ.wav,ずぇ,,0,cv,44100,1,1.687347,true,true,
水原薫,みずお,単独音-vivid,ずぉ.wav,research/data/raw/reference/utau-samples/水原薫/単独音-vivid/ずぉ.wav,ずぉ,,0,cv,44100,1,1.687347,true,true,
水原薫,みずお,単独音-vivid,せ.wav,research/data/raw/reference/utau-samples/水原薫/単独音-vivid/せ.wav,せ,せV,1,cv,44100,1,1.687347,true,true,
水原薫,みずお,単独音-vivid,ぜ.wav,research/data/raw/reference/utau-samples/水原薫/単独音-vivid/ぜ.wav,ぜ,,0,cv,44100,1,1.687347,true,true,
水原薫,みずお,単独音-vivid,そ.wav,research/data/raw/reference/utau-samples/水原薫/単独音-vivid/そ.wav,そ,そV,1,cv,44100,1,1.687347,true,true,
水原薫,みずお,単独音-vivid,ぞ.wav,research/data/raw/reference/utau-samples/水原薫/単独音-vivid/ぞ.wav,ぞ,,0,cv,44100,1,1.749841,true,true,
水原薫,みずお,単独音-vivid,た.wav,research/data/raw/reference/utau-samples/水原薫/単独音-vivid/た.wav,た,たV,1,cv,44100,1,1.687347,true,true,
水原薫,みずお,単独音-vivid,だ.wav,research/data/raw/reference/utau-samples/水原薫/単独音-vivid/だ.wav,だ,,0,cv,44100,1,1.687347,true,true,
水原薫,みずお,単独音-vivid,ち.wav,research/data/raw/reference/utau-samples/水原薫/単独音-vivid/ち.wav,ち,ちV,1,cv,44100,1,1.687347,true,true,
水原薫,みずお,単独音-vivid,ちぇ.wav,research/data/raw/reference/utau-samples/水原薫/単独音-vivid/ちぇ.wav,ちぇ,ちぇV,1,cv,44100,1,1.687347,true,true,
水原薫,みずお,単独音-vivid,ちゃ.wav,research/data/raw/reference/utau-samples/水原薫/単独音-vivid/ちゃ.wav,ちゃ,ちゃV,1,cv,44100,1,1.687347,true,true,
水原薫,みずお,単独音-vivid,ちゅ.wav,research/data/raw/reference/utau-samples/水原薫/単独音-vivid/ちゅ.wav,ちゅ,ちゅV,1,cv,44100,1,1.749841,true,true,
水原薫,みずお,単独音-vivid,ちょ.wav,research/data/raw/reference/utau-samples/水原薫/単独音-vivid/ちょ.wav,ちょ,ちょV,1,cv,44100,1,1.749841,true,true,
水原薫,みずお,単独音-vivid,つ.wav,research/data/raw/reference/utau-samples/水原薫/単独音-vivid/つ.wav,つ,つV,1,cv,44100,1,1.749841,true,true,
水原薫,みずお,単独音-vivid,つぁ.wav,research/data/raw/reference/utau-samples/水原薫/単独音-vivid/つぁ.wav,つぁ,つぁV,1,cv,44100,1,1.687347,true,true,
水原薫,みずお,単独音-vivid,つぃ.wav,research/data/raw/reference/utau-samples/水原薫/単独音-vivid/つぃ.wav,つぃ,つぃV,1,cv,44100,1,1.687347,true,true,
水原薫,みずお,単独音-vivid,つぇ.wav,research/data/raw/reference/utau-samples/水原薫/単独音-vivid/つぇ.wav,つぇ,つぇV,1,cv,44100,1,1.687347,true,true,
水原薫,みずお,単独音-vivid,つぉ.wav,research/data/raw/reference/utau-samples/水原薫/単独音-vivid/つぉ.wav,つぉ,つぉV,1,cv,44100,1,1.687347,true,true,
水原薫,みずお,単独音-vivid,て.wav,research/data/raw/reference/utau-samples/水原薫/単独音-vivid/て.wav,て,てV,1,cv,44100,1,1.687347,true,true,
水原薫,みずお,単独音-vivid,てぃ.wav,research/data/raw/reference/utau-samples/水原薫/単独音-vivid/てぃ.wav,てぃ,てぃV,1,cv,44100,1,1.687347,true,true,
水原薫,みずお,単独音-vivid,てゅ.wav,research/data/raw/reference/utau-samples/水原薫/単独音-vivid/てゅ.wav,てゅ,てゅV,1,cv,44100,1,1.687347,true,true,
水原薫,みずお,単独音-vivid,で.wav,research/data/raw/reference/utau-samples/水原薫/単独音-vivid/で.wav,で,,0,cv,44100,1,1.687347,true,true,
水原薫,みずお,単独音-vivid,でぃ.wav,research/data/raw/reference/utau-samples/水原薫/単独音-vivid/でぃ.wav,でぃ,,0,cv,44100,1,1.687347,true,true,
水原薫,みずお,単独音-vivid,でゅ.wav,research/data/raw/reference/utau-samples/水原薫/単独音-vivid/でゅ.wav,でゅ,,0,cv,44100,1,1.687347,true,true,
水原薫,みずお,単独音-vivid,と.wav,research/data/raw/reference/utau-samples/水原薫/単独音-vivid/と.wav,と,とV,1,cv,44100,1,1.749841,true,true,
水原薫,みずお,単独音-vivid,とぅ.wav,research/data/raw/reference/utau-samples/水原薫/単独音-vivid/とぅ.wav,とぅ,とぅV,1,cv,44100,1,1.687347,true,true,
水原薫,みずお,単独音-vivid,ど.wav,research/data/raw/reference/utau-samples/水原薫/単独音-vivid/ど.wav,ど,,0,cv,44100,1,1.749841,true,true,
水原薫,みずお,単独音-vivid,どぅ.wav,research/data/raw/reference/utau-samples/水原薫/単独音-vivid/どぅ.wav,どぅ,,0,cv,44100,1,1.687347,true,true,
水原薫,みずお,単独音-vivid,な.wav,research/data/raw/reference/utau-samples/水原薫/単独音-vivid/な.wav,な,なV,1,cv,44100,1,1.687347,true,true,
水原薫,みずお,単独音-vivid,に.wav,research/data/raw/reference/utau-samples/水原薫/単独音-vivid/に.wav,に,にV,1,cv,44100,1,1.749841,true,true,
水原薫,みずお,単独音-vivid,にぇ.wav,research/data/raw/reference/utau-samples/水原薫/単独音-vivid/にぇ.wav,にぇ,にぇV,1,cv,44100,1,1.687347,true,true,
水原薫,みずお,単独音-vivid,にゃ.wav,research/data/raw/reference/utau-samples/水原薫/単独音-vivid/にゃ.wav,にゃ,にゃV,1,cv,44100,1,1.687347,true,true,
水原薫,みずお,単独音-vivid,にゅ.wav,research/data/raw/reference/utau-samples/水原薫/単独音-vivid/にゅ.wav,にゅ,にゅV,1,cv,44100,1,1.687347,true,true,
水原薫,みずお,単独音-vivid,にょ.wav,research/data/raw/reference/utau-samples/水原薫/単独音-vivid/にょ.wav,にょ,にょV,1,cv,44100,1,1.749841,true,true,
水原薫,みずお,単独音-vivid,ぬ.wav,research/data/raw/reference/utau-samples/水原薫/単独音-vivid/ぬ.wav,ぬ,ぬV,1,cv,44100,1,1.687347,true,true,
水原薫,みずお,単独音-vivid,ね.wav,research/data/raw/reference/utau-samples/水原薫/単独音-vivid/ね.wav,ね,ねV,1,cv,44100,1,1.749841,true,true,
水原薫,みずお,単独音-vivid,の.wav,research/data/raw/reference/utau-samples/水原薫/単独音-vivid/の.wav,の,のV,1,cv,44100,1,1.687347,true,true,
水原薫,みずお,単独音-vivid,は.wav,research/data/raw/reference/utau-samples/水原薫/単独音-vivid/は.wav,は,はV,1,cv,44100,1,1.749841,true,true,
水原薫,みずお,単独音-vivid,ば.wav,research/data/raw/reference/utau-samples/水原薫/単独音-vivid/ば.wav,ば,,0,cv,44100,1,1.687347,true,true,
水原薫,みずお,単独音-vivid,ぱ.wav,research/data/raw/reference/utau-samples/水原薫/単独音-vivid/ぱ.wav,ぱ,,0,cv,44100,1,1.749841,true,true,
水原薫,みずお,単独音-vivid,ひ.wav,research/data/raw/reference/utau-samples/水原薫/単独音-vivid/ひ.wav,ひ,ひV,1,cv,44100,1,1.687347,true,true,
水原薫,みずお,単独音-vivid,ひぇ.wav,research/data/raw/reference/utau-samples/水原薫/単独音-vivid/ひぇ.wav,ひぇ,ひぇV,1,cv,44100,1,1.749841,true,true,
水原薫,みずお,単独音-vivid,ひゃ.wav,research/data/raw/reference/utau-samples/水原薫/単独音-vivid/ひゃ.wav,ひゃ,ひゃV,1,cv,44100,1,1.749841,true,true,
水原薫,みずお,単独音-vivid,ひゅ.wav,research/data/raw/reference/utau-samples/水原薫/単独音-vivid/ひゅ.wav,ひゅ,ひゅV,1,cv,44100,1,1.687347,true,true,
水原薫,みずお,単独音-vivid,ひょ.wav,research/data/raw/reference/utau-samples/水原薫/単独音-vivid/ひょ.wav,ひょ,ひょV,1,cv,44100,1,1.687347,true,true,
水原薫,みずお,単独音-vivid,び.wav,research/data/raw/reference/utau-samples/水原薫/単独音-vivid/び.wav,び,,0,cv,44100,1,1.687347,true,true,
水原薫,みずお,単独音-vivid,びぇ.wav,research/data/raw/reference/utau-samples/水原薫/単独音-vivid/びぇ.wav,びぇ,,0,cv,44100,1,1.687347,true,true,
水原薫,みずお,単独音-vivid,びゃ.wav,research/data/raw/reference/utau-samples/水原薫/単独音-vivid/びゃ.wav,びゃ,,0,cv,44100,1,1.687347,true,true,
水原薫,みずお,単独音-vivid,びゅ.wav,research/data/raw/reference/utau-samples/水原薫/単独音-vivid/びゅ.wav,びゅ,,0,cv,44100,1,1.687347,true,true,
水原薫,みずお,単独音-vivid,びょ.wav,research/data/raw/reference/utau-samples/水原薫/単独音-vivid/びょ.wav,びょ,,0,cv,44100,1,1.687347,true,true,
水原薫,みずお,単独音-vivid,ぴ.wav,research/data/raw/reference/utau-samples/水原薫/単独音-vivid/ぴ.wav,ぴ,,0,cv,44100,1,1.687347,true,true,
水原薫,みずお,単独音-vivid,ぴぇ.wav,research/data/raw/reference/utau-samples/水原薫/単独音-vivid/ぴぇ.wav,ぴぇ,,0,cv,44100,1,1.687347,true,true,
水原薫,みずお,単独音-vivid,ぴゃ.wav,research/data/raw/reference/utau-samples/水原薫/単独音-vivid/ぴゃ.wav,ぴゃ,,0,cv,44100,1,1.687347,true,true,
水原薫,みずお,単独音-vivid,ぴゅ.wav,research/data/raw/reference/utau-samples/水原薫/単独音-vivid/ぴゅ.wav,ぴゅ,,0,cv,44100,1,1.687347,true,true,
水原薫,みずお,単独音-vivid,ぴょ.wav,research/data/raw/reference/utau-samples/水原薫/単独音-vivid/ぴょ.wav,ぴょ,,0,cv,44100,1,1.687347,true,true,
水原薫,みずお,単独音-vivid,ふ.wav,research/data/raw/reference/utau-samples/水原薫/単独音-vivid/ふ.wav,ふ,ふV,1,cv,44100,1,1.687347,true,true,
水原薫,みずお,単独音-vivid,ふぁ.wav,research/data/raw/reference/utau-samples/水原薫/単独音-vivid/ふぁ.wav,ふぁ,ふぁV,1,cv,44100,1,1.687347,true,true,
水原薫,みずお,単独音-vivid,ふぃ.wav,research/data/raw/reference/utau-samples/水原薫/単独音-vivid/ふぃ.wav,ふぃ,ふぃV,1,cv,44100,1,1.749841,true,true,
水原薫,みずお,単独音-vivid,ふぇ.wav,research/data/raw/reference/utau-samples/水原薫/単独音-vivid/ふぇ.wav,ふぇ,ふぇV,1,cv,44100,1,1.687347,true,true,
水原薫,みずお,単独音-vivid,ふぉ.wav,research/data/raw/reference/utau-samples/水原薫/単独音-vivid/ふぉ.wav,ふぉ,ふぉV,1,cv,44100,1,1.687347,true,true,
水原薫,みずお,単独音-vivid,ぶ.wav,research/data/raw/reference/utau-samples/水原薫/単独音-vivid/ぶ.wav,ぶ,,0,cv,44100,1,1.687347,true,true,
水原薫,みずお,単独音-vivid,ぷ.wav,research/data/raw/reference/utau-samples/水原薫/単独音-vivid/ぷ.wav,ぷ,,0,cv,44100,1,1.749841,true,true,
水原薫,みずお,単独音-vivid,へ.wav,research/data/raw/reference/utau-samples/水原薫/単独音-vivid/へ.wav,へ,へV,1,cv,44100,1,1.687347,true,true,
水原薫,みずお,単独音-vivid,べ.wav,research/data/raw/reference/utau-samples/水原薫/単独音-vivid/べ.wav,べ,,0,cv,44100,1,1.749841,true,true,
水原薫,みずお,単独音-vivid,ぺ.wav,research/data/raw/reference/utau-samples/水原薫/単独音-vivid/ぺ.wav,ぺ,,0,cv,44100,1,1.687347,true,true,
水原薫,みずお,単独音-vivid,ほ.wav,research/data/raw/reference/utau-samples/水原薫/単独音-vivid/ほ.wav,ほ,ほV,1,cv,44100,1,1.812336,true,true,
水原薫,みずお,単独音-vivid,ぼ.wav,research/data/raw/reference/utau-samples/水原薫/単独音-vivid/ぼ.wav,ぼ,,0,cv,44100,1,1.687347,true,true,
水原薫,みずお,単独音-vivid,ぽ.wav,research/data/raw/reference/utau-samples/水原薫/単独音-vivid/ぽ.wav,ぽ,,0,cv,44100,1,1.749841,true,true,
水原薫,みずお,単独音-vivid,ま.wav,research/data/raw/reference/utau-samples/水原薫/単独音-vivid/ま.wav,ま,まV,1,cv,44100,1,1.687347,true,true,
水原薫,みずお,単独音-vivid,み.wav,research/data/raw/reference/utau-samples/水原薫/単独音-vivid/み.wav,み,みV,1,cv,44100,1,1.687347,true,true,
水原薫,みずお,単独音-vivid,みぇ.wav,research/data/raw/reference/utau-samples/水原薫/単独音-vivid/みぇ.wav,みぇ,みぇV,1,cv,44100,1,1.749841,true,true,
水原薫,みずお,単独音-vivid,みゃ.wav,research/data/raw/reference/utau-samples/水原薫/単独音-vivid/みゃ.wav,みゃ,みゃV,1,cv,44100,1,1.749841,true,true,
水原薫,みずお,単独音-vivid,みゅ.wav,research/data/raw/reference/utau-samples/水原薫/単独音-vivid/みゅ.wav,みゅ,みゅV,1,cv,44100,1,1.749841,true,true,
水原薫,みずお,単独音-vivid,みょ.wav,research/data/raw/reference/utau-samples/水原薫/単独音-vivid/みょ.wav,みょ,みょV,1,cv,44100,1,1.749841,true,true,
水原薫,みずお,単独音-vivid,む.wav,research/data/raw/reference/utau-samples/水原薫/単独音-vivid/む.wav,む,むV,1,cv,44100,1,1.687347,true,true,
水原薫,みずお,単独音-vivid,め.wav,research/data/raw/reference/utau-samples/水原薫/単独音-vivid/め.wav,め,めV,1,cv,44100,1,1.749841,true,true,
水原薫,みずお,単独音-vivid,も.wav,research/data/raw/reference/utau-samples/水原薫/単独音-vivid/も.wav,も,もV,1,cv,44100,1,1.687347,true,true,
水原薫,みずお,単独音-vivid,や.wav,research/data/raw/reference/utau-samples/水原薫/単独音-vivid/や.wav,や,やV,1,cv,44100,1,1.812336,true,true,
水原薫,みずお,単独音-vivid,ゆ.wav,research/data/raw/reference/utau-samples/水原薫/単独音-vivid/ゆ.wav,ゆ,ゆV,1,cv,44100,1,1.687347,true,true,
水原薫,みずお,単独音-vivid,よ.wav,research/data/raw/reference/utau-samples/水原薫/単独音-vivid/よ.wav,よ,よV,1,cv,44100,1,1.687347,true,true,
水原薫,みずお,単独音-vivid,ら.wav,research/data/raw/reference/utau-samples/水原薫/単独音-vivid/ら.wav,ら,らV,1,cv,44100,1,1.812336,true,true,
水原薫,みずお,単独音-vivid,り.wav,research/data/raw/reference/utau-samples/水原薫/単独音-vivid/り.wav,り,りV,1,cv,44100,1,1.749841,true,true,
水原薫,みずお,単独音-vivid,りぇ.wav,research/data/raw/reference/utau-samples/水原薫/単独音-vivid/りぇ.wav,りぇ,りぇV,1,cv,44100,1,1.687347,true,true,
水原薫,みずお,単独音-vivid,りゃ.wav,research/data/raw/reference/utau-samples/水原薫/単独音-vivid/りゃ.wav,りゃ,りゃV,1,cv,44100,1,1.687347,true,true,
水原薫,みずお,単独音-vivid,りゅ.wav,research/data/raw/reference/utau-samples/水原薫/単独音-vivid/りゅ.wav,りゅ,りゅV,1,cv,44100,1,1.749841,true,true,
水原薫,みずお,単独音-vivid,りょ.wav,research/data/raw/reference/utau-samples/水原薫/単独音-vivid/りょ.wav,りょ,りょV,1,cv,44100,1,1.687347,true,true,
水原薫,みずお,単独音-vivid,る.wav,research/data/raw/reference/utau-samples/水原薫/単独音-vivid/る.wav,る,るV,1,cv,44100,1,1.812336,true,true,
水原薫,みずお,単独音-vivid,れ.wav,research/data/raw/reference/utau-samples/水原薫/単独音-vivid/れ.wav,れ,れV,1,cv,44100,1,1.687347,true,true,
水原薫,みずお,単独音-vivid,ろ.wav,research/data/raw/reference/utau-samples/水原薫/単独音-vivid/ろ.wav,ろ,ろV,1,cv,44100,1,1.812336,true,true,
水原薫,みずお,単独音-vivid,わ.wav,research/data/raw/reference/utau-samples/水原薫/単独音-vivid/わ.wav,わ,わV,1,cv,44100,1,1.687347,true,true,
水原薫,みずお,単独音-vivid,ん.wav,research/data/raw/reference/utau-samples/水原薫/単独音-vivid/ん.wav,ん,んV,1,cv,44100,1,1.687347,true,true,
水原薫,みずお,単独音-vivid,ヴ.wav,research/data/raw/reference/utau-samples/水原薫/単独音-vivid/ヴ.wav,ヴ,,0,cv,44100,1,1.687347,true,true,
水原薫,みずお,単独音-vivid,ヴぁ.wav,research/data/raw/reference/utau-samples/水原薫/単独音-vivid/ヴぁ.wav,ヴぁ,,0,cv,44100,1,1.687347,true,true,
水原薫,みずお,単独音-vivid,ヴぃ.wav,research/data/raw/reference/utau-samples/水原薫/単独音-vivid/ヴぃ.wav,ヴぃ,,0,cv,44100,1,1.687347,true,true,
水原薫,みずお,単独音-vivid,ヴぇ.wav,research/data/raw/reference/utau-samples/水原薫/単独音-vivid/ヴぇ.wav,ヴぇ,,0,cv,44100,1,1.687347,true,true,
水原薫,みずお,単独音-vivid,ヴぉ.wav,research/data/raw/reference/utau-samples/水原薫/単独音-vivid/ヴぉ.wav,ヴぉ,,0,cv,44100,1,1.687347,true,true,
水原薫,みずお,連続音,_あめうぇりゃえしょ.wav,research/data/raw/reference/utau-samples/水原薫/連続音/_あめうぇりゃえしょ.wav,_あめうぇりゃえしょ,- あ,6,vcv,44100,1,4.124626,true,true,
水原薫,みずお,連続音,_いうぁんヴぃちゅん.wav,research/data/raw/reference/utau-samples/水原薫/連続音/_いうぁんヴぃちゅん.wav,_いうぁんヴぃちゅん,,0,vcv,44100,1,4.249615,true,true,
水原薫,みずお,連続音,_いくんぎぇいう.wav,research/data/raw/reference/utau-samples/水原薫/連続音/_いくんぎぇいう.wav,_いくんぎぇいう,,0,vcv,44100,1,4.249615,true,true,
水原薫,みずお,連続音,_いざんひどん.wav,research/data/raw/reference/utau-samples/水原薫/連続音/_いざんひどん.wav,_いざんひどん,,0,vcv,44100,1,4.124626,true,true,
水原薫,みずお,連続音,_いしみしゅんす.wav,research/data/raw/reference/utau-samples/水原薫/連続音/_いしみしゅんす.wav,_いしみしゅんす,i し,4,vcv,44100,1,4.249615,true,true,
水原薫,みずお,連続音,_いつんこいそ.wav,research/data/raw/reference/utau-samples/水原薫/連続音/_いつんこいそ.wav,_いつんこいそ,i つ,4,vcv,44100,1,4.187120,true,true,
水原薫,みずお,連続音,_いでんにぇいびゅ.wav,research/data/raw/reference/utau-samples/水原薫/連続音/_いでんにぇいびゅ.wav,_いでんにぇいびゅ,,0,vcv,44100,1,4.187120,true,true,
水原薫,みずお,連続音,_いとんきゅいぶ.wav,research/data/raw/reference/utau-samples/水原薫/連続音/_いとんきゅいぶ.wav,_いとんきゅいぶ,,0,vcv,44100,1,4.249615,true,true,
水原薫,みずお,連続音,_いぴゃんじてぃめ.wav,research/data/raw/reference/utau-samples/水原薫/連続音/_いぴゃんじてぃめ.wav,_いぴゃんじてぃめ,,0,vcv,44100,1,4.187120,true,true,
水原薫,みずお,連続音,_いみゅがりゃざびょ.wav,research/data/raw/reference/utau-samples/水原薫/連続音/_いみゅがりゃざびょ.wav,_いみゅがりゃざびょ,,0,vcv,44100,1,4.124626,true,true,
水原薫,みずお,連続音,_いよんぬいきぇ.wav,research/data/raw/reference/utau-samples/水原薫/連続音/_いよんぬいきぇ.wav,_いよんぬいきぇ,i よ,3,vcv,44100,1,4.187120,true,true,
水原薫,みずお,連続音,_いりぇんりたん.wav,research/data/raw/reference/utau-samples/水原薫/連続音/_いりぇんりたん.wav,_いりぇんりたん,i りぇ,3,vcv,44100,1,4.187120,true,true,
水原薫,みずお,連続音,_いりゃんひょいぺ.wav,research/data/raw/reference/utau-samples/水原薫/連続音/_いりゃんひょいぺ.wav,_いりゃんひょいぺ,,0,vcv,44100,1,4.187120,true,true,
水原薫,みずお,連続音,_いろんぴぇいね.wav,research/data/raw/reference/utau-samples/水原薫/連続音/_いろんぴぇいね.wav,_いろんぴぇいね,,0,vcv,44100,1,4.249615,true,true,
水原薫,みずお,連続音,_うぁごびぬはや.wav,research/data/raw/reference/utau-samples/水原薫/連続音/_うぁごびぬはや.wav,_うぁごびぬはや,,0,vcv,44100,1,4.187120,true,true,
水原薫,みずお,連続音,_うぃじゃちぇじゃしゅべ.wav,research/data/raw/reference/utau-samples/水原薫/連続音/_うぃじゃちぇじゃしゅべ.wav,_うぃじゃちぇじゃしゅべ,,0,vcv,44100,1,4.187120,true,true,
水原薫,みずお,連続音,_うぇぎヴなししょ.wav,research/data/raw/reference/utau-samples/水原薫/連続音/_うぇぎヴなししょ.wav,_うぇぎヴなししょ,,0,vcv,44100,1,4.249615,true,true,
水原薫,みずお,連続音,_うぉんやんにゅん.wav,research/data/raw/reference/utau-samples/水原薫/連続音/_うぉんやんにゅん.wav,_うぉんやんにゅん,- うぉ,3,vcv,44100,1,4.249615,true,true,
水原薫,みずお,連続音,_うよぎゅじょれぐ.wav,research/data/raw/reference/utau-samples/水原薫/連続音/_うよぎゅじょれぐ.wav,_うよぎゅじょれぐ,,0,vcv,44100,1,4.124626,true,true,
水原薫,みずお,連続音,_えぴぇちびょちぇん.wav,research/data/raw/reference/utau-samples/水原薫/連続音/_えぴぇちびょちぇん.wav,_えぴぇちびょちぇん,,0,vcv,44100,1,4.187120,true,true,
水原薫,みずお,連続音,_おどぅヴぃござで.wav,research/data/raw/reference/utau-samples/水原薫/連続音/_おどぅヴぃござで.wav,_おどぅヴぃござで,,0,vcv,44100,1,4.249615,true,true,
水原薫,みずお,連続音,_かにぇよべにぇひゅ.wav,research/data/raw/reference/utau-samples/水原薫/連続音/_かにぇよべにぇひゅ.wav,_かにぇよべにぇひゅ,,0,vcv,44100,1,4.124626,true,true,
水原薫,みずお,連続音,_がうぇいぴょひょぎゃ.wav,research/data/raw/reference/utau-samples/水原薫/連続音/_がうぇいぴょひょぎゃ.wav,_がうぇいぴょひょぎゃ,,0,vcv,44100,1,4.249615,true,true,
水原薫,みずお,連続音,_きぇのきゅにゅおあ.wav,research/data/raw/reference/utau-samples/水原薫/連続音/_きぇのきゅにゅおあ.wav,_きぇのきゅにゅおあ,- きぇ,7,vcv,44100,1,4.249615,true,true,
水原薫,みずお,連続音,_きぎぇわぎにぎゃ.wav,research/data/raw/reference/utau-samples/水原薫/連続音/_きぎぇわぎにぎゃ.wav,_きぎぇわぎにぎゃ,,0,vcv,44100,1,4.187120,true,true,
水原薫,みずお,連続音,_きゃぴぇぞもみゅびぇ.wav,research/data/raw/reference/utau-samples/水原薫/連続音/_きゃぴぇぞもみゅびぇ.wav,_きゃぴぇぞもみゅびぇ,,0,vcv,44100,1,4.187120,true,true,
水原薫,みずお,連続音,_きゅんちょんヴぇうぉ.wav,research/data/raw/reference/utau-samples/水原薫/連続音/_きゅんちょんヴぇうぉ.wav,_きゅんちょんヴぇうぉ,,0,vcv,44100,1,4.124626,true,true,
水原薫,みずお,連続音,_きょとぅびゅびかう.wav,research/data/raw/reference/utau-samples/水原薫/連続音/_きょとぅびゅびかう.wav,_きょとぅびゅびかう,,0,vcv,44100,1,4.249615,true,true,
水原薫,みずお,連続音,_ぎぇりぇばひへく.wav,research/data/raw/reference/utau-samples/水原薫/連続音/_ぎぇりぇばひへく.wav,_ぎぇりぇばひへく,,0,vcv,44100,1,4.187120,true,true,
水原薫,みずお,連続音,_ぎぎきちぇみゅえ.wav,research/data/raw/reference/utau-samples/水原薫/連続音/_ぎぎきちぇみゅえ.wav,_ぎぎきちぇみゅえ,,0,vcv,44100,1,4.187120,true,true,
水原薫,みずお,連続音,_ぎゃてちゃヴびょちゃ.wav,research/data/raw/reference/utau-samples/水原薫/連続音/_ぎゃてちゃヴびょちゃ.wav,_ぎゃてちゃヴびょちゃ,,0,vcv,44100,1,4.249615,true,true,
水原薫,みずお,連続音,_ぎゅびゃみゃじゅりゃぴ.wav,research/data/raw/reference/utau-samples/水原薫/連続音/_ぎゅびゃみゃじゅりゃぴ.wav,_ぎゅびゃみゃじゅりゃぴ,,0,vcv,44100,1,4.187120,true,true,
水原薫,みずお,連続音,_ぎょじゃんぱんと.wav,research/data/raw/reference/utau-samples/水原薫/連続音/_ぎょじゃんぱんと.wav,_ぎょじゃんぱんと,,0,vcv,44100,1,4.249615,true,true,
水原薫,みずお,連続音,_くちょんげけむ.wav,research/data/raw/reference/utau-samples/水原薫/連続音/_くちょんげけむ.wav,_くちょんげけむ,,0,vcv,44100,1,4.187120,true,true,
水原薫,みずお,連続音,_ぐぱじょほヴぃにょ.wav,research/data/raw/reference/utau-samples/水原薫/連続音/_ぐぱじょほヴぃにょ.wav,_ぐぱじょほヴぃにょ,,0,vcv,44100,1,4.249615,true,true,
水原薫,みずお,連続音,_けゆぼうぃぞぼ.wav,research/data/raw/reference/utau-samples/水原薫/連続音/_けゆぼうぃぞぼ.wav,_けゆぼうぃぞぼ,,0,vcv,44100,1,4.187120,true,true,
水原薫,みずお,連続音,_げしゅきゅみじょり.wav,research/data/raw/reference/utau-samples/水原薫/連続音/_げしゅきゅみじょり.wav,_げしゅきゅみじょり,,0,vcv,44100,1,4.249615,true,true,
水原薫,みずお,連続音,_こなほしゃこひぇ.wav,research/data/raw/reference/utau-samples/水原薫/連続音/_こなほしゃこひぇ.wav,_こなほしゃこひぇ,- こ,6,vcv,44100,1,4.249615,true,true,
水原薫,みずお,連続音,_ごさみゅのえひ.wav,research/data/raw/reference/utau-samples/水原薫/連続音/_ごさみゅのえひ.wav,_ごさみゅのえひ,,0,vcv,44100,1,4.187120,true,true,
水原薫,みずお,連続音,_さわひょそゆぎ.wav,research/data/raw/reference/utau-samples/水原薫/連続音/_さわひょそゆぎ.wav,_さわひょそゆぎ,,0,vcv,44100,1,4.124626,true,true,
水原薫,みずお,連続音,_ざぎゃとぅうとぅね.wav,research/data/raw/reference/utau-samples/水原薫/連続音/_ざぎゃとぅうとぅね.wav,_ざぎゃとぅうとぅね,,0,vcv,44100,1,4.187120,true,true,
水原薫,みずお,連続音,_しぇぎゅにどぅひょこ.wav,research/data/raw/reference/utau-samples/水原薫/連続音/_しぇぎゅにどぅひょこ.wav,_しぇぎゅにどぅひょこ,,0,vcv,44100,1,4.187120,true,true,
水原薫,みずお,連続音,_してぶしぇだの.wav,research/data/raw/reference/utau-samples/水原薫/連続音/_してぶしぇだの.wav,_してぶしぇだの,,0,vcv,44100,1,4.249615,true,true,
水原薫,みずお,連続音,_しゃぎょごへたよ.wav,research/data/raw/reference/utau-samples/水原薫/連続音/_しゃぎょごへたよ.wav,_しゃぎょごへたよ,,0,vcv,44100,1,4.249615,true,true,
水原薫,みずお,連続音,_しゅしょしぇあどぱ.wav,research/data/raw/reference/utau-samples/水原薫/連続音/_しゅしょしぇあどぱ.wav,_しゅしょしぇあどぱ,,0,vcv,44100,1,4.249615,true,true,
水原薫,みずお,連続音,_しょじヴぉまたあ.wav,research/data/raw/reference/utau-samples/水原薫/連続音/_しょじヴぉまたあ.wav,_しょじヴぉまたあ,,0,vcv,44100,1,4.249615,true,true,
水原薫,みずお,連続音,_じぇまびゅてもけ.wav,research/data/raw/reference/utau-samples/水原薫/連続音/_じぇまびゅてもけ.wav,_じぇまびゅてもけ,,0,vcv,44100,1,4.187120,true,true,
水原薫,みずお,連続音,_じひせおんびぇ.wav,research/data/raw/reference/utau-samples/水原薫/連続音/_じひせおんびぇ.wav,_じひせおんびぇ,,0,vcv,44100,1,4.249615,true,true,
水原薫,みずお,連続音,_じゃへヴヴぉぎょど.wav,research/data/raw/reference/utau-samples/水原薫/連続音/_じゃへヴヴぉぎょど.wav,_じゃへヴヴぉぎょど,,0,vcv,44100,1,4.124626,true,true,
水原薫,みずお,連続音,_じゅずとてぃさむ.wav,research/data/raw/reference/utau-samples/水原薫/連続音/_じゅずとてぃさむ.wav,_じゅずとてぃさむ,,0,vcv,44100,1,4.124626,true,true,
水原薫,みずお,連続音,_じょりょひゃかちょす.wav,research/data/raw/reference/utau-samples/水原薫/連続音/_じょりょひゃかちょす.wav,_じょりょひゃかちょす,,0,vcv,44100,1,4.187120,true,true,
水原薫,みずお,連続音,_すりひゅにゃくす.wav,research/data/raw/reference/utau-samples/水原薫/連続音/_すりひゅにゃくす.wav,_すりひゅにゃくす,- す,6,vcv,44100,1,4.187120,true,true,
水原薫,みずお,連続音,_ずぴちぼのじょ.wav,research/data/raw/reference/utau-samples/水原薫/連続音/_ずぴちぼのじょ.wav,_ずぴちぼのじょ,,0,vcv,44100,1,4.124626,true,true,
水原薫,みずお,連続音,_せにゅまもふし.wav,research/data/raw/reference/utau-samples/水原薫/連続音/_せにゅまもふし.wav,_せにゅまもふし,- せ,6,vcv,44100,1,4.187143,true,true,
水原薫,みずお,連続音,_ぜみゃぴょうみぇひゃ.wav,research/data/raw/reference/utau-samples/水原薫/連続音/_ぜみゃぴょうみぇひゃ.wav,_ぜみゃぴょうみぇひゃ,,0,vcv,44100,1,4.187120,true,true,
水原薫,みずお,連続音,_そらはみぇきょきゃ.wav,research/data/raw/reference/utau-samples/水原薫/連続音/_そらはみぇきょきゃ.wav,_そらはみぇきょきゃ,- そ,6,vcv,44100,1,4.187120,true,true,
水原薫,みずお,連続音,_ぞかどぅきぇがりぇ.wav,research/data/raw/reference/utau-samples/水原薫/連続音/_ぞかどぅきぇがりぇ.wav,_ぞかどぅきぇがりぇ,,0,vcv,44100,1,4.249615,true,true,
水原薫,みずお,連続音,_たんぴゅぴゅさん.wav,research/data/raw/reference/utau-samples/水原薫/連続音/_たんぴゅぴゅさん.wav,_たんぴゅぴゅさん,,0,vcv,44100,1,4.187120,true,true,
水原薫,みずお,連続音,_だみょうぇるうぉん.wav,research/data/raw/reference/utau-samples/水原薫/連続音/_だみょうぇるうぉん.wav,_だみょうぇるうぉん,,0,vcv,44100,1,4.124626,true,true,
水原薫,みずお,連続音,_ちぇびゃぶみゃぎぇふ.wav,research/data/raw/reference/utau-samples/水原薫/連続音/_ちぇびゃぶみゃぎぇふ.wav,_ちぇびゃぶみゃぎぇふ,,0,vcv,44100,1,4.187120,true,true,
水原薫,みずお,連続音,_ちゃつじゃびみぇき.wav,research/data/raw/reference/utau-samples/水原薫/連続音/_ちゃつじゃびみぇき.wav,_ちゃつじゃびみぇき,,0,vcv,44100,1,4.124626,true,true,
水原薫,みずお,連続音,_ちゅんろきょうぁヴぁ.wav,research/data/raw/reference/utau-samples/水原薫/連続音/_ちゅんろきょうぁヴぁ.wav,_ちゅんろきょうぁヴぁ,,0,vcv,44100,1,4.249615,true,true,
水原薫,みずお,連続音,_ちょちょにぇびゅせひょ.wav,research/data/raw/reference/utau-samples/水原薫/連続音/_ちょちょにぇびゅせひょ.wav,_ちょちょにぇびゅせひょ,,0,vcv,44100,1,4.187120,true,true,
水原薫,みずお,連続音,_ちわぬぶヴぇぽ.wav,research/data/raw/reference/utau-samples/水原薫/連続音/_ちわぬぶヴぇぽ.wav,_ちわぬぶヴぇぽ,,0,vcv,44100,1,4.187120,true,true,
水原薫,みずお,連続音,_つもにょみぇきゅうぃ.wav,research/data/raw/reference/utau-samples/水原薫/連続音/_つもにょみぇきゅうぃ.wav,_つもにょみぇきゅうぃ,- つ,6,vcv,44100,1,4.187120,true,true,
水原薫,みずお,連続音,_てぃみょぴゅにょきぇれ.wav,research/data/raw/reference/utau-samples/水原薫/連続音/_てぃみょぴゅにょきぇれ.wav,_てぃみょぴゅにょきぇれ,,0,vcv,44100,1,4.187120,true,true,
水原薫,みずお,連続音,_でぃきゃひゃにゃちゅち.wav,research/data/raw/reference/utau-samples/水原薫/連続音/_でぃきゃひゃにゃちゅち.wav,_でぃきゃひゃにゃちゅち,,0,vcv,44100,1,4.124626,true,true,
水原薫,みずお,連続音,_でうぁずでぬぎょ.wav,research/data/raw/reference/utau-samples/水原薫/連続音/_でうぁずでぬぎょ.wav,_でうぁずでぬぎょ,,0,vcv,44100,1,4.249615,true,true,
水原薫,みずお,連続音,_てヴぉつむほぴ.wav,research/data/raw/reference/utau-samples/水原薫/連続音/_てヴぉつむほぴ.wav,_てヴぉつむほぴ,,0,vcv,44100,1,4.249615,true,true,
水原薫,みずお,連続音,_とぅぐこくばき.wav,research/data/raw/reference/utau-samples/水原薫/連続音/_とぅぐこくばき.wav,_とぅぐこくばき,,0,vcv,44100,1,4.187120,true,true,
水原薫,みずお,連続音,_とぜぱにりょびゃ.wav,research/data/raw/reference/utau-samples/水原薫/連続音/_とぜぱにりょびゃ.wav,_とぜぱにりょびゃ,,0,vcv,44100,1,4.187120,true,true,
水原薫,みずお,連続音,_どぅうぁヴぉりぇぴゃぷ.wav,research/data/raw/reference/utau-samples/水原薫/連続音/_どぅうぁヴぉりぇぴゃぷ.wav,_どぅうぁヴぉりぇぴゃぷ,,0,vcv,44100,1,4.124626,true,true,
水原薫,みずお,連続音,_どたぺじぇざぴゃ.wav,research/data/raw/reference/utau-samples/水原薫/連続音/_どたぺじぇざぴゃ.wav,_どたぺじぇざぴゃ,,0,vcv,44100,1,4.124626,true,true,
水原薫,みずお,連続音,_なばそずひでぃ.wav,research/data/raw/reference/utau-samples/水原薫/連続音/_なばそずひでぃ.wav,_なばそずひでぃ,,0,vcv,44100,1,4.124626,true,true,
水原薫,みずお,連続音,_にぇずげねめしぇ.wav,research/data/raw/reference/utau-samples/水原薫/連続音/_にぇずげねめしぇ.wav,_にぇずげねめしぇ,,0,vcv,44100,1,4.187120,true,true,
水原薫,みずお,連続音,_にすにぇきぇひぇちゅ.wav,research/data/raw/reference/utau-samples/水原薫/連続音/_にすにぇきぇひぇちゅ.wav,_にすにぇきぇひぇちゅ,- に,6,vcv,44100,1,4.187120,true,true,
水原薫,みずお,連続音,_にゃんごびゅぷけ.wav,research/data/raw/reference/utau-samples/水原薫/連続音/_にゃんごびゅぷけ.wav,_にゃんごびゅぷけ,,0,vcv,44100,1,4.187120,true,true,
水原薫,みずお,連続音,_にゅどみょしゅぽぷ.wav,research/data/raw/reference/utau-samples/水原薫/連続音/_にゅどみょしゅぽぷ.wav,_にゅどみょしゅぽぷ,,0,vcv,44100,1,4.187120,true,true,
水原薫,みずお,連続音,_にょんざんぜん.wav,research/data/raw/reference/utau-samples/水原薫/連続音/_にょんざんぜん.wav,_にょんざんぜん,,0,vcv,44100,1,4.124626,true,true,
水原薫,みずお,連続音,_ぬるつヴひゃひぇ.wav,research/data/raw/reference/utau-samples/水原薫/連続音/_ぬるつヴひゃひぇ.wav,_ぬるつヴひゃひぇ,,0,vcv,44100,1,4.124626,true,true,
水原薫,みずお,連続音,_ねへじょりゃんう.wav,research/data/raw/reference/utau-samples/水原薫/連続音/_ねへじょりゃんう.wav,_ねへじょりゃんう,,0,vcv,44100,1,4.124626,true,true,
水原薫,みずお,連続音,_のてでぃらしょヴぇ.wav,research/data/raw/reference/utau-samples/水原薫/連続音/_のてでぃらしょヴぇ.wav,_のてでぃらしょヴぇ,,0,vcv,44100,1,4.187120,true,true,
水原薫,みずお,連続音,_はしゃいぜびょひゅ.wav,research/data/raw/reference/utau-samples/水原薫/連続音/_はしゃいぜびょひゅ.wav,_はしゃいぜびょひゅ,,0,vcv,44100,1,4.187120,true,true,
水原薫,みずお,連続音,_ばせてぃびゃうぉじぇ.wav,research/data/raw/reference/utau-samples/水原薫/連続音/_ばせてぃびゃうぉじぇ.wav,_ばせてぃびゃうぉじぇ,,0,vcv,44100,1,4.249615,true,true,
水原薫,みずお,連続音,_ぱげりょげせしゃ.wav,research/data/raw/reference/utau-samples/水原薫/連続音/_ぱげりょげせしゃ.wav,_ぱげりょげせしゃ,,0,vcv,44100,1,4.249615,true,true,
水原薫,みずお,連続音,_ひぇちぇにゃりょヴぁにょ.wav,research/data/raw/reference/utau-samples/水原薫/連続音/_ひぇちぇにゃりょヴぁにょ.wav,_ひぇちぇにゃりょヴぁにょ,,0,vcv,44100,1,4.187120,true,true,
水原薫,みずお,連続音,_ひゃちやひゅうぇぴ.wav,research/data/raw/reference/utau-samples/水原薫/連続音/_ひゃちやひゅうぇぴ.wav,_ひゃちやひゅうぇぴ,,0,vcv,44100,1,4.249615,true,true,
水原薫,みずお,連続音,_ひゅぬりぇすそぬ.wav,research/data/raw/reference/utau-samples/水原薫/連続音/_ひゅぬりぇすそぬ.wav,_ひゅぬりぇすそぬ,- ひゅ,6,vcv,44100,1,4.249615,true,true,
水原薫,みずお,連続音,_ひょびぇべびぇてな.wav,research/data/raw/reference/utau-samples/水原薫/連続音/_ひょびぇべびぇてな.wav,_ひょびぇべびぇてな,,0,vcv,44100,1,4.187120,true,true,
水原薫,みずお,連続音,_ひりゅひぇぺヴぇご.wav,research/data/raw/reference/utau-samples/水原薫/連続音/_ひりゅひぇぺヴぇご.wav,_ひりゅひぇぺヴぇご,,0,vcv,44100,1,4.187120,true,true,
水原薫,みずお,連続音,_びぇどぅごにぱぽ.wav,research/data/raw/reference/utau-samples/水原薫/連続音/_びぇどぅごにぱぽ.wav,_びぇどぅごにぱぽ,,0,vcv,44100,1,4.124626,true,true,
水原薫,みずお,連続音,_びひぇんずんどぅ.wav,research/data/raw/reference/utau-samples/水原薫/連続音/_びひぇんずんどぅ.wav,_びひぇんずんどぅ,,0,vcv,44100,1,4.187120,true,true,
水原薫,みずお,連続音,_びゃうぃにゅぎぇびほ.wav,research/data/raw/reference/utau-samples/水原薫/連続音/_びゃうぃにゅぎぇびほ.wav,_びゃうぃにゅぎぇびほ,,0,vcv,44100,1,4.187120,true,true,
水原薫,みずお,連続音,_びゅぜほみがぞ.wav,research/data/raw/reference/utau-samples/水原薫/連続音/_びゅぜほみがぞ.wav,_びゅぜほみがぞ,,0,vcv,44100,1,4.124626,true,true,
水原薫,みずお,連続音,_びょむきヴぁぼうぉ.wav,research/data/raw/reference/utau-samples/水原薫/連続音/_びょむきヴぁぼうぉ.wav,_びょむきヴぁぼうぉ,,0,vcv,44100,1,4.124626,true,true,
水原薫,みずお,連続音,_ぴぇちょでぃうぉびょぎぇ.wav,research/data/raw/reference/utau-samples/水原薫/連続音/_ぴぇちょでぃうぉびょぎぇ.wav,_ぴぇちょでぃうぉびょぎぇ,,0,vcv,44100,1,4.249615,true,true,
水原薫,みずお,連続音,_ぴぴとぅぴょおよ.wav,research/data/raw/reference/utau-samples/水原薫/連続音/_ぴぴとぅぴょおよ.wav,_ぴぴとぅぴょおよ,,0,vcv,44100,1,4.249615,true,true,
水原薫,みずお,連続音,_ぴゃけらるちゅじゅ.wav,research/data/raw/reference/utau-samples/水原薫/連続音/_ぴゃけらるちゅじゅ.wav,_ぴゃけらるちゅじゅ,,0,vcv,44100,1,4.124626,true,true,
水原薫,みずお,連続音,_ぴゅぴぇじゅだきゅく.wav,research/data/raw/reference/utau-samples/水原薫/連続音/_ぴゅぴぇじゅだきゅく.wav,_ぴゅぴぇじゅだきゅく,,0,vcv,44100,1,4.187120,true,true,
水原薫,みずお,連続音,_ぴょろやじゃきゃヴぇ.wav,research/data/raw/reference/utau-samples/水原薫/連続音/_ぴょろやじゃきゃヴぇ.wav,_ぴょろやじゃきゃヴぇ,,0,vcv,44100,1,4.187120,true,true,
水原薫,みずお,連続音,_ふどぅみゅヴぁれり.wav,research/data/raw/reference/utau-samples/水原薫/連続音/_ふどぅみゅヴぁれり.wav,_ふどぅみゅヴぁれり,,0,vcv,44100,1,4.187120,true,true,
水原薫,みずお,連続音,_ぶかりぽみゃな.wav,research/data/raw/reference/utau-samples/水原薫/連続音/_ぶかりぽみゃな.wav,_ぶかりぽみゃな,,0,vcv,44100,1,4.187120,true,true,
水原薫,みずお,連続音,_ぷしゃだぱふりゅ.wav,research/data/raw/reference/utau-samples/水原薫/連続音/_ぷしゃだぱふりゅ.wav,_ぷしゃだぱふりゅ,,0,vcv,44100,1,4.249615,true,true,
水原薫,みずお,連続音,_へじにぇぎょぺぎゃ.wav,research/data/raw/reference/utau-samples/水原薫/連続音/_へじにぇぎょぺぎゃ.wav,_へじにぇぎょぺぎゃ,,0,vcv,44100,1,4.249615,true,true,
水原薫,みずお,連続音,_べかおぐちぇみ.wav,research/data/raw/reference/utau-samples/水原薫/連続音/_べかおぐちぇみ.wav,_べかおぐちぇみ,,0,vcv,44100,1,4.187120,true,true,
水原薫,みずお,連続音,_ぺヴぃぎょわとめ.wav,research/data/raw/reference/utau-samples/水原薫/連続音/_ぺヴぃぎょわとめ.wav,_ぺヴぃぎょわとめ,,0,vcv,44100,1,4.249615,true,true,
水原薫,みずお,連続音,_ほぞぎりおせ.wav,research/data/raw/reference/utau-samples/水原薫/連続音/_ほぞぎりおせ.wav,_ほぞぎりおせ,,0,vcv,44100,1,4.124626,true,true,
水原薫,みずお,連続音,_ぼひんてにょしょ.wav,research/data/raw/reference/utau-samples/水原薫/連続音/_ぼひんてにょしょ.wav,_ぼひんてにょしょ,,0,vcv,44100,1,4.187120,true,true,
水原薫,みずお,連続音,_ぽんうぇそんぶ.wav,research/data/raw/reference/utau-samples/水原薫/連続音/_ぽんうぇそんぶ.wav,_ぽんうぇそんぶ,,0,vcv,44100,1,4.187120,true,true,
水原薫,みずお,連続音,_まヴぃしぇとぅきょは.wav,research/data/raw/reference/utau-samples/水原薫/連続音/_まヴぃしぇとぅきょは.wav,_まヴぃしぇとぅきょは,,0,vcv,44100,1,4.187120,true,true,
水原薫,みずお,連続音,_みぇぎぇぼぴゃうぁちゃ.wav,research/data/raw/reference/utau-samples/水原薫/連続音/_みぇぎぇぼぴゃうぁちゃ.wav,_みぇぎぇぼぴゃうぁちゃ,,0,vcv,44100,1,4.187120,true,true,
水原薫,みずお,連続音,_みちょばきぇこちゅ.wav,research/data/raw/reference/utau-samples/水原薫/連続音/_みちょばきぇこちゅ.wav,_みちょばきぇこちゅ,,0,vcv,44100,1,4.124626,true,true,
水原薫,みずお,連続音,_みゃびゃぜえうぃだ.wav,research/data/raw/reference/utau-samples/水原薫/連続音/_みゃびゃぜえうぃだ.wav,_みゃびゃぜえうぃだ,,0,vcv,44100,1,4.124626,true,true,
水原薫,みずお,連続音,_みゅりょりゅぞしえ.wav,research/data/raw/reference/utau-samples/水原薫/連続音/_みゅりょりゅぞしえ.wav,_みゅりょりゅぞしえ,,0,vcv,44100,1,4.249615,true,true,
水原薫,みずお,連続音,_みょだびぇみぇつへ.wav,research/data/raw/reference/utau-samples/水原薫/連続音/_みょだびぇみぇつへ.wav,_みょだびぇみぇつへ,,0,vcv,44100,1,4.124626,true,true,
水原薫,みずお,連続音,_むきゃでぃばんい.wav,research/data/raw/reference/utau-samples/水原薫/連続音/_むきゃでぃばんい.wav,_むきゃでぃばんい,,0,vcv,44100,1,4.187120,true,true,
水原薫,みずお,連続音,_めしヴぇげさてぃ.wav,research/data/raw/reference/utau-samples/水原薫/連続音/_めしヴぇげさてぃ.wav,_めしヴぇげさてぃ,,0,vcv,44100,1,4.187120,true,true,
水原薫,みずお,連続音,_もきびぇヴぁまじぇ.wav,research/data/raw/reference/utau-samples/水原薫/連続音/_もきびぇヴぁまじぇ.wav,_もきびぇヴぁまじぇ,,0,vcv,44100,1,4.187120,true,true,
水原薫,みずお,連続音,_やねぜきゃみじぇ.wav,research/data/raw/reference/utau-samples/水原薫/連続音/_やねぜきゃみじぇ.wav,_やねぜきゃみじぇ,,0,vcv,44100,1,4.249615,true,true,
水原薫,みずお,連続音,_ゆみょぴょにゃゆや.wav,research/data/raw/reference/utau-samples/水原薫/連続音/_ゆみょぴょにゃゆや.wav,_ゆみょぴょにゃゆや,,0,vcv,44100,1,4.187120,true,true,
水原薫,みずお,連続音,_よぽヴぉぴぇとと.wav,research/data/raw/reference/utau-samples/水原薫/連続音/_よぽヴぉぴぇとと.wav,_よぽヴぉぴぇとと,,0,vcv,44100,1,4.249615,true,true,
水原薫,みずお,連続音,_らんかんへは.wav,research/data/raw/reference/utau-samples/水原薫/連続音/_らんかんへは.wav,_らんかんへは,- ら,4,vcv,44100,1,4.187120,true,true,
水原薫,みずお,連続音,_りぇぴょちふゆわ.wav,research/data/raw/reference/utau-samples/水原薫/連続音/_りぇぴょちふゆわ.wav,_りぇぴょちふゆわ,,0,vcv,44100,1,4.249615,true,true,
水原薫,みずお,連続音,_りまんどじゅめ.wav,research/data/raw/reference/utau-samples/水原薫/連続音/_りまんどじゅめ.wav,_りまんどじゅめ,,0,vcv,44100,1,4.187120,true,true,
水原薫,みずお,連続音,_りゃにゅらぐでぃび.wav,research/data/raw/reference/utau-samples/水原薫/連続音/_りゃにゅらぐでぃび.wav,_りゃにゅらぐでぃび,,0,vcv,44100,1,4.187120,true,true,
水原薫,みずお,連続音,_りゅしゅぎゅぎゃじぎゅ.wav,research/data/raw/reference/utau-samples/水原薫/連続音/_りゅしゅぎゅぎゃじぎゅ.wav,_りゅしゅぎゅぎゃじぎゅ,,0,vcv,44100,1,4.249615,true,true,
水原薫,みずお,連続音,_りょでやぎゅじの.wav,research/data/raw/reference/utau-samples/水原薫/連続音/_りょでやぎゅじの.wav,_りょでやぎゅじの,,0,vcv,44100,1,4.187120,true,true,
水原薫,みずお,連続音,_るれみょががろ.wav,research/data/raw/reference/utau-samples/水原薫/連続音/_るれみょががろ.wav,_るれみょががろ,,0,vcv,44100,1,4.187120,true,true,
水原薫,みずお,連続音,_れでりゅあすぴゃ.wav,research/data/raw/reference/utau-samples/水原薫/連続音/_れでりゅあすぴゃ.wav,_れでりゅあすぴゃ,,0,vcv,44100,1,4.187120,true,true,
水原薫,みずお,連続音,_ろいれにひゃきょ.wav,research/data/raw/reference/utau-samples/水原薫/連続音/_ろいれにひゃきょ.wav,_ろいれにひゃきょ,- ろ,5,vcv,44100,1,4.249615,true,true,
水原薫,みずお,連続音,_わさぴゅろねう.wav,research/data/raw/reference/utau-samples/水原薫/連続音/_わさぴゅろねう.wav,_わさぴゅろねう,,0,vcv,44100,1,4.187120,true,true,
水原薫,みずお,連続音,_んうぉんにゃんぼ.wav,research/data/raw/reference/utau-samples/水原薫/連続音/_んうぉんにゃんぼ.wav,_んうぉんにゃんぼ,,0,vcv,44100,1,4.249615,true,true,
水原薫,みずお,連続音,_んえいうぇんとぅ.wav,research/data/raw/reference/utau-samples/水原薫/連続音/_んえいうぇんとぅ.wav,_んえいうぇんとぅ,n え,3,vcv,44100,1,4.124626,true,true,
水原薫,みずお,連続音,_んおいはんぎゅ.wav,research/data/raw/reference/utau-samples/水原薫/連続音/_んおいはんぎゅ.wav,_んおいはんぎゅ,,0,vcv,44100,1,4.187120,true,true,
水原薫,みずお,連続音,_んきぇんぎゆん.wav,research/data/raw/reference/utau-samples/水原薫/連続音/_んきぇんぎゆん.wav,_んきぇんぎゆん,,0,vcv,44100,1,4.249615,true,true,
水原薫,みずお,連続音,_んきゃいにゃんぎょ.wav,research/data/raw/reference/utau-samples/水原薫/連続音/_んきゃいにゃんぎょ.wav,_んきゃいにゃんぎょ,,0,vcv,44100,1,4.249615,true,true,
水原薫,みずお,連続音,_んきるんむい.wav,research/data/raw/reference/utau-samples/水原薫/連続音/_んきるんむい.wav,_んきるんむい,n き,3,vcv,44100,1,4.124626,true,true,
水原薫,みずお,連続音,_んぎゃんだいい.wav,research/data/raw/reference/utau-samples/水原薫/連続音/_んぎゃんだいい.wav,_んぎゃんだいい,,0,vcv,44100,1,4.187120,true,true,
水原薫,みずお,連続音,_んけいぷんじょ.wav,research/data/raw/reference/utau-samples/水原薫/連続音/_んけいぷんじょ.wav,_んけいぷんじょ,,0,vcv,44100,1,4.124626,true,true,
水原薫,みずお,連続音,_んしぇいきゅんひゃ.wav,research/data/raw/reference/utau-samples/水原薫/連続音/_んしぇいきゅんひゃ.wav,_んしぇいきゅんひゃ,n しぇ,3,vcv,44100,1,4.187120,true,true,
水原薫,みずお,連続音,_んしょんめんぴょ.wav,research/data/raw/reference/utau-samples/水原薫/連続音/_んしょんめんぴょ.wav,_んしょんめんぴょ,,0,vcv,44100,1,4.124626,true,true,
水原薫,みずお,連続音,_んじぇんなんしゃ.wav,research/data/raw/reference/utau-samples/水原薫/連続音/_んじぇんなんしゃ.wav,_んじぇんなんしゃ,,0,vcv,44100,1,4.187120,true,true,
水原薫,みずお,連続音,_んせんみぴゅん.wav,research/data/raw/reference/utau-samples/水原薫/連続音/_んせんみぴゅん.wav,_んせんみぴゅん,,0,vcv,44100,1,4.124626,true,true,
水原薫,みずお,連続音,_んたいひょんみゃ.wav,research/data/raw/reference/utau-samples/水原薫/連続音/_んたいひょんみゃ.wav,_んたいひょんみゃ,n た,3,vcv,44100,1,4.187120,true,true,
水原薫,みずお,連続音,_んちじゅんヴん.wav,research/data/raw/reference/utau-samples/水原薫/連続音/_んちじゅんヴん.wav,_んちじゅんヴん,,0,vcv,44100,1,4.187120,true,true,
水原薫,みずお,連続音,_んちゅんくんじゃ.wav,research/data/raw/reference/utau-samples/水原薫/連続音/_んちゅんくんじゃ.wav,_んちゅんくんじゃ,,0,vcv,44100,1,4.187120,true,true,
水原薫,みずお,連続音,_んつんゆんみぇ.wav,research/data/raw/reference/utau-samples/水原薫/連続音/_んつんゆんみぇ.wav,_んつんゆんみぇ,n つ,3,vcv,44100,1,4.187120,true,true,
水原薫,みずお,連続音,_んてぃぴぇんちぇい.wav,research/data/raw/reference/utau-samples/水原薫/連続音/_んてぃぴぇんちぇい.wav,_んてぃぴぇんちぇい,,0,vcv,44100,1,4.249615,true,true,
水原薫,みずお,連続音,_んでぃみゃんヴぁん.wav,research/data/raw/reference/utau-samples/水原薫/連続音/_んでぃみゃんヴぁん.wav,_んでぃみゃんヴぁん,,0,vcv,44100,1,4.249615,true,true,
水原薫,みずお,連続音,_んでんねんぴゃ.wav,research/data/raw/reference/utau-samples/水原薫/連続音/_んでんねんぴゃ.wav,_んでんねんぴゃ,,0,vcv,44100,1,4.249615,true,true,
水原薫,みずお,連続音,_んにけんあい.wav,research/data/raw/reference/utau-samples/水原薫/連続音/_んにけんあい.wav,_んにけんあい,n に,3,vcv,44100,1,4.124626,true,true,
水原薫,みずお,連続音,_んはんヴぉいべ.wav,research/data/raw/reference/utau-samples/水原薫/連続音/_んはんヴぉいべ.wav,_んはんヴぉいべ,,0,vcv,44100,1,4.249615,true,true,
水原薫,みずお,連続音,_んばりゅちゃべぷ.wav,research/data/raw/reference/utau-samples/水原薫/連続音/_んばりゅちゃべぷ.wav,_んばりゅちゃべぷ,,0,vcv,44100,1,4.187120,true,true,
水原薫,みずお,連続音,_んひぇんよんひゅ.wav,research/data/raw/reference/utau-samples/水原薫/連続音/_んひぇんよんひゅ.wav,_んひぇんよんひゅ,n ひぇ,3,vcv,44100,1,4.249615,true,true,
水原薫,みずお,連続音,_んびむんきょん.wav,research/data/raw/reference/utau-samples/水原薫/連続音/_んびむんきょん.wav,_んびむんきょん,,0,vcv,44100,1,4.124626,true,true,
水原薫,みずお,連続音,_んびゃんにょんも.wav,research/data/raw/reference/utau-samples/水原薫/連続音/_んびゃんにょんも.wav,_んびゃんにょんも,,0,vcv,44100,1,4.187120,true,true,
水原薫,みずお,連続音,_んびゅんうぁんら.wav,research/data/raw/reference/utau-samples/水原薫/連続音/_んびゅんうぁんら.wav,_んびゅんうぁんら,,0,vcv,44100,1,4.187120,true,true,
水原薫,みずお,連続音,_んぴヴぃきょんま.wav,research/data/raw/reference/utau-samples/水原薫/連続音/_んぴヴぃきょんま.wav,_んぴヴぃきょんま,,0,vcv,44100,1,4.124626,true,true,
水原薫,みずお,連続音,_んふんれんそ.wav,research/data/raw/reference/utau-samples/水原薫/連続音/_んふんれんそ.wav,_んふんれんそ,n ふ,3,vcv,44100,1,4.187120,true,true,
水原薫,みずお,連続音,_んぷんのいあ.wav,research/data/raw/reference/utau-samples/水原薫/連続音/_んぷんのいあ.wav,_んぷんのいあ,,0,vcv,44100,1,4.124626,true,true,
水原薫,みずお,連続音,_んべんびょんさ.wav,research/data/raw/reference/utau-samples/水原薫/連続音/_んべんびょんさ.wav,_んべんびょんさ,,0,vcv,44100,1,4.187120,true,true,
水原薫,みずお,連続音,_んぺいこんうぃ.wav,research/data/raw/reference/utau-samples/水原薫/連続音/_んぺいこんうぃ.wav,_んぺいこんうぃ,,0,vcv,44100,1,4.249615,true,true,
水原薫,みずお,連続音,_んぽいずんし.wav,research/data/raw/reference/utau-samples/水原薫/連続音/_んぽいずんし.wav,_んぽいずんし,,0,vcv,44100,1,4.124626,true,true,
水原薫,みずお,連続音,_んみゅんがんりぇ.wav,research/data/raw/reference/utau-samples/水原薫/連続音/_んみゅんがんりぇ.wav,_んみゅんがんりぇ,,0,vcv,44100,1,4.124626,true,true,
水原薫,みずお,連続音,_んりゃんぞんちゃ.wav,research/data/raw/reference/utau-samples/水原薫/連続音/_んりゃんぞんちゃ.wav,_んりゃんぞんちゃ,,0,vcv,44100,1,4.187120,true,true,
水原薫,みずお,連続音,_んりゅいげんほ.wav,research/data/raw/reference/utau-samples/水原薫/連続音/_んりゅいげんほ.wav,_んりゅいげんほ,,0,vcv,44100,1,4.249615,true,true,
水原薫,みずお,連続音,_んるいうぃなん.wav,research/data/raw/reference/utau-samples/水原薫/連続音/_んるいうぃなん.wav,_んるいうぃなん,n る,3,vcv,44100,1,4.249615,true,true,
水原薫,みずお,連続音,_んわいぐんりょ.wav,research/data/raw/reference/utau-samples/水原薫/連続音/_んわいぐんりょ.wav,_んわいぐんりょ,,0,vcv,44100,1,4.187120,true,true,
水原薫,みずお,連続音,_んんじゅんぐん.wav,research/data/raw/reference/utau-samples/水原薫/連続音/_んんじゅんぐん.wav,_んんじゅんぐん,,0,vcv,44100,1,4.249615,true,true,
水原薫,みずお,連続音,_ヴぁんみょんしゅじぇ.wav,research/data/raw/reference/utau-samples/水原薫/連続音/_ヴぁんみょんしゅじぇ.wav,_ヴぁんみょんしゅじぇ,,0,vcv,44100,1,4.187120,true,true,
水原薫,みずお,連続音,_ヴぃしゃしぇろにゅた.wav,research/data/raw/reference/utau-samples/水原薫/連続音/_ヴぃしゃしぇろにゅた.wav,_ヴぃしゃしぇろにゅた,,0,vcv,44100,1,4.187120,true,true,
水原薫,みずお,連続音,_ヴぇぴゅいじちゃら.wav,research/data/raw/reference/utau-samples/水原薫/連続音/_ヴぇぴゅいじちゃら.wav,_ヴぇぴゅいじちゃら,,0,vcv,44100,1,4.249615,true,true,
水原薫,みずお,連続音,_ヴぉるぺどヴざ.wav,research/data/raw/reference/utau-samples/水原薫/連続音/_ヴぉるぺどヴざ.wav,_ヴぉるぺどヴざ,,0,vcv,44100,1,4.249615,true,true,
水原薫,みずお,連続音,_ヴてぃもぶふひゅ.wav,research/data/raw/reference/utau-samples/水原薫/連続音/_ヴてぃもぶふひゅ.wav,_ヴてぃもぶふひゅ,,0,vcv,44100,1,4.187120,true,true,
真田アサミ,アサ音さな,おまけ,お歌楽しいな.wav,research/data/raw/reference/utau-samples/真田アサミ/おまけ/お歌楽しいな.wav,お歌楽しいな,,1,unknown,44100,1,1.602177,true,true,
真田アサミ,アサ音さな,おまけ,じゃあ歌うわよ.wav,research/data/raw/reference/utau-samples/真田アサミ/おまけ/じゃあ歌うわよ.wav,じゃあ歌うわよ,,0,unknown,44100,1,1.265488,true,true,
真田アサミ,アサ音さな,おまけ,じゃあ歌うわよ2.wav,research/data/raw/reference/utau-samples/真田アサミ/おまけ/じゃあ歌うわよ2.wav,じゃあ歌うわよ2,,0,unknown,44100,1,1.253878,true,true,
真田アサミ,アサ音さな,おまけ,では、歌わせていただきます.wav,research/data/raw/reference/utau-samples/真田アサミ/おまけ/では、歌わせていただきます.wav,では、歌わせていただきます,,0,unknown,44100,1,2.252336,true,true,
真田アサミ,アサ音さな,おまけ,では、歌わせていただきます2.wav,research/data/raw/reference/utau-samples/真田アサミ/おまけ/では、歌わせていただきます2.wav,では、歌わせていただきます2,,0,unknown,44100,1,2.147846,true,true,
真田アサミ,アサ音さな,おまけ,ねぇ！一緒に歌おうよ.wav,research/data/raw/reference/utau-samples/真田アサミ/おまけ/ねぇ！一緒に歌おうよ.wav,ねぇ！一緒に歌おうよ,,1,unknown,44100,1,2.159456,true,true,
真田アサミ,アサ音さな,おまけ,上手く歌えるかな.wav,research/data/raw/reference/utau-samples/真田アサミ/おまけ/上手く歌えるかな.wav,上手く歌えるかな,,1,unknown,44100,1,1.381587,true,true,
真田アサミ,アサ音さな,おまけ,上手く歌えるかな2.wav,research/data/raw/reference/utau-samples/真田アサミ/おまけ/上手く歌えるかな2.wav,上手く歌えるかな2,,1,unknown,44100,1,1.544127,true,true,
真田アサミ,アサ音さな,おまけ,息1.wav,research/data/raw/reference/utau-samples/真田アサミ/おまけ/息1.wav,息1,,1,cv,44100,1,0.441179,true,true,
真田アサミ,アサ音さな,おまけ,息2.wav,research/data/raw/reference/utau-samples/真田アサミ/おまけ/息2.wav,息2,,1,cv,44100,1,0.348299,true,true,
真田アサミ,アサ音さな,おまけ,歌うよ.wav,research/data/raw/reference/utau-samples/真田アサミ/おまけ/歌うよ.wav,歌うよ,,1,cv,44100,1,0.986848,true,true,
真田アサミ,アサ音さな,おまけ,歌っちゃおうかな.wav,research/data/raw/reference/utau-samples/真田アサミ/おまけ/歌っちゃおうかな.wav,歌っちゃおうかな,,1,unknown,44100,1,1.474467,true,true,
真田アサミ,アサ音さな,おまけ,私の歌、聞いてくれる？.wav,research/data/raw/reference/utau-samples/真田アサミ/おまけ/私の歌、聞いてくれる？.wav,私の歌、聞いてくれる？,,1,unknown,44100,1,2.078186,true,true,
真田アサミ,アサ音さな,おまけ,私の歌、聞いてくれる？2.wav,research/data/raw/reference/utau-samples/真田アサミ/おまけ/私の歌、聞いてくれる？2.wav,私の歌、聞いてくれる？2,,1,unknown,44100,1,2.217506,true,true,
真田アサミ,アサ音さな,おまけ,聞いてくれよな.wav,research/data/raw/reference/utau-samples/真田アサミ/おまけ/聞いてくれよな.wav,聞いてくれよな,,1,unknown,44100,1,1.138435,true,true,
真田アサミ,アサ音さな,おまけ,聞きなさい.wav,research/data/raw/reference/utau-samples/真田アサミ/おまけ/聞きなさい.wav,聞きなさい,,1,unknown,44100,1,0.986848,true,true,
真田アサミ,アサ音さな,おまけ,聞きなさい2.wav,research/data/raw/reference/utau-samples/真田アサミ/おまけ/聞きなさい2.wav,聞きなさい2,,1,unknown,44100,1,1.149388,true,true,
真田アサミ,アサ音さな,単独音,あ.wav,research/data/raw/reference/utau-samples/真田アサミ/単独音/あ.wav,あ,,1,vowel,44100,1,1.687347,true,true,
真田アサミ,アサ音さな,単独音,い.wav,research/data/raw/reference/utau-samples/真田アサミ/単独音/い.wav,い,,1,vowel,44100,1,1.687347,true,true,
真田アサミ,アサ音さな,単独音,いぇ.wav,research/data/raw/reference/utau-samples/真田アサミ/単独音/いぇ.wav,いぇ,,1,cv,44100,1,1.624853,true,true,
真田アサミ,アサ音さな,単独音,う.wav,research/data/raw/reference/utau-samples/真田アサミ/単独音/う.wav,う,,1,vowel,44100,1,1.687347,true,true,
真田アサミ,アサ音さな,単独音,うぁ.wav,research/data/raw/reference/utau-samples/真田アサミ/単独音/うぁ.wav,うぁ,,1,cv,44100,1,1.749841,true,true,
真田アサミ,アサ音さな,単独音,うぃ.wav,research/data/raw/reference/utau-samples/真田アサミ/単独音/うぃ.wav,うぃ,,1,cv,44100,1,1.749841,true,true,
真田アサミ,アサ音さな,単独音,うぇ.wav,research/data/raw/reference/utau-samples/真田アサミ/単独音/うぇ.wav,うぇ,,1,cv,44100,1,1.687347,true,true,
真田アサミ,アサ音さな,単独音,うぉ.wav,research/data/raw/reference/utau-samples/真田アサミ/単独音/うぉ.wav,うぉ,,1,cv,44100,1,1.687347,true,true,
真田アサミ,アサ音さな,単独音,え.wav,research/data/raw/reference/utau-samples/真田アサミ/単独音/え.wav,え,,1,vowel,44100,1,1.687347,true,true,
真田アサミ,アサ音さな,単独音,お.wav,research/data/raw/reference/utau-samples/真田アサミ/単独音/お.wav,お,を,1,vowel,44100,1,1.749841,true,true,
真田アサミ,アサ音さな,単独音,か.wav,research/data/raw/reference/utau-samples/真田アサミ/単独音/か.wav,か,,1,cv,44100,1,1.624853,true,true,
真田アサミ,アサ音さな,単独音,が.wav,research/data/raw/reference/utau-samples/真田アサミ/単独音/が.wav,が,,0,cv,44100,1,1.687347,true,true,
真田アサミ,アサ音さな,単独音,き.wav,research/data/raw/reference/utau-samples/真田アサミ/単独音/き.wav,き,,1,cv,44100,1,1.687347,true,true,
真田アサミ,アサ音さな,単独音,きぇ.wav,research/data/raw/reference/utau-samples/真田アサミ/単独音/きぇ.wav,きぇ,,1,cv,44100,1,1.687347,true,true,
真田アサミ,アサ音さな,単独音,きゃ.wav,research/data/raw/reference/utau-samples/真田アサミ/単独音/きゃ.wav,きゃ,,1,cv,44100,1,1.687347,true,true,
真田アサミ,アサ音さな,単独音,きゅ.wav,research/data/raw/reference/utau-samples/真田アサミ/単独音/きゅ.wav,きゅ,,1,cv,44100,1,1.687347,true,true,
真田アサミ,アサ音さな,単独音,きょ.wav,research/data/raw/reference/utau-samples/真田アサミ/単独音/きょ.wav,きょ,,1,cv,44100,1,1.749841,true,true,
真田アサミ,アサ音さな,単独音,ぎ.wav,research/data/raw/reference/utau-samples/真田アサミ/単独音/ぎ.wav,ぎ,,0,cv,44100,1,1.687347,true,true,
真田アサミ,アサ音さな,単独音,ぎぇ.wav,research/data/raw/reference/utau-samples/真田アサミ/単独音/ぎぇ.wav,ぎぇ,,0,cv,44100,1,1.624853,true,true,
真田アサミ,アサ音さな,単独音,ぎゃ.wav,research/data/raw/reference/utau-samples/真田アサミ/単独音/ぎゃ.wav,ぎゃ,,0,cv,44100,1,1.624853,true,true,
真田アサミ,アサ音さな,単独音,ぎゅ.wav,research/data/raw/reference/utau-samples/真田アサミ/単独音/ぎゅ.wav,ぎゅ,,0,cv,44100,1,1.749841,true,true,
真田アサミ,アサ音さな,単独音,ぎょ.wav,research/data/raw/reference/utau-samples/真田アサミ/単独音/ぎょ.wav,ぎょ,,0,cv,44100,1,1.624853,true,true,
真田アサミ,アサ音さな,単独音,く.wav,research/data/raw/reference/utau-samples/真田アサミ/単独音/く.wav,く,,1,cv,44100,1,1.624853,true,true,
真田アサミ,アサ音さな,単独音,くぁ.wav,research/data/raw/reference/utau-samples/真田アサミ/単独音/くぁ.wav,くぁ,,1,cv,44100,1,1.749841,true,true,
真田アサミ,アサ音さな,単独音,くぃ.wav,research/data/raw/reference/utau-samples/真田アサミ/単独音/くぃ.wav,くぃ,,1,cv,44100,1,1.624853,true,true,
真田アサミ,アサ音さな,単独音,くぇ.wav,research/data/raw/reference/utau-samples/真田アサミ/単独音/くぇ.wav,くぇ,,1,cv,44100,1,1.749841,true,true,
真田アサミ,アサ音さな,単独音,くぉ.wav,research/data/raw/reference/utau-samples/真田アサミ/単独音/くぉ.wav,くぉ,,1,cv,44100,1,1.687347,true,true,
真田アサミ,アサ音さな,単独音,ぐ.wav,research/data/raw/reference/utau-samples/真田アサミ/単独音/ぐ.wav,ぐ,,0,cv,44100,1,1.749841,true,true,
真田アサミ,アサ音さな,単独音,ぐぁ.wav,research/data/raw/reference/utau-samples/真田アサミ/単独音/ぐぁ.wav,ぐぁ,,0,cv,44100,1,1.687347,true,true,
真田アサミ,アサ音さな,単独音,ぐぃ.wav,research/data/raw/reference/utau-samples/真田アサミ/単独音/ぐぃ.wav,ぐぃ,,0,cv,44100,1,1.749841,true,true,
真田アサミ,アサ音さな,単独音,ぐぇ.wav,research/data/raw/reference/utau-samples/真田アサミ/単独音/ぐぇ.wav,ぐぇ,,0,cv,44100,1,1.749841,true,true,
真田アサミ,アサ音さな,単独音,ぐぉ.wav,research/data/raw/reference/utau-samples/真田アサミ/単独音/ぐぉ.wav,ぐぉ,,0,cv,44100,1,1.624853,true,true,
真田アサミ,アサ音さな,単独音,け.wav,research/data/raw/reference/utau-samples/真田アサミ/単独音/け.wav,け,,1,cv,44100,1,1.624853,true,true,
真田アサミ,アサ音さな,単独音,げ.wav,research/data/raw/reference/utau-samples/真田アサミ/単独音/げ.wav,げ,,0,cv,44100,1,1.687347,true,true,
真田アサミ,アサ音さな,単独音,こ.wav,research/data/raw/reference/utau-samples/真田アサミ/単独音/こ.wav,こ,,1,cv,44100,1,1.749841,true,true,
真田アサミ,アサ音さな,単独音,ご.wav,research/data/raw/reference/utau-samples/真田アサミ/単独音/ご.wav,ご,,0,cv,44100,1,1.624853,true,true,
真田アサミ,アサ音さな,単独音,さ.wav,research/data/raw/reference/utau-samples/真田アサミ/単独音/さ.wav,さ,,1,cv,44100,1,1.687347,true,true,
真田アサミ,アサ音さな,単独音,ざ.wav,research/data/raw/reference/utau-samples/真田アサミ/単独音/ざ.wav,ざ,,0,cv,44100,1,1.687347,true,true,
真田アサミ,アサ音さな,単独音,し.wav,research/data/raw/reference/utau-samples/真田アサミ/単独音/し.wav,し,,1,cv,44100,1,1.749841,true,true,
真田アサミ,アサ音さな,単独音,しぇ.wav,research/data/raw/reference/utau-samples/真田アサミ/単独音/しぇ.wav,しぇ,,1,cv,44100,1,1.749841,true,true,
真田アサミ,アサ音さな,単独音,しゃ.wav,research/data/raw/reference/utau-samples/真田アサミ/単独音/しゃ.wav,しゃ,,1,cv,44100,1,1.687347,true,true,
真田アサミ,アサ音さな,単独音,しゅ.wav,research/data/raw/reference/utau-samples/真田アサミ/単独音/しゅ.wav,しゅ,,1,cv,44100,1,1.624853,true,true,
真田アサミ,アサ音さな,単独音,しょ.wav,research/data/raw/reference/utau-samples/真田アサミ/単独音/しょ.wav,しょ,,1,cv,44100,1,1.624853,true,true,
真田アサミ,アサ音さな,単独音,じ.wav,research/data/raw/reference/utau-samples/真田アサミ/単独音/じ.wav,じ,,0,cv,44100,1,1.624853,true,true,
真田アサミ,アサ音さな,単独音,じぇ.wav,research/data/raw/reference/utau-samples/真田アサミ/単独音/じぇ.wav,じぇ,,0,cv,44100,1,1.624853,true,true,
真田アサミ,アサ音さな,単独音,じゃ.wav,research/data/raw/reference/utau-samples/真田アサミ/単独音/じゃ.wav,じゃ,,0,cv,44100,1,1.624853,true,true,
真田アサミ,アサ音さな,単独音,じゅ.wav,research/data/raw/reference/utau-samples/真田アサミ/単独音/じゅ.wav,じゅ,,0,cv,44100,1,1.749841,true,true,
真田アサミ,アサ音さな,単独音,じょ.wav,research/data/raw/reference/utau-samples/真田アサミ/単独音/じょ.wav,じょ,,0,cv,44100,1,1.687347,true,true,
真田アサミ,アサ音さな,単独音,す.wav,research/data/raw/reference/utau-samples/真田アサミ/単独音/す.wav,す,,1,cv,44100,1,1.624853,true,true,
真田アサミ,アサ音さな,単独音,すぁ.wav,research/data/raw/reference/utau-samples/真田アサミ/単独音/すぁ.wav,すぁ,,1,cv,44100,1,1.624853,true,true,
真田アサミ,アサ音さな,単独音,すぃ.wav,research/data/raw/reference/utau-samples/真田アサミ/単独音/すぃ.wav,すぃ,,1,cv,44100,1,1.749841,true,true,
真田アサミ,アサ音さな,単独音,すぇ.wav,research/data/raw/reference/utau-samples/真田アサミ/単独音/すぇ.wav,すぇ,,1,cv,44100,1,1.749841,true,true,
真田アサミ,アサ音さな,単独音,すぉ.wav,research/data/raw/reference/utau-samples/真田アサミ/単独音/すぉ.wav,すぉ,,1,cv,44100,1,1.687347,true,true,
真田アサミ,アサ音さな,単独音,ず.wav,research/data/raw/reference/utau-samples/真田アサミ/単独音/ず.wav,ず,,0,cv,44100,1,1.687347,true,true,
真田アサミ,アサ音さな,単独音,ずぁ.wav,research/data/raw/reference/utau-samples/真田アサミ/単独音/ずぁ.wav,ずぁ,,0,cv,44100,1,1.749841,true,true,
真田アサミ,アサ音さな,単独音,ずぃ.wav,research/data/raw/reference/utau-samples/真田アサミ/単独音/ずぃ.wav,ずぃ,,0,cv,44100,1,1.624853,true,true,
真田アサミ,アサ音さな,単独音,ずぉ.wav,research/data/raw/reference/utau-samples/真田アサミ/単独音/ずぉ.wav,ずぉ,,0,cv,44100,1,1.687347,true,true,
真田アサミ,アサ音さな,単独音,せ.wav,research/data/raw/reference/utau-samples/真田アサミ/単独音/せ.wav,せ,,1,cv,44100,1,1.749841,true,true,
真田アサミ,アサ音さな,単独音,ぜ.wav,research/data/raw/reference/utau-samples/真田アサミ/単独音/ぜ.wav,ぜ,,0,cv,44100,1,1.687347,true,true,
真田アサミ,アサ音さな,単独音,そ.wav,research/data/raw/reference/utau-samples/真田アサミ/単独音/そ.wav,そ,,1,cv,44100,1,1.749841,true,true,
真田アサミ,アサ音さな,単独音,ぞ.wav,research/data/raw/reference/utau-samples/真田アサミ/単独音/ぞ.wav,ぞ,,0,cv,44100,1,1.687347,true,true,
真田アサミ,アサ音さな,単独音,た.wav,research/data/raw/reference/utau-samples/真田アサミ/単独音/た.wav,た,,1,cv,44100,1,1.624853,true,true,
真田アサミ,アサ音さな,単独音,だ.wav,research/data/raw/reference/utau-samples/真田アサミ/単独音/だ.wav,だ,,0,cv,44100,1,1.624853,true,true,
真田アサミ,アサ音さな,単独音,ち.wav,research/data/raw/reference/utau-samples/真田アサミ/単独音/ち.wav,ち,,1,cv,44100,1,1.749841,true,true,
真田アサミ,アサ音さな,単独音,ちぇ.wav,research/data/raw/reference/utau-samples/真田アサミ/単独音/ちぇ.wav,ちぇ,,1,cv,44100,1,1.687347,true,true,
真田アサミ,アサ音さな,単独音,ちゃ.wav,research/data/raw/reference/utau-samples/真田アサミ/単独音/ちゃ.wav,ちゃ,,1,cv,44100,1,1.624853,true,true,
真田アサミ,アサ音さな,単独音,ちゅ.wav,research/data/raw/reference/utau-samples/真田アサミ/単独音/ちゅ.wav,ちゅ,,1,cv,44100,1,1.624853,true,true,
真田アサミ,アサ音さな,単独音,ちょ.wav,research/data/raw/reference/utau-samples/真田アサミ/単独音/ちょ.wav,ちょ,,1,cv,44100,1,1.687347,true,true,
真田アサミ,アサ音さな,単独音,ぢ.wav,research/data/raw/reference/utau-samples/真田アサミ/単独音/ぢ.wav,ぢ,,0,cv,44100,1,1.749841,true,true,
真田アサミ,アサ音さな,単独音,ぢぇ.wav,research/data/raw/reference/utau-samples/真田アサミ/単独音/ぢぇ.wav,ぢぇ,,0,cv,44100,1,1.749841,true,true,
真田アサミ,アサ音さな,単独音,ぢゃ.wav,research/data/raw/reference/utau-samples/真田アサミ/単独音/ぢゃ.wav,ぢゃ,,0,cv,44100,1,1.687347,true,true,
真田アサミ,アサ音さな,単独音,ぢゅ.wav,research/data/raw/reference/utau-samples/真田アサミ/単独音/ぢゅ.wav,ぢゅ,,0,cv,44100,1,1.749841,true,true,
真田アサミ,アサ音さな,単独音,ぢょ.wav,research/data/raw/reference/utau-samples/真田アサミ/単独音/ぢょ.wav,ぢょ,,0,cv,44100,1,1.624853,true,true,
真田アサミ,アサ音さな,単独音,つ.wav,research/data/raw/reference/utau-samples/真田アサミ/単独音/つ.wav,つ,,1,cv,44100,1,1.749841,true,true,
真田アサミ,アサ音さな,単独音,つぁ.wav,research/data/raw/reference/utau-samples/真田アサミ/単独音/つぁ.wav,つぁ,,1,cv,44100,1,1.687347,true,true,
真田アサミ,アサ音さな,単独音,つぃ.wav,research/data/raw/reference/utau-samples/真田アサミ/単独音/つぃ.wav,つぃ,,1,cv,44100,1,1.749841,true,true,
真田アサミ,アサ音さな,単独音,つぇ.wav,research/data/raw/reference/utau-samples/真田アサミ/単独音/つぇ.wav,つぇ,,1,cv,44100,1,1.624853,true,true,
真田アサミ,アサ音さな,単独音,つぉ.wav,research/data/raw/reference/utau-samples/真田アサミ/単独音/つぉ.wav,つぉ,,1,cv,44100,1,1.749841,true,true,
真田アサミ,アサ音さな,単独音,づ.wav,research/data/raw/reference/utau-samples/真田アサミ/単独音/づ.wav,づ,,0,cv,44100,1,1.624853,true,true,
真田アサミ,アサ音さな,単独音,づぁ.wav,research/data/raw/reference/utau-samples/真田アサミ/単独音/づぁ.wav,づぁ,,0,cv,44100,1,1.624853,true,true,
真田アサミ,アサ音さな,単独音,づぃ.wav,research/data/raw/reference/utau-samples/真田アサミ/単独音/づぃ.wav,づぃ,,0,cv,44100,1,1.687347,true,true,
真田アサミ,アサ音さな,単独音,づぇ.wav,research/data/raw/reference/utau-samples/真田アサミ/単独音/づぇ.wav,づぇ,,0,cv,44100,1,1.687347,true,true,
真田アサミ,アサ音さな,単独音,づぉ.wav,research/data/raw/reference/utau-samples/真田アサミ/単独音/づぉ.wav,づぉ,,0,cv,44100,1,1.687347,true,true,
真田アサミ,アサ音さな,単独音,て.wav,research/data/raw/reference/utau-samples/真田アサミ/単独音/て.wav,て,,1,cv,44100,1,1.687347,true,true,
真田アサミ,アサ音さな,単独音,てぃ.wav,research/data/raw/reference/utau-samples/真田アサミ/単独音/てぃ.wav,てぃ,,1,cv,44100,1,1.687347,true,true,
真田アサミ,アサ音さな,単独音,てゅ.wav,research/data/raw/reference/utau-samples/真田アサミ/単独音/てゅ.wav,てゅ,,1,cv,44100,1,1.624853,true,true,
真田アサミ,アサ音さな,単独音,で.wav,research/data/raw/reference/utau-samples/真田アサミ/単独音/で.wav,で,,0,cv,44100,1,1.624853,true,true,
真田アサミ,アサ音さな,単独音,でぃ.wav,research/data/raw/reference/utau-samples/真田アサミ/単独音/でぃ.wav,でぃ,,0,cv,44100,1,1.687347,true,true,
真田アサミ,アサ音さな,単独音,でゅ.wav,research/data/raw/reference/utau-samples/真田アサミ/単独音/でゅ.wav,でゅ,,0,cv,44100,1,1.749841,true,true,
真田アサミ,アサ音さな,単独音,と.wav,research/data/raw/reference/utau-samples/真田アサミ/単独音/と.wav,と,,1,cv,44100,1,1.624853,true,true,
真田アサミ,アサ音さな,単独音,とぅ.wav,research/data/raw/reference/utau-samples/真田アサミ/単独音/とぅ.wav,とぅ,,1,cv,44100,1,1.687347,true,true,
真田アサミ,アサ音さな,単独音,ど.wav,research/data/raw/reference/utau-samples/真田アサミ/単独音/ど.wav,ど,,0,cv,44100,1,1.687347,true,true,
真田アサミ,アサ音さな,単独音,どぅ.wav,research/data/raw/reference/utau-samples/真田アサミ/単独音/どぅ.wav,どぅ,,0,cv,44100,1,1.624853,true,true,
真田アサミ,アサ音さな,単独音,な.wav,research/data/raw/reference/utau-samples/真田アサミ/単独音/な.wav,な,,1,cv,44100,1,1.749841,true,true,
真田アサミ,アサ音さな,単独音,に.wav,research/data/raw/reference/utau-samples/真田アサミ/単独音/に.wav,に,,1,cv,44100,1,1.624853,true,true,
真田アサミ,アサ音さな,単独音,にぇ.wav,research/data/raw/reference/utau-samples/真田アサミ/単独音/にぇ.wav,にぇ,,1,cv,44100,1,1.687347,true,true,
真田アサミ,アサ音さな,単独音,にゃ.wav,research/data/raw/reference/utau-samples/真田アサミ/単独音/にゃ.wav,にゃ,,1,cv,44100,1,1.687347,true,true,
真田アサミ,アサ音さな,単独音,にゅ.wav,research/data/raw/reference/utau-samples/真田アサミ/単独音/にゅ.wav,にゅ,,1,cv,44100,1,1.687347,true,true,
真田アサミ,アサ音さな,単独音,にょ.wav,research/data/raw/reference/utau-samples/真田アサミ/単独音/にょ.wav,にょ,,1,cv,44100,1,1.624853,true,true,
真田アサミ,アサ音さな,単独音,ぬ.wav,research/data/raw/reference/utau-samples/真田アサミ/単独音/ぬ.wav,ぬ,,1,cv,44100,1,1.687347,true,true,
真田アサミ,アサ音さな,単独音,ね.wav,research/data/raw/reference/utau-samples/真田アサミ/単独音/ね.wav,ね,,1,cv,44100,1,1.749841,true,true,
真田アサミ,アサ音さな,単独音,の.wav,research/data/raw/reference/utau-samples/真田アサミ/単独音/の.wav,の,,1,cv,44100,1,1.749841,true,true,
真田アサミ,アサ音さな,単独音,は.wav,research/data/raw/reference/utau-samples/真田アサミ/単独音/は.wav,は,,1,cv,44100,1,1.624853,true,true,
真田アサミ,アサ音さな,単独音,ば.wav,research/data/raw/reference/utau-samples/真田アサミ/単独音/ば.wav,ば,,0,cv,44100,1,1.687347,true,true,
真田アサミ,アサ音さな,単独音,ぱ.wav,research/data/raw/reference/utau-samples/真田アサミ/単独音/ぱ.wav,ぱ,,0,cv,44100,1,1.624853,true,true,
真田アサミ,アサ音さな,単独音,ひ.wav,research/data/raw/reference/utau-samples/真田アサミ/単独音/ひ.wav,ひ,,1,cv,44100,1,1.687347,true,true,
真田アサミ,アサ音さな,単独音,ひぇ.wav,research/data/raw/reference/utau-samples/真田アサミ/単独音/ひぇ.wav,ひぇ,,1,cv,44100,1,1.687347,true,true,
真田アサミ,アサ音さな,単独音,ひゃ.wav,research/data/raw/reference/utau-samples/真田アサミ/単独音/ひゃ.wav,ひゃ,,1,cv,44100,1,1.624853,true,true,
真田アサミ,アサ音さな,単独音,ひゅ.wav,research/data/raw/reference/utau-samples/真田アサミ/単独音/ひゅ.wav,ひゅ,,1,cv,44100,1,1.749841,true,true,
真田アサミ,アサ音さな,単独音,ひょ.wav,research/data/raw/reference/utau-samples/真田アサミ/単独音/ひょ.wav,ひょ,,1,cv,44100,1,1.749841,true,true,
真田アサミ,アサ音さな,単独音,び.wav,research/data/raw/reference/utau-samples/真田アサミ/単独音/び.wav,び,,0,cv,44100,1,1.687347,true,true,
真田アサミ,アサ音さな,単独音,びぇ.wav,research/data/raw/reference/utau-samples/真田アサミ/単独音/びぇ.wav,びぇ,,0,cv,44100,1,1.749841,true,true,
真田アサミ,アサ音さな,単独音,びゃ.wav,research/data/raw/reference/utau-samples/真田アサミ/単独音/びゃ.wav,びゃ,,0,cv,44100,1,1.624853,true,true,
真田アサミ,アサ音さな,単独音,びゅ.wav,research/data/raw/reference/utau-samples/真田アサミ/単独音/びゅ.wav,びゅ,,0,cv,44100,1,1.749841,true,true,
真田アサミ,アサ音さな,単独音,びょ.wav,research/data/raw/reference/utau-samples/真田アサミ/単独音/びょ.wav,びょ,,0,cv,44100,1,1.687347,true,true,
真田アサミ,アサ音さな,単独音,ぴ.wav,research/data/raw/reference/utau-samples/真田アサミ/単独音/ぴ.wav,ぴ,,0,cv,44100,1,1.687347,true,true,
真田アサミ,アサ音さな,単独音,ぴぇ.wav,research/data/raw/reference/utau-samples/真田アサミ/単独音/ぴぇ.wav,ぴぇ,,0,cv,44100,1,1.687347,true,true,
真田アサミ,アサ音さな,単独音,ぴゃ.wav,research/data/raw/reference/utau-samples/真田アサミ/単独音/ぴゃ.wav,ぴゃ,,0,cv,44100,1,1.687347,true,true,
真田アサミ,アサ音さな,単独音,ぴゅ.wav,research/data/raw/reference/utau-samples/真田アサミ/単独音/ぴゅ.wav,ぴゅ,,0,cv,44100,1,1.687347,true,true,
真田アサミ,アサ音さな,単独音,ぴょ.wav,research/data/raw/reference/utau-samples/真田アサミ/単独音/ぴょ.wav,ぴょ,,0,cv,44100,1,1.687347,true,true,
真田アサミ,アサ音さな,単独音,ふ.wav,research/data/raw/reference/utau-samples/真田アサミ/単独音/ふ.wav,ふ,,1,cv,44100,1,1.687347,true,true,
真田アサミ,アサ音さな,単独音,ふぁ.wav,research/data/raw/reference/utau-samples/真田アサミ/単独音/ふぁ.wav,ふぁ,,1,cv,44100,1,1.687347,true,true,
真田アサミ,アサ音さな,単独音,ふぃ.wav,research/data/raw/reference/utau-samples/真田アサミ/単独音/ふぃ.wav,ふぃ,,1,cv,44100,1,1.624853,true,true,
真田アサミ,アサ音さな,単独音,ふぇ.wav,research/data/raw/reference/utau-samples/真田アサミ/単独音/ふぇ.wav,ふぇ,,1,cv,44100,1,1.624853,true,true,
真田アサミ,アサ音さな,単独音,ふぉ.wav,research/data/raw/reference/utau-samples/真田アサミ/単独音/ふぉ.wav,ふぉ,,1,cv,44100,1,1.749841,true,true,
真田アサミ,アサ音さな,単独音,ぶ.wav,research/data/raw/reference/utau-samples/真田アサミ/単独音/ぶ.wav,ぶ,,0,cv,44100,1,1.687347,true,true,
真田アサミ,アサ音さな,単独音,ぷ.wav,research/data/raw/reference/utau-samples/真田アサミ/単独音/ぷ.wav,ぷ,,0,cv,44100,1,1.749841,true,true,
真田アサミ,アサ音さな,単独音,へ.wav,research/data/raw/reference/utau-samples/真田アサミ/単独音/へ.wav,へ,,1,cv,44100,1,1.624853,true,true,
真田アサミ,アサ音さな,単独音,べ.wav,research/data/raw/reference/utau-samples/真田アサミ/単独音/べ.wav,べ,,0,cv,44100,1,1.624853,true,true,
真田アサミ,アサ音さな,単独音,ぺ.wav,research/data/raw/reference/utau-samples/真田アサミ/単独音/ぺ.wav,ぺ,,0,cv,44100,1,1.687347,true,true,
真田アサミ,アサ音さな,単独音,ほ.wav,research/data/raw/reference/utau-samples/真田アサミ/単独音/ほ.wav,ほ,,1,cv,44100,1,1.749841,true,true,
真田アサミ,アサ音さな,単独音,ぼ.wav,research/data/raw/reference/utau-samples/真田アサミ/単独音/ぼ.wav,ぼ,,0,cv,44100,1,1.687347,true,true,
真田アサミ,アサ音さな,単独音,ぽ.wav,research/data/raw/reference/utau-samples/真田アサミ/単独音/ぽ.wav,ぽ,,0,cv,44100,1,1.624853,true,true,
真田アサミ,アサ音さな,単独音,ま.wav,research/data/raw/reference/utau-samples/真田アサミ/単独音/ま.wav,ま,,1,cv,44100,1,1.749841,true,true,
真田アサミ,アサ音さな,単独音,み.wav,research/data/raw/reference/utau-samples/真田アサミ/単独音/み.wav,み,,1,cv,44100,1,1.624853,true,true,
真田アサミ,アサ音さな,単独音,みぇ.wav,research/data/raw/reference/utau-samples/真田アサミ/単独音/みぇ.wav,みぇ,,1,cv,44100,1,1.749841,true,true,
真田アサミ,アサ音さな,単独音,みゃ.wav,research/data/raw/reference/utau-samples/真田アサミ/単独音/みゃ.wav,みゃ,,1,cv,44100,1,1.624853,true,true,
真田アサミ,アサ音さな,単独音,みゅ.wav,research/data/raw/reference/utau-samples/真田アサミ/単独音/みゅ.wav,みゅ,,1,cv,44100,1,1.749841,true,true,
真田アサミ,アサ音さな,単独音,みょ.wav,research/data/raw/reference/utau-samples/真田アサミ/単独音/みょ.wav,みょ,,1,cv,44100,1,1.687347,true,true,
真田アサミ,アサ音さな,単独音,む.wav,research/data/raw/reference/utau-samples/真田アサミ/単独音/む.wav,む,,1,cv,44100,1,1.624853,true,true,
真田アサミ,アサ音さな,単独音,め.wav,research/data/raw/reference/utau-samples/真田アサミ/単独音/め.wav,め,,1,cv,44100,1,1.749841,true,true,
真田アサミ,アサ音さな,単独音,も.wav,research/data/raw/reference/utau-samples/真田アサミ/単独音/も.wav,も,,1,cv,44100,1,1.687347,true,true,
真田アサミ,アサ音さな,単独音,や.wav,research/data/raw/reference/utau-samples/真田アサミ/単独音/や.wav,や,,1,cv,44100,1,1.687347,true,true,
真田アサミ,アサ音さな,単独音,ゆ.wav,research/data/raw/reference/utau-samples/真田アサミ/単独音/ゆ.wav,ゆ,,1,cv,44100,1,1.749841,true,true,
真田アサミ,アサ音さな,単独音,よ.wav,research/data/raw/reference/utau-samples/真田アサミ/単独音/よ.wav,よ,,1,cv,44100,1,1.749841,true,true,
真田アサミ,アサ音さな,単独音,ら.wav,research/data/raw/reference/utau-samples/真田アサミ/単独音/ら.wav,ら,,1,cv,44100,1,1.687347,true,true,
真田アサミ,アサ音さな,単独音,り.wav,research/data/raw/reference/utau-samples/真田アサミ/単独音/り.wav,り,,1,cv,44100,1,1.624853,true,true,
真田アサミ,アサ音さな,単独音,りぇ.wav,research/data/raw/reference/utau-samples/真田アサミ/単独音/りぇ.wav,りぇ,,1,cv,44100,1,1.687347,true,true,
真田アサミ,アサ音さな,単独音,りゃ.wav,research/data/raw/reference/utau-samples/真田アサミ/単独音/りゃ.wav,りゃ,,1,cv,44100,1,1.624853,true,true,
真田アサミ,アサ音さな,単独音,りゅ.wav,research/data/raw/reference/utau-samples/真田アサミ/単独音/りゅ.wav,りゅ,,1,cv,44100,1,1.687347,true,true,
真田アサミ,アサ音さな,単独音,りょ.wav,research/data/raw/reference/utau-samples/真田アサミ/単独音/りょ.wav,りょ,,1,cv,44100,1,1.687347,true,true,
真田アサミ,アサ音さな,単独音,る.wav,research/data/raw/reference/utau-samples/真田アサミ/単独音/る.wav,る,,1,cv,44100,1,1.749841,true,true,
真田アサミ,アサ音さな,単独音,れ.wav,research/data/raw/reference/utau-samples/真田アサミ/単独音/れ.wav,れ,,1,cv,44100,1,1.687347,true,true,
真田アサミ,アサ音さな,単独音,ろ.wav,research/data/raw/reference/utau-samples/真田アサミ/単独音/ろ.wav,ろ,,1,cv,44100,1,1.687347,true,true,
真田アサミ,アサ音さな,単独音,わ.wav,research/data/raw/reference/utau-samples/真田アサミ/単独音/わ.wav,わ,,1,cv,44100,1,1.624853,true,true,
真田アサミ,アサ音さな,単独音,ん.wav,research/data/raw/reference/utau-samples/真田アサミ/単独音/ん.wav,ん,,1,cv,44100,1,1.749841,true,true,
真田アサミ,アサ音さな,単独音,ヴ.wav,research/data/raw/reference/utau-samples/真田アサミ/単独音/ヴ.wav,ヴ,,0,cv,44100,1,1.624853,true,true,
真田アサミ,アサ音さな,単独音,ヴぁ.wav,research/data/raw/reference/utau-samples/真田アサミ/単独音/ヴぁ.wav,ヴぁ,,0,cv,44100,1,1.624853,true,true,
真田アサミ,アサ音さな,単独音,ヴぃ.wav,research/data/raw/reference/utau-samples/真田アサミ/単独音/ヴぃ.wav,ヴぃ,,0,cv,44100,1,1.749841,true,true,
真田アサミ,アサ音さな,単独音,ヴぇ.wav,research/data/raw/reference/utau-samples/真田アサミ/単独音/ヴぇ.wav,ヴぇ,,0,cv,44100,1,1.624853,true,true,
真田アサミ,アサ音さな,単独音,ヴぉ.wav,research/data/raw/reference/utau-samples/真田アサミ/単独音/ヴぉ.wav,ヴぉ,,0,cv,44100,1,1.687347,true,true,
真田アサミ,アサ音さな,単独音-Boyish,あ.wav,research/data/raw/reference/utau-samples/真田アサミ/単独音-Boyish/あ.wav,あ,あB,1,vowel,44100,1,1.624853,true,true,
真田アサミ,アサ音さな,単独音-Boyish,い.wav,research/data/raw/reference/utau-samples/真田アサミ/単独音-Boyish/い.wav,い,いB,1,vowel,44100,1,1.749841,true,true,
真田アサミ,アサ音さな,単独音-Boyish,いぇ.wav,research/data/raw/reference/utau-samples/真田アサミ/単独音-Boyish/いぇ.wav,いぇ,いぇB,1,cv,44100,1,1.749841,true,true,
真田アサミ,アサ音さな,単独音-Boyish,う.wav,research/data/raw/reference/utau-samples/真田アサミ/単独音-Boyish/う.wav,う,うB,1,vowel,44100,1,1.624853,true,true,
真田アサミ,アサ音さな,単独音-Boyish,うぁ.wav,research/data/raw/reference/utau-samples/真田アサミ/単独音-Boyish/うぁ.wav,うぁ,うぁB,1,cv,44100,1,1.749841,true,true,
真田アサミ,アサ音さな,単独音-Boyish,うぃ.wav,research/data/raw/reference/utau-samples/真田アサミ/単独音-Boyish/うぃ.wav,うぃ,うぃB,1,cv,44100,1,1.687347,true,true,
真田アサミ,アサ音さな,単独音-Boyish,うぇ.wav,research/data/raw/reference/utau-samples/真田アサミ/単独音-Boyish/うぇ.wav,うぇ,うぇB,1,cv,44100,1,1.749841,true,true,
真田アサミ,アサ音さな,単独音-Boyish,うぉ.wav,research/data/raw/reference/utau-samples/真田アサミ/単独音-Boyish/うぉ.wav,うぉ,うぉB,1,cv,44100,1,1.624853,true,true,
真田アサミ,アサ音さな,単独音-Boyish,え.wav,research/data/raw/reference/utau-samples/真田アサミ/単独音-Boyish/え.wav,え,えB,1,vowel,44100,1,1.624853,true,true,
真田アサミ,アサ音さな,単独音-Boyish,お.wav,research/data/raw/reference/utau-samples/真田アサミ/単独音-Boyish/お.wav,お,おB,2,vowel,44100,1,1.624853,true,true,
真田アサミ,アサ音さな,単独音-Boyish,か.wav,research/data/raw/reference/utau-samples/真田アサミ/単独音-Boyish/か.wav,か,かB,1,cv,44100,1,1.687347,true,true,
真田アサミ,アサ音さな,単独音-Boyish,が.wav,research/data/raw/reference/utau-samples/真田アサミ/単独音-Boyish/が.wav,が,,0,cv,44100,1,1.687347,true,true,
真田アサミ,アサ音さな,単独音-Boyish,き.wav,research/data/raw/reference/utau-samples/真田アサミ/単独音-Boyish/き.wav,き,きB,1,cv,44100,1,1.687347,true,true,
真田アサミ,アサ音さな,単独音-Boyish,きぇ.wav,research/data/raw/reference/utau-samples/真田アサミ/単独音-Boyish/きぇ.wav,きぇ,きぇB,1,cv,44100,1,1.624853,true,true,
真田アサミ,アサ音さな,単独音-Boyish,きゃ.wav,research/data/raw/reference/utau-samples/真田アサミ/単独音-Boyish/きゃ.wav,きゃ,きゃB,1,cv,44100,1,1.624853,true,true,
真田アサミ,アサ音さな,単独音-Boyish,きゅ.wav,research/data/raw/reference/utau-samples/真田アサミ/単独音-Boyish/きゅ.wav,きゅ,きゅB,1,cv,44100,1,1.749841,true,true,
真田アサミ,アサ音さな,単独音-Boyish,きょ.wav,research/data/raw/reference/utau-samples/真田アサミ/単独音-Boyish/きょ.wav,きょ,きょB,1,cv,44100,1,1.624853,true,true,
真田アサミ,アサ音さな,単独音-Boyish,ぎ.wav,research/data/raw/reference/utau-samples/真田アサミ/単独音-Boyish/ぎ.wav,ぎ,,0,cv,44100,1,1.687347,true,true,
真田アサミ,アサ音さな,単独音-Boyish,ぎぇ.wav,research/data/raw/reference/utau-samples/真田アサミ/単独音-Boyish/ぎぇ.wav,ぎぇ,,0,cv,44100,1,1.624853,true,true,
真田アサミ,アサ音さな,単独音-Boyish,ぎゃ.wav,research/data/raw/reference/utau-samples/真田アサミ/単独音-Boyish/ぎゃ.wav,ぎゃ,,0,cv,44100,1,1.624853,true,true,
真田アサミ,アサ音さな,単独音-Boyish,ぎゅ.wav,research/data/raw/reference/utau-samples/真田アサミ/単独音-Boyish/ぎゅ.wav,ぎゅ,,0,cv,44100,1,1.624853,true,true,
真田アサミ,アサ音さな,単独音-Boyish,ぎょ.wav,research/data/raw/reference/utau-samples/真田アサミ/単独音-Boyish/ぎょ.wav,ぎょ,,0,cv,44100,1,1.624853,true,true,
真田アサミ,アサ音さな,単独音-Boyish,く.wav,research/data/raw/reference/utau-samples/真田アサミ/単独音-Boyish/く.wav,く,くB,1,cv,44100,1,1.624853,true,true,
真田アサミ,アサ音さな,単独音-Boyish,くぁ.wav,research/data/raw/reference/utau-samples/真田アサミ/単独音-Boyish/くぁ.wav,くぁ,くぁB,1,cv,44100,1,1.624853,true,true,
真田アサミ,アサ音さな,単独音-Boyish,くぃ.wav,research/data/raw/reference/utau-samples/真田アサミ/単独音-Boyish/くぃ.wav,くぃ,くぃB,1,cv,44100,1,1.687347,true,true,
真田アサミ,アサ音さな,単独音-Boyish,くぇ.wav,research/data/raw/reference/utau-samples/真田アサミ/単独音-Boyish/くぇ.wav,くぇ,くぇB,1,cv,44100,1,1.749841,true,true,
真田アサミ,アサ音さな,単独音-Boyish,くぉ.wav,research/data/raw/reference/utau-samples/真田アサミ/単独音-Boyish/くぉ.wav,くぉ,くぉB,1,cv,44100,1,1.624853,true,true,
真田アサミ,アサ音さな,単独音-Boyish,ぐ.wav,research/data/raw/reference/utau-samples/真田アサミ/単独音-Boyish/ぐ.wav,ぐ,,0,cv,44100,1,1.624853,true,true,
真田アサミ,アサ音さな,単独音-Boyish,ぐぁ.wav,research/data/raw/reference/utau-samples/真田アサミ/単独音-Boyish/ぐぁ.wav,ぐぁ,,0,cv,44100,1,1.624853,true,true,
真田アサミ,アサ音さな,単独音-Boyish,ぐぃ.wav,research/data/raw/reference/utau-samples/真田アサミ/単独音-Boyish/ぐぃ.wav,ぐぃ,,0,cv,44100,1,1.749841,true,true,
真田アサミ,アサ音さな,単独音-Boyish,ぐぇ.wav,research/data/raw/reference/utau-samples/真田アサミ/単独音-Boyish/ぐぇ.wav,ぐぇ,,0,cv,44100,1,1.749841,true,true,
真田アサミ,アサ音さな,単独音-Boyish,ぐぉ.wav,research/data/raw/reference/utau-samples/真田アサミ/単独音-Boyish/ぐぉ.wav,ぐぉ,,0,cv,44100,1,1.687347,true,true,
真田アサミ,アサ音さな,単独音-Boyish,け.wav,research/data/raw/reference/utau-samples/真田アサミ/単独音-Boyish/け.wav,け,けB,1,cv,44100,1,1.749841,true,true,
真田アサミ,アサ音さな,単独音-Boyish,げ.wav,research/data/raw/reference/utau-samples/真田アサミ/単独音-Boyish/げ.wav,げ,,0,cv,44100,1,1.687347,true,true,
真田アサミ,アサ音さな,単独音-Boyish,こ.wav,research/data/raw/reference/utau-samples/真田アサミ/単独音-Boyish/こ.wav,こ,こB,1,cv,44100,1,1.687347,true,true,
真田アサミ,アサ音さな,単独音-Boyish,ご.wav,research/data/raw/reference/utau-samples/真田アサミ/単独音-Boyish/ご.wav,ご,,0,cv,44100,1,1.749841,true,true,
真田アサミ,アサ音さな,単独音-Boyish,さ.wav,research/data/raw/reference/utau-samples/真田アサミ/単独音-Boyish/さ.wav,さ,さB,1,cv,44100,1,1.624853,true,true,
真田アサミ,アサ音さな,単独音-Boyish,ざ.wav,research/data/raw/reference/utau-samples/真田アサミ/単独音-Boyish/ざ.wav,ざ,,0,cv,44100,1,1.687347,true,true,
真田アサミ,アサ音さな,単独音-Boyish,し.wav,research/data/raw/reference/utau-samples/真田アサミ/単独音-Boyish/し.wav,し,しB,1,cv,44100,1,1.624853,true,true,
真田アサミ,アサ音さな,単独音-Boyish,しぇ.wav,research/data/raw/reference/utau-samples/真田アサミ/単独音-Boyish/しぇ.wav,しぇ,しぇB,1,cv,44100,1,1.749841,true,true,
真田アサミ,アサ音さな,単独音-Boyish,しゃ.wav,research/data/raw/reference/utau-samples/真田アサミ/単独音-Boyish/しゃ.wav,しゃ,しゃB,1,cv,44100,1,1.624853,true,true,
真田アサミ,アサ音さな,単独音-Boyish,しゅ.wav,research/data/raw/reference/utau-samples/真田アサミ/単独音-Boyish/しゅ.wav,しゅ,しゅB,1,cv,44100,1,1.749841,true,true,
真田アサミ,アサ音さな,単独音-Boyish,しょ.wav,research/data/raw/reference/utau-samples/真田アサミ/単独音-Boyish/しょ.wav,しょ,しょB,1,cv,44100,1,1.624853,true,true,
真田アサミ,アサ音さな,単独音-Boyish,じ.wav,research/data/raw/reference/utau-samples/真田アサミ/単独音-Boyish/じ.wav,じ,,0,cv,44100,1,1.749841,true,true,
真田アサミ,アサ音さな,単独音-Boyish,じぇ.wav,research/data/raw/reference/utau-samples/真田アサミ/単独音-Boyish/じぇ.wav,じぇ,,0,cv,44100,1,1.749841,true,true,
真田アサミ,アサ音さな,単独音-Boyish,じゃ.wav,research/data/raw/reference/utau-samples/真田アサミ/単独音-Boyish/じゃ.wav,じゃ,,0,cv,44100,1,1.687347,true,true,
真田アサミ,アサ音さな,単独音-Boyish,じゅ.wav,research/data/raw/reference/utau-samples/真田アサミ/単独音-Boyish/じゅ.wav,じゅ,,0,cv,44100,1,1.749841,true,true,
真田アサミ,アサ音さな,単独音-Boyish,じょ.wav,research/data/raw/reference/utau-samples/真田アサミ/単独音-Boyish/じょ.wav,じょ,,0,cv,44100,1,1.624853,true,true,
真田アサミ,アサ音さな,単独音-Boyish,す.wav,research/data/raw/reference/utau-samples/真田アサミ/単独音-Boyish/す.wav,す,すB,1,cv,44100,1,1.687347,true,true,
真田アサミ,アサ音さな,単独音-Boyish,すぁ.wav,research/data/raw/reference/utau-samples/真田アサミ/単独音-Boyish/すぁ.wav,すぁ,すぁB,1,cv,44100,1,1.687347,true,true,
真田アサミ,アサ音さな,単独音-Boyish,すぃ.wav,research/data/raw/reference/utau-samples/真田アサミ/単独音-Boyish/すぃ.wav,すぃ,すぃB,1,cv,44100,1,1.624853,true,true,
真田アサミ,アサ音さな,単独音-Boyish,すぇ.wav,research/data/raw/reference/utau-samples/真田アサミ/単独音-Boyish/すぇ.wav,すぇ,すぇB,1,cv,44100,1,1.749841,true,true,
真田アサミ,アサ音さな,単独音-Boyish,すぉ.wav,research/data/raw/reference/utau-samples/真田アサミ/単独音-Boyish/すぉ.wav,すぉ,すぉB,1,cv,44100,1,1.624853,true,true,
真田アサミ,アサ音さな,単独音-Boyish,ず.wav,research/data/raw/reference/utau-samples/真田アサミ/単独音-Boyish/ず.wav,ず,,0,cv,44100,1,1.749841,true,true,
真田アサミ,アサ音さな,単独音-Boyish,ずぁ.wav,research/data/raw/reference/utau-samples/真田アサミ/単独音-Boyish/ずぁ.wav,ずぁ,,0,cv,44100,1,1.624853,true,true,
真田アサミ,アサ音さな,単独音-Boyish,ずぃ.wav,research/data/raw/reference/utau-samples/真田アサミ/単独音-Boyish/ずぃ.wav,ずぃ,,0,cv,44100,1,1.624853,true,true,
真田アサミ,アサ音さな,単独音-Boyish,ずぉ.wav,research/data/raw/reference/utau-samples/真田アサミ/単独音-Boyish/ずぉ.wav,ずぉ,,0,cv,44100,1,1.687347,true,true,
真田アサミ,アサ音さな,単独音-Boyish,せ.wav,research/data/raw/reference/utau-samples/真田アサミ/単独音-Boyish/せ.wav,せ,せB,1,cv,44100,1,1.687347,true,true,
真田アサミ,アサ音さな,単独音-Boyish,ぜ.wav,research/data/raw/reference/utau-samples/真田アサミ/単独音-Boyish/ぜ.wav,ぜ,,0,cv,44100,1,1.624853,true,true,
真田アサミ,アサ音さな,単独音-Boyish,そ.wav,research/data/raw/reference/utau-samples/真田アサミ/単独音-Boyish/そ.wav,そ,そB,1,cv,44100,1,1.624853,true,true,
真田アサミ,アサ音さな,単独音-Boyish,ぞ.wav,research/data/raw/reference/utau-samples/真田アサミ/単独音-Boyish/ぞ.wav,ぞ,,0,cv,44100,1,1.624853,true,true,
真田アサミ,アサ音さな,単独音-Boyish,た.wav,research/data/raw/reference/utau-samples/真田アサミ/単独音-Boyish/た.wav,た,たB,1,cv,44100,1,1.624853,true,true,
真田アサミ,アサ音さな,単独音-Boyish,だ.wav,research/data/raw/reference/utau-samples/真田アサミ/単独音-Boyish/だ.wav,だ,,0,cv,44100,1,1.687347,true,true,
真田アサミ,アサ音さな,単独音-Boyish,ち.wav,research/data/raw/reference/utau-samples/真田アサミ/単独音-Boyish/ち.wav,ち,ちB,1,cv,44100,1,1.749841,true,true,
真田アサミ,アサ音さな,単独音-Boyish,ちぇ.wav,research/data/raw/reference/utau-samples/真田アサミ/単独音-Boyish/ちぇ.wav,ちぇ,ちぇB,1,cv,44100,1,1.687347,true,true,
真田アサミ,アサ音さな,単独音-Boyish,ちゃ.wav,research/data/raw/reference/utau-samples/真田アサミ/単独音-Boyish/ちゃ.wav,ちゃ,ちゃB,1,cv,44100,1,1.749841,true,true,
真田アサミ,アサ音さな,単独音-Boyish,ちゅ.wav,research/data/raw/reference/utau-samples/真田アサミ/単独音-Boyish/ちゅ.wav,ちゅ,ちゅB,1,cv,44100,1,1.624853,true,true,
真田アサミ,アサ音さな,単独音-Boyish,ちょ.wav,research/data/raw/reference/utau-samples/真田アサミ/単独音-Boyish/ちょ.wav,ちょ,ちょB,1,cv,44100,1,1.624853,true,true,
真田アサミ,アサ音さな,単独音-Boyish,ぢ.wav,research/data/raw/reference/utau-samples/真田アサミ/単独音-Boyish/ぢ.wav,ぢ,,0,cv,44100,1,1.687347,true,true,
真田アサミ,アサ音さな,単独音-Boyish,ぢぇ.wav,research/data/raw/reference/utau-samples/真田アサミ/単独音-Boyish/ぢぇ.wav,ぢぇ,,0,cv,44100,1,1.687347,true,true,
真田アサミ,アサ音さな,単独音-Boyish,ぢゃ.wav,research/data/raw/reference/utau-samples/真田アサミ/単独音-Boyish/ぢゃ.wav,ぢゃ,,0,cv,44100,1,1.749841,true,true,
真田アサミ,アサ音さな,単独音-Boyish,ぢゅ.wav,research/data/raw/reference/utau-samples/真田アサミ/単独音-Boyish/ぢゅ.wav,ぢゅ,,0,cv,44100,1,1.624853,true,true,
真田アサミ,アサ音さな,単独音-Boyish,ぢょ.wav,research/data/raw/reference/utau-samples/真田アサミ/単独音-Boyish/ぢょ.wav,ぢょ,,0,cv,44100,1,1.624853,true,true,
真田アサミ,アサ音さな,単独音-Boyish,つ.wav,research/data/raw/reference/utau-samples/真田アサミ/単独音-Boyish/つ.wav,つ,つB,1,cv,44100,1,1.624853,true,true,
真田アサミ,アサ音さな,単独音-Boyish,つぁ.wav,research/data/raw/reference/utau-samples/真田アサミ/単独音-Boyish/つぁ.wav,つぁ,つぁB,1,cv,44100,1,1.624853,true,true,
真田アサミ,アサ音さな,単独音-Boyish,つぃ.wav,research/data/raw/reference/utau-samples/真田アサミ/単独音-Boyish/つぃ.wav,つぃ,つぃB,1,cv,44100,1,1.687347,true,true,
真田アサミ,アサ音さな,単独音-Boyish,つぇ.wav,research/data/raw/reference/utau-samples/真田アサミ/単独音-Boyish/つぇ.wav,つぇ,つぇB,1,cv,44100,1,1.687347,true,true,
真田アサミ,アサ音さな,単独音-Boyish,つぉ.wav,research/data/raw/reference/utau-samples/真田アサミ/単独音-Boyish/つぉ.wav,つぉ,つぉB,1,cv,44100,1,1.624853,true,true,
真田アサミ,アサ音さな,単独音-Boyish,づ.wav,research/data/raw/reference/utau-samples/真田アサミ/単独音-Boyish/づ.wav,づ,,0,cv,44100,1,1.687347,true,true,
真田アサミ,アサ音さな,単独音-Boyish,づぁ.wav,research/data/raw/reference/utau-samples/真田アサミ/単独音-Boyish/づぁ.wav,づぁ,,0,cv,44100,1,1.749841,true,true,
真田アサミ,アサ音さな,単独音-Boyish,づぃ.wav,research/data/raw/reference/utau-samples/真田アサミ/単独音-Boyish/づぃ.wav,づぃ,,0,cv,44100,1,1.624853,true,true,
真田アサミ,アサ音さな,単独音-Boyish,づぇ.wav,research/data/raw/reference/utau-samples/真田アサミ/単独音-Boyish/づぇ.wav,づぇ,,0,cv,44100,1,1.687347,true,true,
真田アサミ,アサ音さな,単独音-Boyish,づぉ.wav,research/data/raw/reference/utau-samples/真田アサミ/単独音-Boyish/づぉ.wav,づぉ,,0,cv,44100,1,1.687347,true,true,
真田アサミ,アサ音さな,単独音-Boyish,て.wav,research/data/raw/reference/utau-samples/真田アサミ/単独音-Boyish/て.wav,て,てB,1,cv,44100,1,1.624853,true,true,
真田アサミ,アサ音さな,単独音-Boyish,てぃ.wav,research/data/raw/reference/utau-samples/真田アサミ/単独音-Boyish/てぃ.wav,てぃ,てぃB,1,cv,44100,1,1.624853,true,true,
真田アサミ,アサ音さな,単独音-Boyish,てゅ.wav,research/data/raw/reference/utau-samples/真田アサミ/単独音-Boyish/てゅ.wav,てゅ,てゅB,1,cv,44100,1,1.687347,true,true,
真田アサミ,アサ音さな,単独音-Boyish,で.wav,research/data/raw/reference/utau-samples/真田アサミ/単独音-Boyish/で.wav,で,,0,cv,44100,1,1.687347,true,true,
真田アサミ,アサ音さな,単独音-Boyish,でぃ.wav,research/data/raw/reference/utau-samples/真田アサミ/単独音-Boyish/でぃ.wav,でぃ,,0,cv,44100,1,1.749841,true,true,
真田アサミ,アサ音さな,単独音-Boyish,でゅ.wav,research/data/raw/reference/utau-samples/真田アサミ/単独音-Boyish/でゅ.wav,でゅ,,0,cv,44100,1,1.624853,true,true,
真田アサミ,アサ音さな,単独音-Boyish,と.wav,research/data/raw/reference/utau-samples/真田アサミ/単独音-Boyish/と.wav,と,とB,1,cv,44100,1,1.749841,true,true,
真田アサミ,アサ音さな,単独音-Boyish,とぅ.wav,research/data/raw/reference/utau-samples/真田アサミ/単独音-Boyish/とぅ.wav,とぅ,とぅB,1,cv,44100,1,1.624853,true,true,
真田アサミ,アサ音さな,単独音-Boyish,ど.wav,research/data/raw/reference/utau-samples/真田アサミ/単独音-Boyish/ど.wav,ど,,0,cv,44100,1,1.624853,true,true,
真田アサミ,アサ音さな,単独音-Boyish,どぅ.wav,research/data/raw/reference/utau-samples/真田アサミ/単独音-Boyish/どぅ.wav,どぅ,,0,cv,44100,1,1.624853,true,true,
真田アサミ,アサ音さな,単独音-Boyish,な.wav,research/data/raw/reference/utau-samples/真田アサミ/単独音-Boyish/な.wav,な,なB,1,cv,44100,1,1.624853,true,true,
真田アサミ,アサ音さな,単独音-Boyish,に.wav,research/data/raw/reference/utau-samples/真田アサミ/単独音-Boyish/に.wav,に,にB,1,cv,44100,1,1.624853,true,true,
真田アサミ,アサ音さな,単独音-Boyish,にぇ.wav,research/data/raw/reference/utau-samples/真田アサミ/単独音-Boyish/にぇ.wav,にぇ,にぇB,1,cv,44100,1,1.687347,true,true,
真田アサミ,アサ音さな,単独音-Boyish,にゃ.wav,research/data/raw/reference/utau-samples/真田アサミ/単独音-Boyish/にゃ.wav,にゃ,にゃB,1,cv,44100,1,1.687347,true,true,
真田アサミ,アサ音さな,単独音-Boyish,にゅ.wav,research/data/raw/reference/utau-samples/真田アサミ/単独音-Boyish/にゅ.wav,にゅ,にゅB,1,cv,44100,1,1.749841,true,true,
真田アサミ,アサ音さな,単独音-Boyish,にょ.wav,research/data/raw/reference/utau-samples/真田アサミ/単独音-Boyish/にょ.wav,にょ,にょB,1,cv,44100,1,1.687347,true,true,
真田アサミ,アサ音さな,単独音-Boyish,ぬ.wav,research/data/raw/reference/utau-samples/真田アサミ/単独音-Boyish/ぬ.wav,ぬ,ぬB,1,cv,44100,1,1.687347,true,true,
真田アサミ,アサ音さな,単独音-Boyish,ね.wav,research/data/raw/reference/utau-samples/真田アサミ/単独音-Boyish/ね.wav,ね,ねB,1,cv,44100,1,1.749841,true,true,
真田アサミ,アサ音さな,単独音-Boyish,の.wav,research/data/raw/reference/utau-samples/真田アサミ/単独音-Boyish/の.wav,の,のB,1,cv,44100,1,1.624853,true,true,
真田アサミ,アサ音さな,単独音-Boyish,は.wav,research/data/raw/reference/utau-samples/真田アサミ/単独音-Boyish/は.wav,は,はB,1,cv,44100,1,1.687347,true,true,
真田アサミ,アサ音さな,単独音-Boyish,ば.wav,research/data/raw/reference/utau-samples/真田アサミ/単独音-Boyish/ば.wav,ば,,0,cv,44100,1,1.749841,true,true,
真田アサミ,アサ音さな,単独音-Boyish,ぱ.wav,research/data/raw/reference/utau-samples/真田アサミ/単独音-Boyish/ぱ.wav,ぱ,,0,cv,44100,1,1.624853,true,true,
真田アサミ,アサ音さな,単独音-Boyish,ひ.wav,research/data/raw/reference/utau-samples/真田アサミ/単独音-Boyish/ひ.wav,ひ,ひB,1,cv,44100,1,1.624853,true,true,
真田アサミ,アサ音さな,単独音-Boyish,ひぇ.wav,research/data/raw/reference/utau-samples/真田アサミ/単独音-Boyish/ひぇ.wav,ひぇ,ひぇB,1,cv,44100,1,1.624853,true,true,
真田アサミ,アサ音さな,単独音-Boyish,ひゃ.wav,research/data/raw/reference/utau-samples/真田アサミ/単独音-Boyish/ひゃ.wav,ひゃ,ひゃB,1,cv,44100,1,1.687347,true,true,
真田アサミ,アサ音さな,単独音-Boyish,ひゅ.wav,research/data/raw/reference/utau-samples/真田アサミ/単独音-Boyish/ひゅ.wav,ひゅ,ひゅB,1,cv,44100,1,1.749841,true,true,
真田アサミ,アサ音さな,単独音-Boyish,ひょ.wav,research/data/raw/reference/utau-samples/真田アサミ/単独音-Boyish/ひょ.wav,ひょ,ひょB,1,cv,44100,1,1.687347,true,true,
真田アサミ,アサ音さな,単独音-Boyish,び.wav,research/data/raw/reference/utau-samples/真田アサミ/単独音-Boyish/び.wav,び,,0,cv,44100,1,1.687347,true,true,
真田アサミ,アサ音さな,単独音-Boyish,びぇ.wav,research/data/raw/reference/utau-samples/真田アサミ/単独音-Boyish/びぇ.wav,びぇ,,0,cv,44100,1,1.687347,true,true,
真田アサミ,アサ音さな,単独音-Boyish,びゃ.wav,research/data/raw/reference/utau-samples/真田アサミ/単独音-Boyish/びゃ.wav,びゃ,,0,cv,44100,1,1.624853,true,true,
真田アサミ,アサ音さな,単独音-Boyish,びゅ.wav,research/data/raw/reference/utau-samples/真田アサミ/単独音-Boyish/びゅ.wav,びゅ,,0,cv,44100,1,1.687347,true,true,
真田アサミ,アサ音さな,単独音-Boyish,びょ.wav,research/data/raw/reference/utau-samples/真田アサミ/単独音-Boyish/びょ.wav,びょ,,0,cv,44100,1,1.687347,true,true,
真田アサミ,アサ音さな,単独音-Boyish,ぴ.wav,research/data/raw/reference/utau-samples/真田アサミ/単独音-Boyish/ぴ.wav,ぴ,,0,cv,44100,1,1.687347,true,true,
真田アサミ,アサ音さな,単独音-Boyish,ぴぇ.wav,research/data/raw/reference/utau-samples/真田アサミ/単独音-Boyish/ぴぇ.wav,ぴぇ,,0,cv,44100,1,1.624853,true,true,
真田アサミ,アサ音さな,単独音-Boyish,ぴゃ.wav,research/data/raw/reference/utau-samples/真田アサミ/単独音-Boyish/ぴゃ.wav,ぴゃ,,0,cv,44100,1,1.687347,true,true,
真田アサミ,アサ音さな,単独音-Boyish,ぴゅ.wav,research/data/raw/reference/utau-samples/真田アサミ/単独音-Boyish/ぴゅ.wav,ぴゅ,,0,cv,44100,1,1.624853,true,true,
真田アサミ,アサ音さな,単独音-Boyish,ぴょ.wav,research/data/raw/reference/utau-samples/真田アサミ/単独音-Boyish/ぴょ.wav,ぴょ,,0,cv,44100,1,1.624853,true,true,
真田アサミ,アサ音さな,単独音-Boyish,ふ.wav,research/data/raw/reference/utau-samples/真田アサミ/単独音-Boyish/ふ.wav,ふ,ふB,1,cv,44100,1,1.624853,true,true,
真田アサミ,アサ音さな,単独音-Boyish,ふぁ.wav,research/data/raw/reference/utau-samples/真田アサミ/単独音-Boyish/ふぁ.wav,ふぁ,ふぁB,1,cv,44100,1,1.749841,true,true,
真田アサミ,アサ音さな,単独音-Boyish,ふぃ.wav,research/data/raw/reference/utau-samples/真田アサミ/単独音-Boyish/ふぃ.wav,ふぃ,ふぃB,1,cv,44100,1,1.624853,true,true,
真田アサミ,アサ音さな,単独音-Boyish,ふぇ.wav,research/data/raw/reference/utau-samples/真田アサミ/単独音-Boyish/ふぇ.wav,ふぇ,ふぇB,1,cv,44100,1,1.687347,true,true,
真田アサミ,アサ音さな,単独音-Boyish,ふぉ.wav,research/data/raw/reference/utau-samples/真田アサミ/単独音-Boyish/ふぉ.wav,ふぉ,ふぉB,1,cv,44100,1,1.687347,true,true,
真田アサミ,アサ音さな,単独音-Boyish,ぶ.wav,research/data/raw/reference/utau-samples/真田アサミ/単独音-Boyish/ぶ.wav,ぶ,,0,cv,44100,1,1.749841,true,true,
真田アサミ,アサ音さな,単独音-Boyish,ぷ.wav,research/data/raw/reference/utau-samples/真田アサミ/単独音-Boyish/ぷ.wav,ぷ,,0,cv,44100,1,1.749841,true,true,
真田アサミ,アサ音さな,単独音-Boyish,へ.wav,research/data/raw/reference/utau-samples/真田アサミ/単独音-Boyish/へ.wav,へ,へB,1,cv,44100,1,1.749841,true,true,
真田アサミ,アサ音さな,単独音-Boyish,べ.wav,research/data/raw/reference/utau-samples/真田アサミ/単独音-Boyish/べ.wav,べ,,0,cv,44100,1,1.687347,true,true,
真田アサミ,アサ音さな,単独音-Boyish,ぺ.wav,research/data/raw/reference/utau-samples/真田アサミ/単独音-Boyish/ぺ.wav,ぺ,,0,cv,44100,1,1.624853,true,true,
真田アサミ,アサ音さな,単独音-Boyish,ほ.wav,research/data/raw/reference/utau-samples/真田アサミ/単独音-Boyish/ほ.wav,ほ,ほB,1,cv,44100,1,1.749841,true,true,
真田アサミ,アサ音さな,単独音-Boyish,ぼ.wav,research/data/raw/reference/utau-samples/真田アサミ/単独音-Boyish/ぼ.wav,ぼ,,0,cv,44100,1,1.624853,true,true,
真田アサミ,アサ音さな,単独音-Boyish,ぽ.wav,research/data/raw/reference/utau-samples/真田アサミ/単独音-Boyish/ぽ.wav,ぽ,,0,cv,44100,1,1.624853,true,true,
真田アサミ,アサ音さな,単独音-Boyish,ま.wav,research/data/raw/reference/utau-samples/真田アサミ/単独音-Boyish/ま.wav,ま,まB,1,cv,44100,1,1.687347,true,true,
真田アサミ,アサ音さな,単独音-Boyish,み.wav,research/data/raw/reference/utau-samples/真田アサミ/単独音-Boyish/み.wav,み,みB,1,cv,44100,1,1.687347,true,true,
真田アサミ,アサ音さな,単独音-Boyish,みぇ.wav,research/data/raw/reference/utau-samples/真田アサミ/単独音-Boyish/みぇ.wav,みぇ,みぇB,1,cv,44100,1,1.624853,true,true,
真田アサミ,アサ音さな,単独音-Boyish,みゃ.wav,research/data/raw/reference/utau-samples/真田アサミ/単独音-Boyish/みゃ.wav,みゃ,みゃB,1,cv,44100,1,1.749841,true,true,
真田アサミ,アサ音さな,単独音-Boyish,みゅ.wav,research/data/raw/reference/utau-samples/真田アサミ/単独音-Boyish/みゅ.wav,みゅ,みゅB,1,cv,44100,1,1.749841,true,true,
真田アサミ,アサ音さな,単独音-Boyish,みょ.wav,research/data/raw/reference/utau-samples/真田アサミ/単独音-Boyish/みょ.wav,みょ,みょB,1,cv,44100,1,1.624853,true,true,
真田アサミ,アサ音さな,単独音-Boyish,む.wav,research/data/raw/reference/utau-samples/真田アサミ/単独音-Boyish/む.wav,む,むB,1,cv,44100,1,1.624853,true,true,
真田アサミ,アサ音さな,単独音-Boyish,め.wav,research/data/raw/reference/utau-samples/真田アサミ/単独音-Boyish/め.wav,め,めB,1,cv,44100,1,1.624853,true,true,
真田アサミ,アサ音さな,単独音-Boyish,も.wav,research/data/raw/reference/utau-samples/真田アサミ/単独音-Boyish/も.wav,も,もB,1,cv,44100,1,1.687347,true,true,
真田アサミ,アサ音さな,単独音-Boyish,や.wav,research/data/raw/reference/utau-samples/真田アサミ/単独音-Boyish/や.wav,や,やB,1,cv,44100,1,1.624853,true,true,
真田アサミ,アサ音さな,単独音-Boyish,ゆ.wav,research/data/raw/reference/utau-samples/真田アサミ/単独音-Boyish/ゆ.wav,ゆ,ゆB,1,cv,44100,1,1.624853,true,true,
真田アサミ,アサ音さな,単独音-Boyish,よ.wav,research/data/raw/reference/utau-samples/真田アサミ/単独音-Boyish/よ.wav,よ,よB,1,cv,44100,1,1.687347,true,true,
真田アサミ,アサ音さな,単独音-Boyish,ら.wav,research/data/raw/reference/utau-samples/真田アサミ/単独音-Boyish/ら.wav,ら,らB,1,cv,44100,1,1.687347,true,true,
真田アサミ,アサ音さな,単独音-Boyish,り.wav,research/data/raw/reference/utau-samples/真田アサミ/単独音-Boyish/り.wav,り,りB,1,cv,44100,1,1.687347,true,true,
真田アサミ,アサ音さな,単独音-Boyish,りぇ.wav,research/data/raw/reference/utau-samples/真田アサミ/単独音-Boyish/りぇ.wav,りぇ,りぇB,1,cv,44100,1,1.687347,true,true,
真田アサミ,アサ音さな,単独音-Boyish,りゃ.wav,research/data/raw/reference/utau-samples/真田アサミ/単独音-Boyish/りゃ.wav,りゃ,りゃB,1,cv,44100,1,1.624853,true,true,
真田アサミ,アサ音さな,単独音-Boyish,りゅ.wav,research/data/raw/reference/utau-samples/真田アサミ/単独音-Boyish/りゅ.wav,りゅ,りゅB,1,cv,44100,1,1.749841,true,true,
真田アサミ,アサ音さな,単独音-Boyish,りょ.wav,research/data/raw/reference/utau-samples/真田アサミ/単独音-Boyish/りょ.wav,りょ,りょB,1,cv,44100,1,1.624853,true,true,
真田アサミ,アサ音さな,単独音-Boyish,る.wav,research/data/raw/reference/utau-samples/真田アサミ/単独音-Boyish/る.wav,る,るB,1,cv,44100,1,1.624853,true,true,
真田アサミ,アサ音さな,単独音-Boyish,れ.wav,research/data/raw/reference/utau-samples/真田アサミ/単独音-Boyish/れ.wav,れ,れB,1,cv,44100,1,1.687347,true,true,
真田アサミ,アサ音さな,単独音-Boyish,ろ.wav,research/data/raw/reference/utau-samples/真田アサミ/単独音-Boyish/ろ.wav,ろ,ろB,1,cv,44100,1,1.687347,true,true,
真田アサミ,アサ音さな,単独音-Boyish,わ.wav,research/data/raw/reference/utau-samples/真田アサミ/単独音-Boyish/わ.wav,わ,わB,1,cv,44100,1,1.687347,true,true,
真田アサミ,アサ音さな,単独音-Boyish,ん.wav,research/data/raw/reference/utau-samples/真田アサミ/単独音-Boyish/ん.wav,ん,んB,1,cv,44100,1,1.749841,true,true,
真田アサミ,アサ音さな,単独音-Boyish,ヴ.wav,research/data/raw/reference/utau-samples/真田アサミ/単独音-Boyish/ヴ.wav,ヴ,,0,cv,44100,1,1.687347,true,true,
真田アサミ,アサ音さな,単独音-Boyish,ヴぁ.wav,research/data/raw/reference/utau-samples/真田アサミ/単独音-Boyish/ヴぁ.wav,ヴぁ,,0,cv,44100,1,1.749841,true,true,
真田アサミ,アサ音さな,単独音-Boyish,ヴぃ.wav,research/data/raw/reference/utau-samples/真田アサミ/単独音-Boyish/ヴぃ.wav,ヴぃ,,0,cv,44100,1,1.624853,true,true,
真田アサミ,アサ音さな,単独音-Boyish,ヴぇ.wav,research/data/raw/reference/utau-samples/真田アサミ/単独音-Boyish/ヴぇ.wav,ヴぇ,,0,cv,44100,1,1.624853,true,true,
真田アサミ,アサ音さな,単独音-Boyish,ヴぉ.wav,research/data/raw/reference/utau-samples/真田アサミ/単独音-Boyish/ヴぉ.wav,ヴぉ,,0,cv,44100,1,1.749841,true,true,
真田アサミ,アサ音さな,連続音,_あめうぇりゃえしょ.wav,research/data/raw/reference/utau-samples/真田アサミ/連続音/_あめうぇりゃえしょ.wav,_あめうぇりゃえしょ,- あ,6,vcv,44100,1,4.187120,true,true,
真田アサミ,アサ音さな,連続音,_いうぁんヴぃちゅん.wav,research/data/raw/reference/utau-samples/真田アサミ/連続音/_いうぁんヴぃちゅん.wav,_いうぁんヴぃちゅん,,0,vcv,44100,1,4.124626,true,true,
真田アサミ,アサ音さな,連続音,_いくんぎぇいう.wav,research/data/raw/reference/utau-samples/真田アサミ/連続音/_いくんぎぇいう.wav,_いくんぎぇいう,,0,vcv,44100,1,4.187120,true,true,
真田アサミ,アサ音さな,連続音,_いざんひどん.wav,research/data/raw/reference/utau-samples/真田アサミ/連続音/_いざんひどん.wav,_いざんひどん,,0,vcv,44100,1,4.187120,true,true,
真田アサミ,アサ音さな,連続音,_いしみしゅんす.wav,research/data/raw/reference/utau-samples/真田アサミ/連続音/_いしみしゅんす.wav,_いしみしゅんす,i し,4,vcv,44100,1,4.187120,true,true,
真田アサミ,アサ音さな,連続音,_いつんこいそ.wav,research/data/raw/reference/utau-samples/真田アサミ/連続音/_いつんこいそ.wav,_いつんこいそ,i つ,4,vcv,44100,1,4.187120,true,true,
真田アサミ,アサ音さな,連続音,_いでんにぇいびゅ.wav,research/data/raw/reference/utau-samples/真田アサミ/連続音/_いでんにぇいびゅ.wav,_いでんにぇいびゅ,,0,vcv,44100,1,4.187120,true,true,
真田アサミ,アサ音さな,連続音,_いとんきゅいぶ.wav,research/data/raw/reference/utau-samples/真田アサミ/連続音/_いとんきゅいぶ.wav,_いとんきゅいぶ,,0,vcv,44100,1,4.187120,true,true,
真田アサミ,アサ音さな,連続音,_いぴゃんじてぃめ.wav,research/data/raw/reference/utau-samples/真田アサミ/連続音/_いぴゃんじてぃめ.wav,_いぴゃんじてぃめ,,0,vcv,44100,1,4.187120,true,true,
真田アサミ,アサ音さな,連続音,_いみゅがりゃざびょ.wav,research/data/raw/reference/utau-samples/真田アサミ/連続音/_いみゅがりゃざびょ.wav,_いみゅがりゃざびょ,,0,vcv,44100,1,4.124626,true,true,
真田アサミ,アサ音さな,連続音,_いよんぬいきぇ.wav,research/data/raw/reference/utau-samples/真田アサミ/連続音/_いよんぬいきぇ.wav,_いよんぬいきぇ,i よ,3,vcv,44100,1,4.187120,true,true,
真田アサミ,アサ音さな,連続音,_いりぇんりたん.wav,research/data/raw/reference/utau-samples/真田アサミ/連続音/_いりぇんりたん.wav,_いりぇんりたん,i りぇ,3,vcv,44100,1,4.187120,true,true,
真田アサミ,アサ音さな,連続音,_いりゃんひょいぺ.wav,research/data/raw/reference/utau-samples/真田アサミ/連続音/_いりゃんひょいぺ.wav,_いりゃんひょいぺ,,0,vcv,44100,1,4.187120,true,true,
真田アサミ,アサ音さな,連続音,_いろんぴぇいね.wav,research/data/raw/reference/utau-samples/真田アサミ/連続音/_いろんぴぇいね.wav,_いろんぴぇいね,,0,vcv,44100,1,4.187120,true,true,
真田アサミ,アサ音さな,連続音,_うぁごびぬはや.wav,research/data/raw/reference/utau-samples/真田アサミ/連続音/_うぁごびぬはや.wav,_うぁごびぬはや,,0,vcv,44100,1,4.187120,true,true,
真田アサミ,アサ音さな,連続音,_うぃじゃちぇじゃしゅべ.wav,research/data/raw/reference/utau-samples/真田アサミ/連続音/_うぃじゃちぇじゃしゅべ.wav,_うぃじゃちぇじゃしゅべ,,0,vcv,44100,1,4.187120,true,true,
真田アサミ,アサ音さな,連続音,_うぇぎヴなししょ.wav,research/data/raw/reference/utau-samples/真田アサミ/連続音/_うぇぎヴなししょ.wav,_うぇぎヴなししょ,,0,vcv,44100,1,4.187120,true,true,
真田アサミ,アサ音さな,連続音,_うぉんやんにゅん.wav,research/data/raw/reference/utau-samples/真田アサミ/連続音/_うぉんやんにゅん.wav,_うぉんやんにゅん,- うぉ,3,vcv,44100,1,4.249615,true,true,
真田アサミ,アサ音さな,連続音,_うよぎゅじょれぐ.wav,research/data/raw/reference/utau-samples/真田アサミ/連続音/_うよぎゅじょれぐ.wav,_うよぎゅじょれぐ,,0,vcv,44100,1,4.187120,true,true,
真田アサミ,アサ音さな,連続音,_えぴぇちびょちぇん.wav,research/data/raw/reference/utau-samples/真田アサミ/連続音/_えぴぇちびょちぇん.wav,_えぴぇちびょちぇん,,0,vcv,44100,1,4.249615,true,true,
真田アサミ,アサ音さな,連続音,_おどぅヴぃござで.wav,research/data/raw/reference/utau-samples/真田アサミ/連続音/_おどぅヴぃござで.wav,_おどぅヴぃござで,,0,vcv,44100,1,4.187120,true,true,
真田アサミ,アサ音さな,連続音,_かにぇよべにぇひゅ.wav,research/data/raw/reference/utau-samples/真田アサミ/連続音/_かにぇよべにぇひゅ.wav,_かにぇよべにぇひゅ,,0,vcv,44100,1,4.187120,true,true,
真田アサミ,アサ音さな,連続音,_がうぇいぴょひょぎゃ.wav,research/data/raw/reference/utau-samples/真田アサミ/連続音/_がうぇいぴょひょぎゃ.wav,_がうぇいぴょひょぎゃ,,0,vcv,44100,1,4.187120,true,true,
真田アサミ,アサ音さな,連続音,_きぇのきゅにゅおあ.wav,research/data/raw/reference/utau-samples/真田アサミ/連続音/_きぇのきゅにゅおあ.wav,_きぇのきゅにゅおあ,- きぇ,6,vcv,44100,1,4.187120,true,true,
真田アサミ,アサ音さな,連続音,_きぎぇわぎにぎゃ.wav,research/data/raw/reference/utau-samples/真田アサミ/連続音/_きぎぇわぎにぎゃ.wav,_きぎぇわぎにぎゃ,,0,vcv,44100,1,4.187120,true,true,
真田アサミ,アサ音さな,連続音,_きゃぴぇぞもみゅびぇ.wav,research/data/raw/reference/utau-samples/真田アサミ/連続音/_きゃぴぇぞもみゅびぇ.wav,_きゃぴぇぞもみゅびぇ,,0,vcv,44100,1,4.124626,true,true,
真田アサミ,アサ音さな,連続音,_きゅんちょんヴぇうぉ.wav,research/data/raw/reference/utau-samples/真田アサミ/連続音/_きゅんちょんヴぇうぉ.wav,_きゅんちょんヴぇうぉ,,0,vcv,44100,1,4.124626,true,true,
真田アサミ,アサ音さな,連続音,_きょとぅびゅびかう.wav,research/data/raw/reference/utau-samples/真田アサミ/連続音/_きょとぅびゅびかう.wav,_きょとぅびゅびかう,,0,vcv,44100,1,4.187120,true,true,
真田アサミ,アサ音さな,連続音,_ぎぇりぇばひへく.wav,research/data/raw/reference/utau-samples/真田アサミ/連続音/_ぎぇりぇばひへく.wav,_ぎぇりぇばひへく,,0,vcv,44100,1,4.124626,true,true,
真田アサミ,アサ音さな,連続音,_ぎぎきちぇみゅえ.wav,research/data/raw/reference/utau-samples/真田アサミ/連続音/_ぎぎきちぇみゅえ.wav,_ぎぎきちぇみゅえ,,0,vcv,44100,1,4.124626,true,true,
真田アサミ,アサ音さな,連続音,_ぎゃてちゃヴびょちゃ.wav,research/data/raw/reference/utau-samples/真田アサミ/連続音/_ぎゃてちゃヴびょちゃ.wav,_ぎゃてちゃヴびょちゃ,,0,vcv,44100,1,4.187120,true,true,
真田アサミ,アサ音さな,連続音,_ぎゅびゃみゃじゅりゃぴ.wav,research/data/raw/reference/utau-samples/真田アサミ/連続音/_ぎゅびゃみゃじゅりゃぴ.wav,_ぎゅびゃみゃじゅりゃぴ,,0,vcv,44100,1,4.124626,true,true,
真田アサミ,アサ音さな,連続音,_ぎょじゃんぱんと.wav,research/data/raw/reference/utau-samples/真田アサミ/連続音/_ぎょじゃんぱんと.wav,_ぎょじゃんぱんと,,0,vcv,44100,1,4.187120,true,true,
真田アサミ,アサ音さな,連続音,_くちょんげけむ.wav,research/data/raw/reference/utau-samples/真田アサミ/連続音/_くちょんげけむ.wav,_くちょんげけむ,,0,vcv,44100,1,4.187120,true,true,
真田アサミ,アサ音さな,連続音,_ぐぱじょほヴぃにょ.wav,research/data/raw/reference/utau-samples/真田アサミ/連続音/_ぐぱじょほヴぃにょ.wav,_ぐぱじょほヴぃにょ,,0,vcv,44100,1,4.124626,true,true,
真田アサミ,アサ音さな,連続音,_けゆぼうぃぞぼ.wav,research/data/raw/reference/utau-samples/真田アサミ/連続音/_けゆぼうぃぞぼ.wav,_けゆぼうぃぞぼ,,0,vcv,44100,1,4.187120,true,true,
真田アサミ,アサ音さな,連続音,_げしゅきゅみじょり.wav,research/data/raw/reference/utau-samples/真田アサミ/連続音/_げしゅきゅみじょり.wav,_げしゅきゅみじょり,,0,vcv,44100,1,4.187120,true,true,
真田アサミ,アサ音さな,連続音,_こなほしゃこひぇ.wav,research/data/raw/reference/utau-samples/真田アサミ/連続音/_こなほしゃこひぇ.wav,_こなほしゃこひぇ,- こ,6,vcv,44100,1,4.187120,true,true,
真田アサミ,アサ音さな,連続音,_ごさみゅのえひ.wav,research/data/raw/reference/utau-samples/真田アサミ/連続音/_ごさみゅのえひ.wav,_ごさみゅのえひ,,0,vcv,44100,1,4.187120,true,true,
真田アサミ,アサ音さな,連続音,_さわひょそゆぎ.wav,research/data/raw/reference/utau-samples/真田アサミ/連続音/_さわひょそゆぎ.wav,_さわひょそゆぎ,,0,vcv,44100,1,4.124626,true,true,
真田アサミ,アサ音さな,連続音,_ざぎゃとぅうとぅね.wav,research/data/raw/reference/utau-samples/真田アサミ/連続音/_ざぎゃとぅうとぅね.wav,_ざぎゃとぅうとぅね,,0,vcv,44100,1,4.187120,true,true,
真田アサミ,アサ音さな,連続音,_しぇぎゅにどぅひょこ.wav,research/data/raw/reference/utau-samples/真田アサミ/連続音/_しぇぎゅにどぅひょこ.wav,_しぇぎゅにどぅひょこ,,0,vcv,44100,1,4.187120,true,true,
真田アサミ,アサ音さな,連続音,_してぶしぇだの.wav,research/data/raw/reference/utau-samples/真田アサミ/連続音/_してぶしぇだの.wav,_してぶしぇだの,,0,vcv,44100,1,4.249615,true,true,
真田アサミ,アサ音さな,連続音,_しゃぎょごへたよ.wav,research/data/raw/reference/utau-samples/真田アサミ/連続音/_しゃぎょごへたよ.wav,_しゃぎょごへたよ,,0,vcv,44100,1,4.187120,true,true,
真田アサミ,アサ音さな,連続音,_しゅしょしぇあどぱ.wav,research/data/raw/reference/utau-samples/真田アサミ/連続音/_しゅしょしぇあどぱ.wav,_しゅしょしぇあどぱ,,0,vcv,44100,1,4.187120,true,true,
真田アサミ,アサ音さな,連続音,_しょじヴぉまたあ.wav,research/data/raw/reference/utau-samples/真田アサミ/連続音/_しょじヴぉまたあ.wav,_しょじヴぉまたあ,,0,vcv,44100,1,4.187120,true,true,
真田アサミ,アサ音さな,連続音,_じぇまびゅてもけ.wav,research/data/raw/reference/utau-samples/真田アサミ/連続音/_じぇまびゅてもけ.wav,_じぇまびゅてもけ,,0,vcv,44100,1,4.187120,true,true,
真田アサミ,アサ音さな,連続音,_じひせおんびぇ.wav,research/data/raw/reference/utau-samples/真田アサミ/連続音/_じひせおんびぇ.wav,_じひせおんびぇ,,0,vcv,44100,1,4.187120,true,true,
真田アサミ,アサ音さな,連続音,_じゃへヴヴぉぎょど.wav,research/data/raw/reference/utau-samples/真田アサミ/連続音/_じゃへヴヴぉぎょど.wav,_じゃへヴヴぉぎょど,,0,vcv,44100,1,4.124626,true,true,
真田アサミ,アサ音さな,連続音,_じゅずとてぃさむ.wav,research/data/raw/reference/utau-samples/真田アサミ/連続音/_じゅずとてぃさむ.wav,_じゅずとてぃさむ,,0,vcv,44100,1,4.124626,true,true,
真田アサミ,アサ音さな,連続音,_じょりょひゃかちょす.wav,research/data/raw/reference/utau-samples/真田アサミ/連続音/_じょりょひゃかちょす.wav,_じょりょひゃかちょす,,0,vcv,44100,1,4.187120,true,true,
真田アサミ,アサ音さな,連続音,_すりひゅにゃくす.wav,research/data/raw/reference/utau-samples/真田アサミ/連続音/_すりひゅにゃくす.wav,_すりひゅにゃくす,- す,6,vcv,44100,1,4.187120,true,true,
真田アサミ,アサ音さな,連続音,_ずぴちぼのじょ.wav,research/data/raw/reference/utau-samples/真田アサミ/連続音/_ずぴちぼのじょ.wav,_ずぴちぼのじょ,,0,vcv,44100,1,4.124626,true,true,
真田アサミ,アサ音さな,連続音,_せにゅまもふし.wav,research/data/raw/reference/utau-samples/真田アサミ/連続音/_せにゅまもふし.wav,_せにゅまもふし,- せ,6,vcv,44100,1,4.187120,true,true,
真田アサミ,アサ音さな,連続音,_ぜみゃぴょうみぇひゃ.wav,research/data/raw/reference/utau-samples/真田アサミ/連続音/_ぜみゃぴょうみぇひゃ.wav,_ぜみゃぴょうみぇひゃ,,0,vcv,44100,1,4.187120,true,true,
真田アサミ,アサ音さな,連続音,_そらはみぇきょきゃ.wav,research/data/raw/reference/utau-samples/真田アサミ/連続音/_そらはみぇきょきゃ.wav,_そらはみぇきょきゃ,- そ,6,vcv,44100,1,4.124626,true,true,
真田アサミ,アサ音さな,連続音,_ぞかどぅきぇがりぇ.wav,research/data/raw/reference/utau-samples/真田アサミ/連続音/_ぞかどぅきぇがりぇ.wav,_ぞかどぅきぇがりぇ,,0,vcv,44100,1,4.187120,true,true,
真田アサミ,アサ音さな,連続音,_たんぴゅぴゅさん.wav,research/data/raw/reference/utau-samples/真田アサミ/連続音/_たんぴゅぴゅさん.wav,_たんぴゅぴゅさん,,0,vcv,44100,1,4.187120,true,true,
真田アサミ,アサ音さな,連続音,_だみょうぇるうぉん.wav,research/data/raw/reference/utau-samples/真田アサミ/連続音/_だみょうぇるうぉん.wav,_だみょうぇるうぉん,,0,vcv,44100,1,4.187120,true,true,
真田アサミ,アサ音さな,連続音,_ちぇびゃぶみゃぎぇふ.wav,research/data/raw/reference/utau-samples/真田アサミ/連続音/_ちぇびゃぶみゃぎぇふ.wav,_ちぇびゃぶみゃぎぇふ,,0,vcv,44100,1,4.187120,true,true,
真田アサミ,アサ音さな,連続音,_ちゃつじゃびみぇき.wav,research/data/raw/reference/utau-samples/真田アサミ/連続音/_ちゃつじゃびみぇき.wav,_ちゃつじゃびみぇき,,0,vcv,44100,1,4.187120,true,true,
真田アサミ,アサ音さな,連続音,_ちゅんろきょうぁヴぁ.wav,research/data/raw/reference/utau-samples/真田アサミ/連続音/_ちゅんろきょうぁヴぁ.wav,_ちゅんろきょうぁヴぁ,,0,vcv,44100,1,4.187120,true,true,
真田アサミ,アサ音さな,連続音,_ちょちょにぇびゅせひょ.wav,research/data/raw/reference/utau-samples/真田アサミ/連続音/_ちょちょにぇびゅせひょ.wav,_ちょちょにぇびゅせひょ,,0,vcv,44100,1,4.124626,true,true,
真田アサミ,アサ音さな,連続音,_ちわぬぶヴぇぽ.wav,research/data/raw/reference/utau-samples/真田アサミ/連続音/_ちわぬぶヴぇぽ.wav,_ちわぬぶヴぇぽ,,0,vcv,44100,1,4.187120,true,true,
真田アサミ,アサ音さな,連続音,_つもにょみぇきゅうぃ.wav,research/data/raw/reference/utau-samples/真田アサミ/連続音/_つもにょみぇきゅうぃ.wav,_つもにょみぇきゅうぃ,- つ,6,vcv,44100,1,4.187120,true,true,
真田アサミ,アサ音さな,連続音,_てぃみょぴゅにょきぇれ.wav,research/data/raw/reference/utau-samples/真田アサミ/連続音/_てぃみょぴゅにょきぇれ.wav,_てぃみょぴゅにょきぇれ,,0,vcv,44100,1,4.187120,true,true,
真田アサミ,アサ音さな,連続音,_でぃきゃひゃにゃちゅち.wav,research/data/raw/reference/utau-samples/真田アサミ/連続音/_でぃきゃひゃにゃちゅち.wav,_でぃきゃひゃにゃちゅち,,0,vcv,44100,1,4.187120,true,true,
真田アサミ,アサ音さな,連続音,_でうぁずでぬぎょ.wav,research/data/raw/reference/utau-samples/真田アサミ/連続音/_でうぁずでぬぎょ.wav,_でうぁずでぬぎょ,,0,vcv,44100,1,4.124626,true,true,
真田アサミ,アサ音さな,連続音,_てヴぉつむほぴ.wav,research/data/raw/reference/utau-samples/真田アサミ/連続音/_てヴぉつむほぴ.wav,_てヴぉつむほぴ,,0,vcv,44100,1,4.124626,true,true,
真田アサミ,アサ音さな,連続音,_とぅぐこくばき.wav,research/data/raw/reference/utau-samples/真田アサミ/連続音/_とぅぐこくばき.wav,_とぅぐこくばき,,0,vcv,44100,1,4.124626,true,true,
真田アサミ,アサ音さな,連続音,_とぜぱにりょびゃ.wav,research/data/raw/reference/utau-samples/真田アサミ/連続音/_とぜぱにりょびゃ.wav,_とぜぱにりょびゃ,,0,vcv,44100,1,4.187120,true,true,
真田アサミ,アサ音さな,連続音,_どぅうぁヴぉりぇぴゃぷ.wav,research/data/raw/reference/utau-samples/真田アサミ/連続音/_どぅうぁヴぉりぇぴゃぷ.wav,_どぅうぁヴぉりぇぴゃぷ,,0,vcv,44100,1,4.187120,true,true,
真田アサミ,アサ音さな,連続音,_どたぺじぇざぴゃ.wav,research/data/raw/reference/utau-samples/真田アサミ/連続音/_どたぺじぇざぴゃ.wav,_どたぺじぇざぴゃ,,0,vcv,44100,1,4.187120,true,true,
真田アサミ,アサ音さな,連続音,_なばそずひでぃ.wav,research/data/raw/reference/utau-samples/真田アサミ/連続音/_なばそずひでぃ.wav,_なばそずひでぃ,,0,vcv,44100,1,4.187120,true,true,
真田アサミ,アサ音さな,連続音,_にぇずげねめしぇ.wav,research/data/raw/reference/utau-samples/真田アサミ/連続音/_にぇずげねめしぇ.wav,_にぇずげねめしぇ,,0,vcv,44100,1,4.187120,true,true,
真田アサミ,アサ音さな,連続音,_にすにぇきぇひぇちゅ.wav,research/data/raw/reference/utau-samples/真田アサミ/連続音/_にすにぇきぇひぇちゅ.wav,_にすにぇきぇひぇちゅ,- に,6,vcv,44100,1,4.187120,true,true,
真田アサミ,アサ音さな,連続音,_にゃんごびゅぷけ.wav,research/data/raw/reference/utau-samples/真田アサミ/連続音/_にゃんごびゅぷけ.wav,_にゃんごびゅぷけ,,0,vcv,44100,1,4.187120,true,true,
真田アサミ,アサ音さな,連続音,_にゅどみょしゅぽぷ.wav,research/data/raw/reference/utau-samples/真田アサミ/連続音/_にゅどみょしゅぽぷ.wav,_にゅどみょしゅぽぷ,,0,vcv,44100,1,4.187120,true,true,
真田アサミ,アサ音さな,連続音,_にょんざんぜん.wav,research/data/raw/reference/utau-samples/真田アサミ/連続音/_にょんざんぜん.wav,_にょんざんぜん,,0,vcv,44100,1,4.124626,true,true,
真田アサミ,アサ音さな,連続音,_ぬるつヴひゃひぇ.wav,research/data/raw/reference/utau-samples/真田アサミ/連続音/_ぬるつヴひゃひぇ.wav,_ぬるつヴひゃひぇ,,0,vcv,44100,1,4.187120,true,true,
真田アサミ,アサ音さな,連続音,_ねへじょりゃんう.wav,research/data/raw/reference/utau-samples/真田アサミ/連続音/_ねへじょりゃんう.wav,_ねへじょりゃんう,,0,vcv,44100,1,4.187120,true,true,
真田アサミ,アサ音さな,連続音,_のてでぃらしょヴぇ.wav,research/data/raw/reference/utau-samples/真田アサミ/連続音/_のてでぃらしょヴぇ.wav,_のてでぃらしょヴぇ,,0,vcv,44100,1,4.187120,true,true,
真田アサミ,アサ音さな,連続音,_はしゃいぜびょひゅ.wav,research/data/raw/reference/utau-samples/真田アサミ/連続音/_はしゃいぜびょひゅ.wav,_はしゃいぜびょひゅ,,0,vcv,44100,1,4.187120,true,true,
真田アサミ,アサ音さな,連続音,_ばせてぃびゃうぉじぇ.wav,research/data/raw/reference/utau-samples/真田アサミ/連続音/_ばせてぃびゃうぉじぇ.wav,_ばせてぃびゃうぉじぇ,,0,vcv,44100,1,4.187120,true,true,
真田アサミ,アサ音さな,連続音,_ぱげりょげせしゃ.wav,research/data/raw/reference/utau-samples/真田アサミ/連続音/_ぱげりょげせしゃ.wav,_ぱげりょげせしゃ,,0,vcv,44100,1,4.249615,true,true,
真田アサミ,アサ音さな,連続音,_ひぇちぇにゃりょヴぁにょ.wav,research/data/raw/reference/utau-samples/真田アサミ/連続音/_ひぇちぇにゃりょヴぁにょ.wav,_ひぇちぇにゃりょヴぁにょ,,0,vcv,44100,1,4.187120,true,true,
真田アサミ,アサ音さな,連続音,_ひゃちやひゅうぇぴ.wav,research/data/raw/reference/utau-samples/真田アサミ/連続音/_ひゃちやひゅうぇぴ.wav,_ひゃちやひゅうぇぴ,,0,vcv,44100,1,4.124626,true,true,
真田アサミ,アサ音さな,連続音,_ひゅぬりぇすそぬ.wav,research/data/raw/reference/utau-samples/真田アサミ/連続音/_ひゅぬりぇすそぬ.wav,_ひゅぬりぇすそぬ,- ひゅ,6,vcv,44100,1,4.187120,true,true,
真田アサミ,アサ音さな,連続音,_ひょびぇべびぇてな.wav,research/data/raw/reference/utau-samples/真田アサミ/連続音/_ひょびぇべびぇてな.wav,_ひょびぇべびぇてな,,0,vcv,44100,1,4.187120,true,true,
真田アサミ,アサ音さな,連続音,_ひりゅひぇぺヴぇご.wav,research/data/raw/reference/utau-samples/真田アサミ/連続音/_ひりゅひぇぺヴぇご.wav,_ひりゅひぇぺヴぇご,,0,vcv,44100,1,4.124626,true,true,
真田アサミ,アサ音さな,連続音,_びぇどぅごにぱぽ.wav,research/data/raw/reference/utau-samples/真田アサミ/連続音/_びぇどぅごにぱぽ.wav,_びぇどぅごにぱぽ,,0,vcv,44100,1,4.124626,true,true,
真田アサミ,アサ音さな,連続音,_びひぇんずんどぅ.wav,research/data/raw/reference/utau-samples/真田アサミ/連続音/_びひぇんずんどぅ.wav,_びひぇんずんどぅ,,0,vcv,44100,1,4.124626,true,true,
真田アサミ,アサ音さな,連続音,_びゃうぃにゅぎぇびほ.wav,research/data/raw/reference/utau-samples/真田アサミ/連続音/_びゃうぃにゅぎぇびほ.wav,_びゃうぃにゅぎぇびほ,,0,vcv,44100,1,4.187120,true,true,
真田アサミ,アサ音さな,連続音,_びゅぜほみがぞ.wav,research/data/raw/reference/utau-samples/真田アサミ/連続音/_びゅぜほみがぞ.wav,_びゅぜほみがぞ,,0,vcv,44100,1,4.062132,true,true,
真田アサミ,アサ音さな,連続音,_びょむきヴぁぼうぉ.wav,research/data/raw/reference/utau-samples/真田アサミ/連続音/_びょむきヴぁぼうぉ.wav,_びょむきヴぁぼうぉ,,0,vcv,44100,1,4.187120,true,true,
真田アサミ,アサ音さな,連続音,_ぴぇちょでぃうぉびょぎぇ.wav,research/data/raw/reference/utau-samples/真田アサミ/連続音/_ぴぇちょでぃうぉびょぎぇ.wav,_ぴぇちょでぃうぉびょぎぇ,,0,vcv,44100,1,4.249615,true,true,
真田アサミ,アサ音さな,連続音,_ぴぴとぅぴょおよ.wav,research/data/raw/reference/utau-samples/真田アサミ/連続音/_ぴぴとぅぴょおよ.wav,_ぴぴとぅぴょおよ,,0,vcv,44100,1,4.187120,true,true,
真田アサミ,アサ音さな,連続音,_ぴゃけらるちゅじゅ.wav,research/data/raw/reference/utau-samples/真田アサミ/連続音/_ぴゃけらるちゅじゅ.wav,_ぴゃけらるちゅじゅ,,0,vcv,44100,1,4.124626,true,true,
真田アサミ,アサ音さな,連続音,_ぴゅぴぇじゅだきゅく.wav,research/data/raw/reference/utau-samples/真田アサミ/連続音/_ぴゅぴぇじゅだきゅく.wav,_ぴゅぴぇじゅだきゅく,,0,vcv,44100,1,4.187120,true,true,
真田アサミ,アサ音さな,連続音,_ぴょろやじゃきゃヴぇ.wav,research/data/raw/reference/utau-samples/真田アサミ/連続音/_ぴょろやじゃきゃヴぇ.wav,_ぴょろやじゃきゃヴぇ,,0,vcv,44100,1,4.124626,true,true,
真田アサミ,アサ音さな,連続音,_ふどぅみゅヴぁれり.wav,research/data/raw/reference/utau-samples/真田アサミ/連続音/_ふどぅみゅヴぁれり.wav,_ふどぅみゅヴぁれり,,0,vcv,44100,1,4.124626,true,true,
真田アサミ,アサ音さな,連続音,_ぶかりぽみゃな.wav,research/data/raw/reference/utau-samples/真田アサミ/連続音/_ぶかりぽみゃな.wav,_ぶかりぽみゃな,,0,vcv,44100,1,4.124626,true,true,
真田アサミ,アサ音さな,連続音,_ぷしゃだぱふりゅ.wav,research/data/raw/reference/utau-samples/真田アサミ/連続音/_ぷしゃだぱふりゅ.wav,_ぷしゃだぱふりゅ,,0,vcv,44100,1,4.249615,true,true,
真田アサミ,アサ音さな,連続音,_へじにぇぎょぺぎゃ.wav,research/data/raw/reference/utau-samples/真田アサミ/連続音/_へじにぇぎょぺぎゃ.wav,_へじにぇぎょぺぎゃ,,0,vcv,44100,1,4.124626,true,true,
真田アサミ,アサ音さな,連続音,_べかおぐちぇみ.wav,research/data/raw/reference/utau-samples/真田アサミ/連続音/_べかおぐちぇみ.wav,_べかおぐちぇみ,,0,vcv,44100,1,4.187120,true,true,
真田アサミ,アサ音さな,連続音,_ぺヴぃぎょわとめ.wav,research/data/raw/reference/utau-samples/真田アサミ/連続音/_ぺヴぃぎょわとめ.wav,_ぺヴぃぎょわとめ,,0,vcv,44100,1,4.124626,true,true,
真田アサミ,アサ音さな,連続音,_ほぞぎりおせ.wav,research/data/raw/reference/utau-samples/真田アサミ/連続音/_ほぞぎりおせ.wav,_ほぞぎりおせ,,0,vcv,44100,1,4.187120,true,true,
真田アサミ,アサ音さな,連続音,_ぼひんてにょしょ.wav,research/data/raw/reference/utau-samples/真田アサミ/連続音/_ぼひんてにょしょ.wav,_ぼひんてにょしょ,,0,vcv,44100,1,4.187120,true,true,
真田アサミ,アサ音さな,連続音,_ぽんうぇそんぶ.wav,research/data/raw/reference/utau-samples/真田アサミ/連続音/_ぽんうぇそんぶ.wav,_ぽんうぇそんぶ,,0,vcv,44100,1,4.187120,true,true,
真田アサミ,アサ音さな,連続音,_まヴぃしぇとぅきょは.wav,research/data/raw/reference/utau-samples/真田アサミ/連続音/_まヴぃしぇとぅきょは.wav,_まヴぃしぇとぅきょは,,0,vcv,44100,1,4.187120,true,true,
真田アサミ,アサ音さな,連続音,_みぇぎぇぼぴゃうぁちゃ.wav,research/data/raw/reference/utau-samples/真田アサミ/連続音/_みぇぎぇぼぴゃうぁちゃ.wav,_みぇぎぇぼぴゃうぁちゃ,,0,vcv,44100,1,4.124626,true,true,
真田アサミ,アサ音さな,連続音,_みちょばきぇこちゅ.wav,research/data/raw/reference/utau-samples/真田アサミ/連続音/_みちょばきぇこちゅ.wav,_みちょばきぇこちゅ,,0,vcv,44100,1,4.124626,true,true,
真田アサミ,アサ音さな,連続音,_みゃびゃぜえうぃだ.wav,research/data/raw/reference/utau-samples/真田アサミ/連続音/_みゃびゃぜえうぃだ.wav,_みゃびゃぜえうぃだ,,0,vcv,44100,1,4.187120,true,true,
真田アサミ,アサ音さな,連続音,_みゅりょりゅぞしえ.wav,research/data/raw/reference/utau-samples/真田アサミ/連続音/_みゅりょりゅぞしえ.wav,_みゅりょりゅぞしえ,,0,vcv,44100,1,4.187120,true,true,
真田アサミ,アサ音さな,連続音,_みょだびぇみぇつへ.wav,research/data/raw/reference/utau-samples/真田アサミ/連続音/_みょだびぇみぇつへ.wav,_みょだびぇみぇつへ,,0,vcv,44100,1,4.249615,true,true,
真田アサミ,アサ音さな,連続音,_むきゃでぃばんい.wav,research/data/raw/reference/utau-samples/真田アサミ/連続音/_むきゃでぃばんい.wav,_むきゃでぃばんい,,0,vcv,44100,1,4.187120,true,true,
真田アサミ,アサ音さな,連続音,_めしヴぇげさてぃ.wav,research/data/raw/reference/utau-samples/真田アサミ/連続音/_めしヴぇげさてぃ.wav,_めしヴぇげさてぃ,,0,vcv,44100,1,4.249615,true,true,
真田アサミ,アサ音さな,連続音,_もきびぇヴぁまじぇ.wav,research/data/raw/reference/utau-samples/真田アサミ/連続音/_もきびぇヴぁまじぇ.wav,_もきびぇヴぁまじぇ,,0,vcv,44100,1,4.124626,true,true,
真田アサミ,アサ音さな,連続音,_やねぜきゃみじぇ.wav,research/data/raw/reference/utau-samples/真田アサミ/連続音/_やねぜきゃみじぇ.wav,_やねぜきゃみじぇ,,0,vcv,44100,1,4.187120,true,true,
真田アサミ,アサ音さな,連続音,_ゆみょぴょにゃゆや.wav,research/data/raw/reference/utau-samples/真田アサミ/連続音/_ゆみょぴょにゃゆや.wav,_ゆみょぴょにゃゆや,,0,vcv,44100,1,4.312109,true,true,
真田アサミ,アサ音さな,連続音,_よぽヴぉぴぇとと.wav,research/data/raw/reference/utau-samples/真田アサミ/連続音/_よぽヴぉぴぇとと.wav,_よぽヴぉぴぇとと,,0,vcv,44100,1,4.187120,true,true,
真田アサミ,アサ音さな,連続音,_らんかんへは.wav,research/data/raw/reference/utau-samples/真田アサミ/連続音/_らんかんへは.wav,_らんかんへは,- ら,4,vcv,44100,1,4.187120,true,true,
真田アサミ,アサ音さな,連続音,_りぇぴょちふゆわ.wav,research/data/raw/reference/utau-samples/真田アサミ/連続音/_りぇぴょちふゆわ.wav,_りぇぴょちふゆわ,,0,vcv,44100,1,4.187120,true,true,
真田アサミ,アサ音さな,連続音,_りまんどじゅめ.wav,research/data/raw/reference/utau-samples/真田アサミ/連続音/_りまんどじゅめ.wav,_りまんどじゅめ,,0,vcv,44100,1,4.249615,true,true,
真田アサミ,アサ音さな,連続音,_りゃにゅらぐでぃび.wav,research/data/raw/reference/utau-samples/真田アサミ/連続音/_りゃにゅらぐでぃび.wav,_りゃにゅらぐでぃび,,0,vcv,44100,1,4.124626,true,true,
真田アサミ,アサ音さな,連続音,_りゅしゅぎゅぎゃじぎゅ.wav,research/data/raw/reference/utau-samples/真田アサミ/連続音/_りゅしゅぎゅぎゃじぎゅ.wav,_りゅしゅぎゅぎゃじぎゅ,,0,vcv,44100,1,4.187120,true,true,
真田アサミ,アサ音さな,連続音,_りょでやぎゅじの.wav,research/data/raw/reference/utau-samples/真田アサミ/連続音/_りょでやぎゅじの.wav,_りょでやぎゅじの,,0,vcv,44100,1,4.187120,true,true,
真田アサミ,アサ音さな,連続音,_るれみょががろ.wav,research/data/raw/reference/utau-samples/真田アサミ/連続音/_るれみょががろ.wav,_るれみょががろ,,0,vcv,44100,1,4.124626,true,true,
真田アサミ,アサ音さな,連続音,_れでりゅあすぴゃ.wav,research/data/raw/reference/utau-samples/真田アサミ/連続音/_れでりゅあすぴゃ.wav,_れでりゅあすぴゃ,,0,vcv,44100,1,4.187120,true,true,
真田アサミ,アサ音さな,連続音,_ろいれにひゃきょ.wav,research/data/raw/reference/utau-samples/真田アサミ/連続音/_ろいれにひゃきょ.wav,_ろいれにひゃきょ,- ろ,5,vcv,44100,1,4.124626,true,true,
真田アサミ,アサ音さな,連続音,_わさぴゅろねう.wav,research/data/raw/reference/utau-samples/真田アサミ/連続音/_わさぴゅろねう.wav,_わさぴゅろねう,,0,vcv,44100,1,4.187120,true,true,
真田アサミ,アサ音さな,連続音,_んうぉんにゃんぼ.wav,research/data/raw/reference/utau-samples/真田アサミ/連続音/_んうぉんにゃんぼ.wav,_んうぉんにゃんぼ,,0,vcv,44100,1,4.187120,true,true,
真田アサミ,アサ音さな,連続音,_んえいうぇんとぅ.wav,research/data/raw/reference/utau-samples/真田アサミ/連続音/_んえいうぇんとぅ.wav,_んえいうぇんとぅ,n え,3,vcv,44100,1,4.187120,true,true,
真田アサミ,アサ音さな,連続音,_んおいはんぎゅ.wav,research/data/raw/reference/utau-samples/真田アサミ/連続音/_んおいはんぎゅ.wav,_んおいはんぎゅ,,0,vcv,44100,1,4.124626,true,true,
真田アサミ,アサ音さな,連続音,_んきぇんぎゆん.wav,research/data/raw/reference/utau-samples/真田アサミ/連続音/_んきぇんぎゆん.wav,_んきぇんぎゆん,,0,vcv,44100,1,4.124626,true,true,
真田アサミ,アサ音さな,連続音,_んきゃいにゃんぎょ.wav,research/data/raw/reference/utau-samples/真田アサミ/連続音/_んきゃいにゃんぎょ.wav,_んきゃいにゃんぎょ,,0,vcv,44100,1,4.187120,true,true,
真田アサミ,アサ音さな,連続音,_んきるんむい.wav,research/data/raw/reference/utau-samples/真田アサミ/連続音/_んきるんむい.wav,_んきるんむい,n き,3,vcv,44100,1,4.249615,true,true,
真田アサミ,アサ音さな,連続音,_んぎゃんだいい.wav,research/data/raw/reference/utau-samples/真田アサミ/連続音/_んぎゃんだいい.wav,_んぎゃんだいい,,0,vcv,44100,1,4.124626,true,true,
真田アサミ,アサ音さな,連続音,_んけいぷんじょ.wav,research/data/raw/reference/utau-samples/真田アサミ/連続音/_んけいぷんじょ.wav,_んけいぷんじょ,,0,vcv,44100,1,4.187120,true,true,
真田アサミ,アサ音さな,連続音,_んしぇいきゅんひゃ.wav,research/data/raw/reference/utau-samples/真田アサミ/連続音/_んしぇいきゅんひゃ.wav,_んしぇいきゅんひゃ,n しぇ,3,vcv,44100,1,4.249615,true,true,
真田アサミ,アサ音さな,連続音,_んしょんめんぴょ.wav,research/data/raw/reference/utau-samples/真田アサミ/連続音/_んしょんめんぴょ.wav,_んしょんめんぴょ,,0,vcv,44100,1,4.124626,true,true,
真田アサミ,アサ音さな,連続音,_んじぇんなんしゃ.wav,research/data/raw/reference/utau-samples/真田アサミ/連続音/_んじぇんなんしゃ.wav,_んじぇんなんしゃ,,0,vcv,44100,1,4.187120,true,true,
真田アサミ,アサ音さな,連続音,_んせんみぴゅん.wav,research/data/raw/reference/utau-samples/真田アサミ/連続音/_んせんみぴゅん.wav,_んせんみぴゅん,,0,vcv,44100,1,4.187120,true,true,
真田アサミ,アサ音さな,連続音,_んたいひょんみゃ.wav,research/data/raw/reference/utau-samples/真田アサミ/連続音/_んたいひょんみゃ.wav,_んたいひょんみゃ,n た,3,vcv,44100,1,4.124626,true,true,
真田アサミ,アサ音さな,連続音,_んちじゅんヴん.wav,research/data/raw/reference/utau-samples/真田アサミ/連続音/_んちじゅんヴん.wav,_んちじゅんヴん,,0,vcv,44100,1,4.124626,true,true,
真田アサミ,アサ音さな,連続音,_んちゅんくんじゃ.wav,research/data/raw/reference/utau-samples/真田アサミ/連続音/_んちゅんくんじゃ.wav,_んちゅんくんじゃ,,0,vcv,44100,1,4.187120,true,true,
真田アサミ,アサ音さな,連続音,_んつんゆんみぇ.wav,research/data/raw/reference/utau-samples/真田アサミ/連続音/_んつんゆんみぇ.wav,_んつんゆんみぇ,n つ,3,vcv,44100,1,4.187120,true,true,
真田アサミ,アサ音さな,連続音,_んてぃぴぇんちぇい.wav,research/data/raw/reference/utau-samples/真田アサミ/連続音/_んてぃぴぇんちぇい.wav,_んてぃぴぇんちぇい,,0,vcv,44100,1,4.187120,true,true,
真田アサミ,アサ音さな,連続音,_んでぃみゃんヴぁん.wav,research/data/raw/reference/utau-samples/真田アサミ/連続音/_んでぃみゃんヴぁん.wav,_んでぃみゃんヴぁん,,0,vcv,44100,1,4.187120,true,true,
真田アサミ,アサ音さな,連続音,_んでんねんぴゃ.wav,research/data/raw/reference/utau-samples/真田アサミ/連続音/_んでんねんぴゃ.wav,_んでんねんぴゃ,,0,vcv,44100,1,4.187120,true,true,
真田アサミ,アサ音さな,連続音,_んにけんあい.wav,research/data/raw/reference/utau-samples/真田アサミ/連続音/_んにけんあい.wav,_んにけんあい,n に,3,vcv,44100,1,4.187120,true,true,
真田アサミ,アサ音さな,連続音,_んはんヴぉいべ.wav,research/data/raw/reference/utau-samples/真田アサミ/連続音/_んはんヴぉいべ.wav,_んはんヴぉいべ,,0,vcv,44100,1,4.249615,true,true,
真田アサミ,アサ音さな,連続音,_んばりゅちゃべぷ.wav,research/data/raw/reference/utau-samples/真田アサミ/連続音/_んばりゅちゃべぷ.wav,_んばりゅちゃべぷ,,0,vcv,44100,1,4.187120,true,true,
真田アサミ,アサ音さな,連続音,_んひぇんよんひゅ.wav,research/data/raw/reference/utau-samples/真田アサミ/連続音/_んひぇんよんひゅ.wav,_んひぇんよんひゅ,n ひぇ,3,vcv,44100,1,4.124626,true,true,
真田アサミ,アサ音さな,連続音,_んびむんきょん.wav,research/data/raw/reference/utau-samples/真田アサミ/連続音/_んびむんきょん.wav,_んびむんきょん,,0,vcv,44100,1,4.187120,true,true,
真田アサミ,アサ音さな,連続音,_んびゃんにょんも.wav,research/data/raw/reference/utau-samples/真田アサミ/連続音/_んびゃんにょんも.wav,_んびゃんにょんも,,0,vcv,44100,1,4.187120,true,true,
真田アサミ,アサ音さな,連続音,_んびゅんうぁんら.wav,research/data/raw/reference/utau-samples/真田アサミ/連続音/_んびゅんうぁんら.wav,_んびゅんうぁんら,,0,vcv,44100,1,4.187120,true,true,
真田アサミ,アサ音さな,連続音,_んぴヴぃきょんま.wav,research/data/raw/reference/utau-samples/真田アサミ/連続音/_んぴヴぃきょんま.wav,_んぴヴぃきょんま,,0,vcv,44100,1,4.249615,true,true,
真田アサミ,アサ音さな,連続音,_んふんれんそ.wav,research/data/raw/reference/utau-samples/真田アサミ/連続音/_んふんれんそ.wav,_んふんれんそ,n ふ,3,vcv,44100,1,4.187120,true,true,
真田アサミ,アサ音さな,連続音,_んぷんのいあ.wav,research/data/raw/reference/utau-samples/真田アサミ/連続音/_んぷんのいあ.wav,_んぷんのいあ,,0,vcv,44100,1,4.187120,true,true,
真田アサミ,アサ音さな,連続音,_んべんびょんさ.wav,research/data/raw/reference/utau-samples/真田アサミ/連続音/_んべんびょんさ.wav,_んべんびょんさ,,0,vcv,44100,1,4.187120,true,true,
真田アサミ,アサ音さな,連続音,_んぺいこんうぃ.wav,research/data/raw/reference/utau-samples/真田アサミ/連続音/_んぺいこんうぃ.wav,_んぺいこんうぃ,,0,vcv,44100,1,4.187120,true,true,
真田アサミ,アサ音さな,連続音,_んぽいずんし.wav,research/data/raw/reference/utau-samples/真田アサミ/連続音/_んぽいずんし.wav,_んぽいずんし,,0,vcv,44100,1,4.187120,true,true,
真田アサミ,アサ音さな,連続音,_んみゅんがんりぇ.wav,research/data/raw/reference/utau-samples/真田アサミ/連続音/_んみゅんがんりぇ.wav,_んみゅんがんりぇ,,0,vcv,44100,1,4.187120,true,true,
真田アサミ,アサ音さな,連続音,_んりゃんぞんちゃ.wav,research/data/raw/reference/utau-samples/真田アサミ/連続音/_んりゃんぞんちゃ.wav,_んりゃんぞんちゃ,,0,vcv,44100,1,4.187120,true,true,
真田アサミ,アサ音さな,連続音,_んりゅいげんほ.wav,research/data/raw/reference/utau-samples/真田アサミ/連続音/_んりゅいげんほ.wav,_んりゅいげんほ,,0,vcv,44100,1,4.124626,true,true,
真田アサミ,アサ音さな,連続音,_んるいうぃなん.wav,research/data/raw/reference/utau-samples/真田アサミ/連続音/_んるいうぃなん.wav,_んるいうぃなん,n る,3,vcv,44100,1,4.187120,true,true,
真田アサミ,アサ音さな,連続音,_んわいぐんりょ.wav,research/data/raw/reference/utau-samples/真田アサミ/連続音/_んわいぐんりょ.wav,_んわいぐんりょ,,0,vcv,44100,1,4.187120,true,true,
真田アサミ,アサ音さな,連続音,_んんじゅんぐん.wav,research/data/raw/reference/utau-samples/真田アサミ/連続音/_んんじゅんぐん.wav,_んんじゅんぐん,,0,vcv,44100,1,4.187120,true,true,
真田アサミ,アサ音さな,連続音,_ヴぁんみょんしゅじぇ.wav,research/data/raw/reference/utau-samples/真田アサミ/連続音/_ヴぁんみょんしゅじぇ.wav,_ヴぁんみょんしゅじぇ,,0,vcv,44100,1,4.124626,true,true,
真田アサミ,アサ音さな,連続音,_ヴぃしゃしぇろにゅた.wav,research/data/raw/reference/utau-samples/真田アサミ/連続音/_ヴぃしゃしぇろにゅた.wav,_ヴぃしゃしぇろにゅた,,0,vcv,44100,1,4.124626,true,true,
真田アサミ,アサ音さな,連続音,_ヴぇぴゅいじちゃら.wav,research/data/raw/reference/utau-samples/真田アサミ/連続音/_ヴぇぴゅいじちゃら.wav,_ヴぇぴゅいじちゃら,,0,vcv,44100,1,4.187120,true,true,
真田アサミ,アサ音さな,連続音,_ヴぉるぺどヴざ.wav,research/data/raw/reference/utau-samples/真田アサミ/連続音/_ヴぉるぺどヴざ.wav,_ヴぉるぺどヴざ,,0,vcv,44100,1,4.124626,true,true,
真田アサミ,アサ音さな,連続音,_ヴてぃもぶふひゅ.wav,research/data/raw/reference/utau-samples/真田アサミ/連続音/_ヴてぃもぶふひゅ.wav,_ヴてぃもぶふひゅ,,0,vcv,44100,1,4.124626,true,true,
真田アサミ,アサ音さな,連続音-Vivid,_あめうぇりゃえしょ.wav,research/data/raw/reference/utau-samples/真田アサミ/連続音-Vivid/_あめうぇりゃえしょ.wav,_あめうぇりゃえしょ,- あV,7,vcv,44100,1,4.187120,true,true,
真田アサミ,アサ音さな,連続音-Vivid,_いうぁんヴぃちゅん.wav,research/data/raw/reference/utau-samples/真田アサミ/連続音-Vivid/_いうぁんヴぃちゅん.wav,_いうぁんヴぃちゅん,,0,vcv,44100,1,4.187120,true,true,
真田アサミ,アサ音さな,連続音-Vivid,_いくんぎぇいう.wav,research/data/raw/reference/utau-samples/真田アサミ/連続音-Vivid/_いくんぎぇいう.wav,_いくんぎぇいう,,0,vcv,44100,1,4.249615,true,true,
真田アサミ,アサ音さな,連続音-Vivid,_いざんひどん.wav,research/data/raw/reference/utau-samples/真田アサミ/連続音-Vivid/_いざんひどん.wav,_いざんひどん,,0,vcv,44100,1,4.249615,true,true,
真田アサミ,アサ音さな,連続音-Vivid,_いしみしゅんす.wav,research/data/raw/reference/utau-samples/真田アサミ/連続音-Vivid/_いしみしゅんす.wav,_いしみしゅんす,i しV,4,vcv,44100,1,4.124626,true,true,
真田アサミ,アサ音さな,連続音-Vivid,_いつんこいそ.wav,research/data/raw/reference/utau-samples/真田アサミ/連続音-Vivid/_いつんこいそ.wav,_いつんこいそ,i つV,4,vcv,44100,1,4.124626,true,true,
真田アサミ,アサ音さな,連続音-Vivid,_いでんにぇいびゅ.wav,research/data/raw/reference/utau-samples/真田アサミ/連続音-Vivid/_いでんにぇいびゅ.wav,_いでんにぇいびゅ,,0,vcv,44100,1,4.187120,true,true,
真田アサミ,アサ音さな,連続音-Vivid,_いとんきゅいぶ.wav,research/data/raw/reference/utau-samples/真田アサミ/連続音-Vivid/_いとんきゅいぶ.wav,_いとんきゅいぶ,,0,vcv,44100,1,4.187120,true,true,
真田アサミ,アサ音さな,連続音-Vivid,_いぴゃんじてぃめ.wav,research/data/raw/reference/utau-samples/真田アサミ/連続音-Vivid/_いぴゃんじてぃめ.wav,_いぴゃんじてぃめ,,0,vcv,44100,1,4.187120,true,true,
真田アサミ,アサ音さな,連続音-Vivid,_いみゅがりゃざびょ.wav,research/data/raw/reference/utau-samples/真田アサミ/連続音-Vivid/_いみゅがりゃざびょ.wav,_いみゅがりゃざびょ,,0,vcv,44100,1,4.187120,true,true,
真田アサミ,アサ音さな,連続音-Vivid,_いよんぬいきぇ.wav,research/data/raw/reference/utau-samples/真田アサミ/連続音-Vivid/_いよんぬいきぇ.wav,_いよんぬいきぇ,i よV,3,vcv,44100,1,4.124626,true,true,
真田アサミ,アサ音さな,連続音-Vivid,_いりぇんりたん.wav,research/data/raw/reference/utau-samples/真田アサミ/連続音-Vivid/_いりぇんりたん.wav,_いりぇんりたん,i りぇV,3,vcv,44100,1,4.187120,true,true,
真田アサミ,アサ音さな,連続音-Vivid,_いりゃんひょいぺ.wav,research/data/raw/reference/utau-samples/真田アサミ/連続音-Vivid/_いりゃんひょいぺ.wav,_いりゃんひょいぺ,,0,vcv,44100,1,4.187120,true,true,
真田アサミ,アサ音さな,連続音-Vivid,_いろんぴぇいね.wav,research/data/raw/reference/utau-samples/真田アサミ/連続音-Vivid/_いろんぴぇいね.wav,_いろんぴぇいね,,0,vcv,44100,1,4.249615,true,true,
真田アサミ,アサ音さな,連続音-Vivid,_うぁごびぬはや.wav,research/data/raw/reference/utau-samples/真田アサミ/連続音-Vivid/_うぁごびぬはや.wav,_うぁごびぬはや,,0,vcv,44100,1,4.187120,true,true,
真田アサミ,アサ音さな,連続音-Vivid,_うぃじゃちぇじゃしゅべ.wav,research/data/raw/reference/utau-samples/真田アサミ/連続音-Vivid/_うぃじゃちぇじゃしゅべ.wav,_うぃじゃちぇじゃしゅべ,,0,vcv,44100,1,4.124626,true,true,
真田アサミ,アサ音さな,連続音-Vivid,_うぇぎヴなししょ.wav,research/data/raw/reference/utau-samples/真田アサミ/連続音-Vivid/_うぇぎヴなししょ.wav,_うぇぎヴなししょ,,0,vcv,44100,1,4.187120,true,true,
真田アサミ,アサ音さな,連続音-Vivid,_うぉんやんにゅん.wav,research/data/raw/reference/utau-samples/真田アサミ/連続音-Vivid/_うぉんやんにゅん.wav,_うぉんやんにゅん,- うぉV,4,vcv,44100,1,4.187120,true,true,
真田アサミ,アサ音さな,連続音-Vivid,_うよぎゅじょれぐ.wav,research/data/raw/reference/utau-samples/真田アサミ/連続音-Vivid/_うよぎゅじょれぐ.wav,_うよぎゅじょれぐ,,0,vcv,44100,1,4.187120,true,true,
真田アサミ,アサ音さな,連続音-Vivid,_えぴぇちびょちぇん.wav,research/data/raw/reference/utau-samples/真田アサミ/連続音-Vivid/_えぴぇちびょちぇん.wav,_えぴぇちびょちぇん,,0,vcv,44100,1,4.187120,true,true,
真田アサミ,アサ音さな,連続音-Vivid,_おどぅヴぃござで.wav,research/data/raw/reference/utau-samples/真田アサミ/連続音-Vivid/_おどぅヴぃござで.wav,_おどぅヴぃござで,,0,vcv,44100,1,4.187120,true,true,
真田アサミ,アサ音さな,連続音-Vivid,_かにぇよべにぇひゅ.wav,research/data/raw/reference/utau-samples/真田アサミ/連続音-Vivid/_かにぇよべにぇひゅ.wav,_かにぇよべにぇひゅ,,0,vcv,44100,1,4.187120,true,true,
真田アサミ,アサ音さな,連続音-Vivid,_がうぇいぴょひょぎゃ.wav,research/data/raw/reference/utau-samples/真田アサミ/連続音-Vivid/_がうぇいぴょひょぎゃ.wav,_がうぇいぴょひょぎゃ,,0,vcv,44100,1,4.187120,true,true,
真田アサミ,アサ音さな,連続音-Vivid,_きぇのきゅにゅおあ.wav,research/data/raw/reference/utau-samples/真田アサミ/連続音-Vivid/_きぇのきゅにゅおあ.wav,_きぇのきゅにゅおあ,- きぇV,8,vcv,44100,1,4.124626,true,true,
真田アサミ,アサ音さな,連続音-Vivid,_きぎぇわぎにぎゃ.wav,research/data/raw/reference/utau-samples/真田アサミ/連続音-Vivid/_きぎぇわぎにぎゃ.wav,_きぎぇわぎにぎゃ,,0,vcv,44100,1,4.249615,true,true,
真田アサミ,アサ音さな,連続音-Vivid,_きゃぴぇぞもみゅびぇ.wav,research/data/raw/reference/utau-samples/真田アサミ/連続音-Vivid/_きゃぴぇぞもみゅびぇ.wav,_きゃぴぇぞもみゅびぇ,,0,vcv,44100,1,4.187120,true,true,
真田アサミ,アサ音さな,連続音-Vivid,_きゅんちょんヴぇうぉ.wav,research/data/raw/reference/utau-samples/真田アサミ/連続音-Vivid/_きゅんちょんヴぇうぉ.wav,_きゅんちょんヴぇうぉ,,0,vcv,44100,1,4.249615,true,true,
真田アサミ,アサ音さな,連続音-Vivid,_きょとぅびゅびかう.wav,research/data/raw/reference/utau-samples/真田アサミ/連続音-Vivid/_きょとぅびゅびかう.wav,_きょとぅびゅびかう,,0,vcv,44100,1,4.187120,true,true,
真田アサミ,アサ音さな,連続音-Vivid,_ぎぇりぇばひへく.wav,research/data/raw/reference/utau-samples/真田アサミ/連続音-Vivid/_ぎぇりぇばひへく.wav,_ぎぇりぇばひへく,,0,vcv,44100,1,4.187120,true,true,
真田アサミ,アサ音さな,連続音-Vivid,_ぎぎきちぇみゅえ.wav,research/data/raw/reference/utau-samples/真田アサミ/連続音-Vivid/_ぎぎきちぇみゅえ.wav,_ぎぎきちぇみゅえ,,0,vcv,44100,1,4.187120,true,true,
真田アサミ,アサ音さな,連続音-Vivid,_ぎゃてちゃヴびょちゃ.wav,research/data/raw/reference/utau-samples/真田アサミ/連続音-Vivid/_ぎゃてちゃヴびょちゃ.wav,_ぎゃてちゃヴびょちゃ,,0,vcv,44100,1,4.187120,true,true,
真田アサミ,アサ音さな,連続音-Vivid,_ぎゅびゃみゃじゅりゃぴ.wav,research/data/raw/reference/utau-samples/真田アサミ/連続音-Vivid/_ぎゅびゃみゃじゅりゃぴ.wav,_ぎゅびゃみゃじゅりゃぴ,,0,vcv,44100,1,4.187120,true,true,
真田アサミ,アサ音さな,連続音-Vivid,_ぎょじゃんぱんと.wav,research/data/raw/reference/utau-samples/真田アサミ/連続音-Vivid/_ぎょじゃんぱんと.wav,_ぎょじゃんぱんと,,0,vcv,44100,1,4.249615,true,true,
真田アサミ,アサ音さな,連続音-Vivid,_くちょんげけむ.wav,research/data/raw/reference/utau-samples/真田アサミ/連続音-Vivid/_くちょんげけむ.wav,_くちょんげけむ,,0,vcv,44100,1,4.187120,true,true,
真田アサミ,アサ音さな,連続音-Vivid,_ぐぱじょほヴぃにょ.wav,research/data/raw/reference/utau-samples/真田アサミ/連続音-Vivid/_ぐぱじょほヴぃにょ.wav,_ぐぱじょほヴぃにょ,,0,vcv,44100,1,4.187120,true,true,
真田アサミ,アサ音さな,連続音-Vivid,_けゆぼうぃぞぼ.wav,research/data/raw/reference/utau-samples/真田アサミ/連続音-Vivid/_けゆぼうぃぞぼ.wav,_けゆぼうぃぞぼ,,0,vcv,44100,1,4.187120,true,true,
真田アサミ,アサ音さな,連続音-Vivid,_げしゅきゅみじょり.wav,research/data/raw/reference/utau-samples/真田アサミ/連続音-Vivid/_げしゅきゅみじょり.wav,_げしゅきゅみじょり,,0,vcv,44100,1,4.187120,true,true,
真田アサミ,アサ音さな,連続音-Vivid,_こなほしゃこひぇ.wav,research/data/raw/reference/utau-samples/真田アサミ/連続音-Vivid/_こなほしゃこひぇ.wav,_こなほしゃこひぇ,- こV,7,vcv,44100,1,4.187120,true,true,
真田アサミ,アサ音さな,連続音-Vivid,_ごさみゅのえひ.wav,research/data/raw/reference/utau-samples/真田アサミ/連続音-Vivid/_ごさみゅのえひ.wav,_ごさみゅのえひ,,0,vcv,44100,1,4.187120,true,true,
真田アサミ,アサ音さな,連続音-Vivid,_さわひょそゆぎ.wav,research/data/raw/reference/utau-samples/真田アサミ/連続音-Vivid/_さわひょそゆぎ.wav,_さわひょそゆぎ,,0,vcv,44100,1,4.187120,true,true,
真田アサミ,アサ音さな,連続音-Vivid,_ざぎゃとぅうとぅね.wav,research/data/raw/reference/utau-samples/真田アサミ/連続音-Vivid/_ざぎゃとぅうとぅね.wav,_ざぎゃとぅうとぅね,,0,vcv,44100,1,4.187120,true,true,
真田アサミ,アサ音さな,連続音-Vivid,_しぇぎゅにどぅひょこ.wav,research/data/raw/reference/utau-samples/真田アサミ/連続音-Vivid/_しぇぎゅにどぅひょこ.wav,_しぇぎゅにどぅひょこ,,0,vcv,44100,1,4.187120,true,true,
真田アサミ,アサ音さな,連続音-Vivid,_してぶしぇだの.wav,research/data/raw/reference/utau-samples/真田アサミ/連続音-Vivid/_してぶしぇだの.wav,_してぶしぇだの,,0,vcv,44100,1,4.124626,true,true,
真田アサミ,アサ音さな,連続音-Vivid,_しゃぎょごへたよ.wav,research/data/raw/reference/utau-samples/真田アサミ/連続音-Vivid/_しゃぎょごへたよ.wav,_しゃぎょごへたよ,,0,vcv,44100,1,4.187120,true,true,
真田アサミ,アサ音さな,連続音-Vivid,_しゅしょしぇあどぱ.wav,research/data/raw/reference/utau-samples/真田アサミ/連続音-Vivid/_しゅしょしぇあどぱ.wav,_しゅしょしぇあどぱ,,0,vcv,44100,1,4.187120,true,true,
真田アサミ,アサ音さな,連続音-Vivid,_しょじヴぉまたあ.wav,research/data/raw/reference/utau-samples/真田アサミ/連続音-Vivid/_しょじヴぉまたあ.wav,_しょじヴぉまたあ,,0,vcv,44100,1,4.124626,true,true,
真田アサミ,アサ音さな,連続音-Vivid,_じぇまびゅてもけ.wav,research/data/raw/reference/utau-samples/真田アサミ/連続音-Vivid/_じぇまびゅてもけ.wav,_じぇまびゅてもけ,,0,vcv,44100,1,4.124626,true,true,
真田アサミ,アサ音さな,連続音-Vivid,_じひせおんびぇ.wav,research/data/raw/reference/utau-samples/真田アサミ/連続音-Vivid/_じひせおんびぇ.wav,_じひせおんびぇ,,0,vcv,44100,1,4.187120,true,true,
真田アサミ,アサ音さな,連続音-Vivid,_じゃへヴヴぉぎょど.wav,research/data/raw/reference/utau-samples/真田アサミ/連続音-Vivid/_じゃへヴヴぉぎょど.wav,_じゃへヴヴぉぎょど,,0,vcv,44100,1,4.187120,true,true,
真田アサミ,アサ音さな,連続音-Vivid,_じゅずとてぃさむ.wav,research/data/raw/reference/utau-samples/真田アサミ/連続音-Vivid/_じゅずとてぃさむ.wav,_じゅずとてぃさむ,,0,vcv,44100,1,4.187120,true,true,
真田アサミ,アサ音さな,連続音-Vivid,_じょりょひゃかちょす.wav,research/data/raw/reference/utau-samples/真田アサミ/連続音-Vivid/_じょりょひゃかちょす.wav,_じょりょひゃかちょす,,0,vcv,44100,1,4.187120,true,true,
真田アサミ,アサ音さな,連続音-Vivid,_すりひゅにゃくす.wav,research/data/raw/reference/utau-samples/真田アサミ/連続音-Vivid/_すりひゅにゃくす.wav,_すりひゅにゃくす,- すV,7,vcv,44100,1,4.124626,true,true,
真田アサミ,アサ音さな,連続音-Vivid,_ずぴちぼのじょ.wav,research/data/raw/reference/utau-samples/真田アサミ/連続音-Vivid/_ずぴちぼのじょ.wav,_ずぴちぼのじょ,,0,vcv,44100,1,4.187120,true,true,
真田アサミ,アサ音さな,連続音-Vivid,_せにゅまもふし.wav,research/data/raw/reference/utau-samples/真田アサミ/連続音-Vivid/_せにゅまもふし.wav,_せにゅまもふし,- せV,7,vcv,44100,1,4.124626,true,true,
真田アサミ,アサ音さな,連続音-Vivid,_ぜみゃぴょうみぇひゃ.wav,research/data/raw/reference/utau-samples/真田アサミ/連続音-Vivid/_ぜみゃぴょうみぇひゃ.wav,_ぜみゃぴょうみぇひゃ,,0,vcv,44100,1,4.187120,true,true,
真田アサミ,アサ音さな,連続音-Vivid,_そらはみぇきょきゃ.wav,research/data/raw/reference/utau-samples/真田アサミ/連続音-Vivid/_そらはみぇきょきゃ.wav,_そらはみぇきょきゃ,- そV,7,vcv,44100,1,4.187120,true,true,
真田アサミ,アサ音さな,連続音-Vivid,_ぞかどぅきぇがりぇ.wav,research/data/raw/reference/utau-samples/真田アサミ/連続音-Vivid/_ぞかどぅきぇがりぇ.wav,_ぞかどぅきぇがりぇ,,0,vcv,44100,1,4.187120,true,true,
真田アサミ,アサ音さな,連続音-Vivid,_たんぴゅぴゅさん.wav,research/data/raw/reference/utau-samples/真田アサミ/連続音-Vivid/_たんぴゅぴゅさん.wav,_たんぴゅぴゅさん,,0,vcv,44100,1,4.187120,true,true,
真田アサミ,アサ音さな,連続音-Vivid,_だみょうぇるうぉん.wav,research/data/raw/reference/utau-samples/真田アサミ/連続音-Vivid/_だみょうぇるうぉん.wav,_だみょうぇるうぉん,,0,vcv,44100,1,4.187120,true,true,
真田アサミ,アサ音さな,連続音-Vivid,_ちぇびゃぶみゃぎぇふ.wav,research/data/raw/reference/utau-samples/真田アサミ/連続音-Vivid/_ちぇびゃぶみゃぎぇふ.wav,_ちぇびゃぶみゃぎぇふ,,0,vcv,44100,1,4.187120,true,true,
真田アサミ,アサ音さな,連続音-Vivid,_ちゃつじゃびみぇき.wav,research/data/raw/reference/utau-samples/真田アサミ/連続音-Vivid/_ちゃつじゃびみぇき.wav,_ちゃつじゃびみぇき,,0,vcv,44100,1,4.187120,true,true,
真田アサミ,アサ音さな,連続音-Vivid,_ちゅんろきょうぁヴぁ.wav,research/data/raw/reference/utau-samples/真田アサミ/連続音-Vivid/_ちゅんろきょうぁヴぁ.wav,_ちゅんろきょうぁヴぁ,,0,vcv,44100,1,4.187120,true,true,
真田アサミ,アサ音さな,連続音-Vivid,_ちょちょにぇびゅせひょ.wav,research/data/raw/reference/utau-samples/真田アサミ/連続音-Vivid/_ちょちょにぇびゅせひょ.wav,_ちょちょにぇびゅせひょ,,0,vcv,44100,1,4.187120,true,true,
真田アサミ,アサ音さな,連続音-Vivid,_ちわぬぶヴぇぽ.wav,research/data/raw/reference/utau-samples/真田アサミ/連続音-Vivid/_ちわぬぶヴぇぽ.wav,_ちわぬぶヴぇぽ,,0,vcv,44100,1,4.249615,true,true,
真田アサミ,アサ音さな,連続音-Vivid,_つもにょみぇきゅうぃ.wav,research/data/raw/reference/utau-samples/真田アサミ/連続音-Vivid/_つもにょみぇきゅうぃ.wav,_つもにょみぇきゅうぃ,- つV,7,vcv,44100,1,4.187120,true,true,
真田アサミ,アサ音さな,連続音-Vivid,_てぃみょぴゅにょきぇれ.wav,research/data/raw/reference/utau-samples/真田アサミ/連続音-Vivid/_てぃみょぴゅにょきぇれ.wav,_てぃみょぴゅにょきぇれ,,0,vcv,44100,1,4.187120,true,true,
真田アサミ,アサ音さな,連続音-Vivid,_でぃきゃひゃにゃちゅち.wav,research/data/raw/reference/utau-samples/真田アサミ/連続音-Vivid/_でぃきゃひゃにゃちゅち.wav,_でぃきゃひゃにゃちゅち,,0,vcv,44100,1,4.187120,true,true,
真田アサミ,アサ音さな,連続音-Vivid,_でうぁずでぬぎょ.wav,research/data/raw/reference/utau-samples/真田アサミ/連続音-Vivid/_でうぁずでぬぎょ.wav,_でうぁずでぬぎょ,,0,vcv,44100,1,4.124626,true,true,
真田アサミ,アサ音さな,連続音-Vivid,_てヴぉつむほぴ.wav,research/data/raw/reference/utau-samples/真田アサミ/連続音-Vivid/_てヴぉつむほぴ.wav,_てヴぉつむほぴ,,0,vcv,44100,1,4.187120,true,true,
真田アサミ,アサ音さな,連続音-Vivid,_とぅぐこくばき.wav,research/data/raw/reference/utau-samples/真田アサミ/連続音-Vivid/_とぅぐこくばき.wav,_とぅぐこくばき,,0,vcv,44100,1,4.124626,true,true,
真田アサミ,アサ音さな,連続音-Vivid,_とぜぱにりょびゃ.wav,research/data/raw/reference/utau-samples/真田アサミ/連続音-Vivid/_とぜぱにりょびゃ.wav,_とぜぱにりょびゃ,,0,vcv,44100,1,4.124626,true,true,
真田アサミ,アサ音さな,連続音-Vivid,_どぅうぁヴぉりぇぴゃぷ.wav,research/data/raw/reference/utau-samples/真田アサミ/連続音-Vivid/_どぅうぁヴぉりぇぴゃぷ.wav,_どぅうぁヴぉりぇぴゃぷ,,0,vcv,44100,1,4.187120,true,true,
真田アサミ,アサ音さな,連続音-Vivid,_どたぺじぇざぴゃ.wav,research/data/raw/reference/utau-samples/真田アサミ/連続音-Vivid/_どたぺじぇざぴゃ.wav,_どたぺじぇざぴゃ,,0,vcv,44100,1,4.187120,true,true,
真田アサミ,アサ音さな,連続音-Vivid,_なばそずひでぃ.wav,research/data/raw/reference/utau-samples/真田アサミ/連続音-Vivid/_なばそずひでぃ.wav,_なばそずひでぃ,,0,vcv,44100,1,4.187120,true,true,
真田アサミ,アサ音さな,連続音-Vivid,_にぇずげねめしぇ.wav,research/data/raw/reference/utau-samples/真田アサミ/連続音-Vivid/_にぇずげねめしぇ.wav,_にぇずげねめしぇ,,0,vcv,44100,1,4.124626,true,true,
真田アサミ,アサ音さな,連続音-Vivid,_にすにぇきぇひぇちゅ.wav,research/data/raw/reference/utau-samples/真田アサミ/連続音-Vivid/_にすにぇきぇひぇちゅ.wav,_にすにぇきぇひぇちゅ,- にV,7,vcv,44100,1,4.187120,true,true,
真田アサミ,アサ音さな,連続音-Vivid,_にゃんごびゅぷけ.wav,research/data/raw/reference/utau-samples/真田アサミ/連続音-Vivid/_にゃんごびゅぷけ.wav,_にゃんごびゅぷけ,,0,vcv,44100,1,4.249615,true,true,
真田アサミ,アサ音さな,連続音-Vivid,_にゅどみょしゅぽぷ.wav,research/data/raw/reference/utau-samples/真田アサミ/連続音-Vivid/_にゅどみょしゅぽぷ.wav,_にゅどみょしゅぽぷ,,0,vcv,44100,1,4.187120,true,true,
真田アサミ,アサ音さな,連続音-Vivid,_にょんざんぜん.wav,research/data/raw/reference/utau-samples/真田アサミ/連続音-Vivid/_にょんざんぜん.wav,_にょんざんぜん,,0,vcv,44100,1,4.187120,true,true,
真田アサミ,アサ音さな,連続音-Vivid,_ぬるつヴひゃひぇ.wav,research/data/raw/reference/utau-samples/真田アサミ/連続音-Vivid/_ぬるつヴひゃひぇ.wav,_ぬるつヴひゃひぇ,,0,vcv,44100,1,4.187120,true,true,
真田アサミ,アサ音さな,連続音-Vivid,_ねへじょりゃんう.wav,research/data/raw/reference/utau-samples/真田アサミ/連続音-Vivid/_ねへじょりゃんう.wav,_ねへじょりゃんう,,0,vcv,44100,1,4.124626,true,true,
真田アサミ,アサ音さな,連続音-Vivid,_のてでぃらしょヴぇ.wav,research/data/raw/reference/utau-samples/真田アサミ/連続音-Vivid/_のてでぃらしょヴぇ.wav,_のてでぃらしょヴぇ,,0,vcv,44100,1,4.187120,true,true,
真田アサミ,アサ音さな,連続音-Vivid,_はしゃいぜびょひゅ.wav,research/data/raw/reference/utau-samples/真田アサミ/連続音-Vivid/_はしゃいぜびょひゅ.wav,_はしゃいぜびょひゅ,,0,vcv,44100,1,4.187120,true,true,
真田アサミ,アサ音さな,連続音-Vivid,_ばせてぃびゃうぉじぇ.wav,research/data/raw/reference/utau-samples/真田アサミ/連続音-Vivid/_ばせてぃびゃうぉじぇ.wav,_ばせてぃびゃうぉじぇ,,0,vcv,44100,1,4.124626,true,true,
真田アサミ,アサ音さな,連続音-Vivid,_ぱげりょげせしゃ.wav,research/data/raw/reference/utau-samples/真田アサミ/連続音-Vivid/_ぱげりょげせしゃ.wav,_ぱげりょげせしゃ,,0,vcv,44100,1,4.187120,true,true,
真田アサミ,アサ音さな,連続音-Vivid,_ひぇちぇにゃりょヴぁにょ.wav,research/data/raw/reference/utau-samples/真田アサミ/連続音-Vivid/_ひぇちぇにゃりょヴぁにょ.wav,_ひぇちぇにゃりょヴぁにょ,,0,vcv,44100,1,4.187120,true,true,
真田アサミ,アサ音さな,連続音-Vivid,_ひゃちやひゅうぇぴ.wav,research/data/raw/reference/utau-samples/真田アサミ/連続音-Vivid/_ひゃちやひゅうぇぴ.wav,_ひゃちやひゅうぇぴ,,0,vcv,44100,1,4.249615,true,true,
真田アサミ,アサ音さな,連続音-Vivid,_ひゅぬりぇすそぬ.wav,research/data/raw/reference/utau-samples/真田アサミ/連続音-Vivid/_ひゅぬりぇすそぬ.wav,_ひゅぬりぇすそぬ,- ひゅV,7,vcv,44100,1,4.187120,true,true,
真田アサミ,アサ音さな,連続音-Vivid,_ひょびぇべびぇてな.wav,research/data/raw/reference/utau-samples/真田アサミ/連続音-Vivid/_ひょびぇべびぇてな.wav,_ひょびぇべびぇてな,,0,vcv,44100,1,4.187120,true,true,
真田アサミ,アサ音さな,連続音-Vivid,_ひりゅひぇぺヴぇご.wav,research/data/raw/reference/utau-samples/真田アサミ/連続音-Vivid/_ひりゅひぇぺヴぇご.wav,_ひりゅひぇぺヴぇご,,0,vcv,44100,1,4.187120,true,true,
真田アサミ,アサ音さな,連続音-Vivid,_びぇどぅごにぱぽ.wav,research/data/raw/reference/utau-samples/真田アサミ/連続音-Vivid/_びぇどぅごにぱぽ.wav,_びぇどぅごにぱぽ,,0,vcv,44100,1,4.124626,true,true,
真田アサミ,アサ音さな,連続音-Vivid,_びひぇんずんどぅ.wav,research/data/raw/reference/utau-samples/真田アサミ/連続音-Vivid/_びひぇんずんどぅ.wav,_びひぇんずんどぅ,,0,vcv,44100,1,4.124626,true,true,
真田アサミ,アサ音さな,連続音-Vivid,_びゃうぃにゅぎぇびほ.wav,research/data/raw/reference/utau-samples/真田アサミ/連続音-Vivid/_びゃうぃにゅぎぇびほ.wav,_びゃうぃにゅぎぇびほ,,0,vcv,44100,1,4.187120,true,true,
真田アサミ,アサ音さな,連続音-Vivid,_びゅぜほみがぞ.wav,research/data/raw/reference/utau-samples/真田アサミ/連続音-Vivid/_びゅぜほみがぞ.wav,_びゅぜほみがぞ,,0,vcv,44100,1,4.249615,true,true,
真田アサミ,アサ音さな,連続音-Vivid,_びょむきヴぁぼうぉ.wav,research/data/raw/reference/utau-samples/真田アサミ/連続音-Vivid/_びょむきヴぁぼうぉ.wav,_びょむきヴぁぼうぉ,,0,vcv,44100,1,4.124626,true,true,
真田アサミ,アサ音さな,連続音-Vivid,_ぴぇちょでぃうぉびょぎぇ.wav,research/data/raw/reference/utau-samples/真田アサミ/連続音-Vivid/_ぴぇちょでぃうぉびょぎぇ.wav,_ぴぇちょでぃうぉびょぎぇ,,0,vcv,44100,1,4.187120,true,true,
真田アサミ,アサ音さな,連続音-Vivid,_ぴぴとぅぴょおよ.wav,research/data/raw/reference/utau-samples/真田アサミ/連続音-Vivid/_ぴぴとぅぴょおよ.wav,_ぴぴとぅぴょおよ,,0,vcv,44100,1,4.249615,true,true,
真田アサミ,アサ音さな,連続音-Vivid,_ぴゃけらるちゅじゅ.wav,research/data/raw/reference/utau-samples/真田アサミ/連続音-Vivid/_ぴゃけらるちゅじゅ.wav,_ぴゃけらるちゅじゅ,,0,vcv,44100,1,4.187120,true,true,
真田アサミ,アサ音さな,連続音-Vivid,_ぴゅぴぇじゅだきゅく.wav,research/data/raw/reference/utau-samples/真田アサミ/連続音-Vivid/_ぴゅぴぇじゅだきゅく.wav,_ぴゅぴぇじゅだきゅく,,0,vcv,44100,1,4.124626,true,true,
真田アサミ,アサ音さな,連続音-Vivid,_ぴょろやじゃきゃヴぇ.wav,research/data/raw/reference/utau-samples/真田アサミ/連続音-Vivid/_ぴょろやじゃきゃヴぇ.wav,_ぴょろやじゃきゃヴぇ,,0,vcv,44100,1,4.187120,true,true,
真田アサミ,アサ音さな,連続音-Vivid,_ふどぅみゅヴぁれり.wav,research/data/raw/reference/utau-samples/真田アサミ/連続音-Vivid/_ふどぅみゅヴぁれり.wav,_ふどぅみゅヴぁれり,,0,vcv,44100,1,4.187120,true,true,
真田アサミ,アサ音さな,連続音-Vivid,_ぶかりぽみゃな.wav,research/data/raw/reference/utau-samples/真田アサミ/連続音-Vivid/_ぶかりぽみゃな.wav,_ぶかりぽみゃな,,0,vcv,44100,1,4.187120,true,true,
真田アサミ,アサ音さな,連続音-Vivid,_ぷしゃだぱふりゅ.wav,research/data/raw/reference/utau-samples/真田アサミ/連続音-Vivid/_ぷしゃだぱふりゅ.wav,_ぷしゃだぱふりゅ,,0,vcv,44100,1,4.249615,true,true,
真田アサミ,アサ音さな,連続音-Vivid,_へじにぇぎょぺぎゃ.wav,research/data/raw/reference/utau-samples/真田アサミ/連続音-Vivid/_へじにぇぎょぺぎゃ.wav,_へじにぇぎょぺぎゃ,,0,vcv,44100,1,4.249615,true,true,
真田アサミ,アサ音さな,連続音-Vivid,_べかおぐちぇみ.wav,research/data/raw/reference/utau-samples/真田アサミ/連続音-Vivid/_べかおぐちぇみ.wav,_べかおぐちぇみ,,0,vcv,44100,1,4.187120,true,true,
真田アサミ,アサ音さな,連続音-Vivid,_ぺヴぃぎょわとめ.wav,research/data/raw/reference/utau-samples/真田アサミ/連続音-Vivid/_ぺヴぃぎょわとめ.wav,_ぺヴぃぎょわとめ,,0,vcv,44100,1,4.187120,true,true,
真田アサミ,アサ音さな,連続音-Vivid,_ほぞぎりおせ.wav,research/data/raw/reference/utau-samples/真田アサミ/連続音-Vivid/_ほぞぎりおせ.wav,_ほぞぎりおせ,,0,vcv,44100,1,4.249615,true,true,
真田アサミ,アサ音さな,連続音-Vivid,_ぼひんてにょしょ.wav,research/data/raw/reference/utau-samples/真田アサミ/連続音-Vivid/_ぼひんてにょしょ.wav,_ぼひんてにょしょ,,0,vcv,44100,1,4.124626,true,true,
真田アサミ,アサ音さな,連続音-Vivid,_ぽんうぇそんぶ.wav,research/data/raw/reference/utau-samples/真田アサミ/連続音-Vivid/_ぽんうぇそんぶ.wav,_ぽんうぇそんぶ,,0,vcv,44100,1,4.187120,true,true,
真田アサミ,アサ音さな,連続音-Vivid,_まヴぃしぇとぅきょは.wav,research/data/raw/reference/utau-samples/真田アサミ/連続音-Vivid/_まヴぃしぇとぅきょは.wav,_まヴぃしぇとぅきょは,,0,vcv,44100,1,4.249615,true,true,
真田アサミ,アサ音さな,連続音-Vivid,_みぇぎぇぼぴゃうぁちゃ.wav,research/data/raw/reference/utau-samples/真田アサミ/連続音-Vivid/_みぇぎぇぼぴゃうぁちゃ.wav,_みぇぎぇぼぴゃうぁちゃ,,0,vcv,44100,1,4.187120,true,true,
真田アサミ,アサ音さな,連続音-Vivid,_みちょばきぇこちゅ.wav,research/data/raw/reference/utau-samples/真田アサミ/連続音-Vivid/_みちょばきぇこちゅ.wav,_みちょばきぇこちゅ,,0,vcv,44100,1,4.187120,true,true,
真田アサミ,アサ音さな,連続音-Vivid,_みゃびゃぜえうぃだ.wav,research/data/raw/reference/utau-samples/真田アサミ/連続音-Vivid/_みゃびゃぜえうぃだ.wav,_みゃびゃぜえうぃだ,,0,vcv,44100,1,4.187120,true,true,
真田アサミ,アサ音さな,連続音-Vivid,_みゅりょりゅぞしえ.wav,research/data/raw/reference/utau-samples/真田アサミ/連続音-Vivid/_みゅりょりゅぞしえ.wav,_みゅりょりゅぞしえ,,0,vcv,44100,1,4.187120,true,true,
真田アサミ,アサ音さな,連続音-Vivid,_みょだびぇみぇつへ.wav,research/data/raw/reference/utau-samples/真田アサミ/連続音-Vivid/_みょだびぇみぇつへ.wav,_みょだびぇみぇつへ,,0,vcv,44100,1,4.187120,true,true,
真田アサミ,アサ音さな,連続音-Vivid,_むきゃでぃばんい.wav,research/data/raw/reference/utau-samples/真田アサミ/連続音-Vivid/_むきゃでぃばんい.wav,_むきゃでぃばんい,,0,vcv,44100,1,4.187120,true,true,
真田アサミ,アサ音さな,連続音-Vivid,_めしヴぇげさてぃ.wav,research/data/raw/reference/utau-samples/真田アサミ/連続音-Vivid/_めしヴぇげさてぃ.wav,_めしヴぇげさてぃ,,0,vcv,44100,1,4.249615,true,true,
真田アサミ,アサ音さな,連続音-Vivid,_もきびぇヴぁまじぇ.wav,research/data/raw/reference/utau-samples/真田アサミ/連続音-Vivid/_もきびぇヴぁまじぇ.wav,_もきびぇヴぁまじぇ,,0,vcv,44100,1,4.124626,true,true,
真田アサミ,アサ音さな,連続音-Vivid,_やねぜきゃみじぇ.wav,research/data/raw/reference/utau-samples/真田アサミ/連続音-Vivid/_やねぜきゃみじぇ.wav,_やねぜきゃみじぇ,,0,vcv,44100,1,4.187120,true,true,
真田アサミ,アサ音さな,連続音-Vivid,_ゆみょぴょにゃゆや.wav,research/data/raw/reference/utau-samples/真田アサミ/連続音-Vivid/_ゆみょぴょにゃゆや.wav,_ゆみょぴょにゃゆや,,0,vcv,44100,1,4.249615,true,true,
真田アサミ,アサ音さな,連続音-Vivid,_よぽヴぉぴぇとと.wav,research/data/raw/reference/utau-samples/真田アサミ/連続音-Vivid/_よぽヴぉぴぇとと.wav,_よぽヴぉぴぇとと,,0,vcv,44100,1,4.187120,true,true,
真田アサミ,アサ音さな,連続音-Vivid,_らんかんへは.wav,research/data/raw/reference/utau-samples/真田アサミ/連続音-Vivid/_らんかんへは.wav,_らんかんへは,- らV,5,vcv,44100,1,4.124626,true,true,
真田アサミ,アサ音さな,連続音-Vivid,_りぇぴょちふゆわ.wav,research/data/raw/reference/utau-samples/真田アサミ/連続音-Vivid/_りぇぴょちふゆわ.wav,_りぇぴょちふゆわ,,0,vcv,44100,1,4.124626,true,true,
真田アサミ,アサ音さな,連続音-Vivid,_りまんどじゅめ.wav,research/data/raw/reference/utau-samples/真田アサミ/連続音-Vivid/_りまんどじゅめ.wav,_りまんどじゅめ,,0,vcv,44100,1,4.187120,true,true,
真田アサミ,アサ音さな,連続音-Vivid,_りゃにゅらぐでぃび.wav,research/data/raw/reference/utau-samples/真田アサミ/連続音-Vivid/_りゃにゅらぐでぃび.wav,_りゃにゅらぐでぃび,,0,vcv,44100,1,4.187120,true,true,
真田アサミ,アサ音さな,連続音-Vivid,_りゅしゅぎゅぎゃじぎゅ.wav,research/data/raw/reference/utau-samples/真田アサミ/連続音-Vivid/_りゅしゅぎゅぎゃじぎゅ.wav,_りゅしゅぎゅぎゃじぎゅ,,0,vcv,44100,1,4.249615,true,true,
真田アサミ,アサ音さな,連続音-Vivid,_りょでやぎゅじの.wav,research/data/raw/reference/utau-samples/真田アサミ/連続音-Vivid/_りょでやぎゅじの.wav,_りょでやぎゅじの,,0,vcv,44100,1,4.124626,true,true,
真田アサミ,アサ音さな,連続音-Vivid,_るれみょががろ.wav,research/data/raw/reference/utau-samples/真田アサミ/連続音-Vivid/_るれみょががろ.wav,_るれみょががろ,,0,vcv,44100,1,4.124626,true,true,
真田アサミ,アサ音さな,連続音-Vivid,_れでりゅあすぴゃ.wav,research/data/raw/reference/utau-samples/真田アサミ/連続音-Vivid/_れでりゅあすぴゃ.wav,_れでりゅあすぴゃ,,0,vcv,44100,1,4.187120,true,true,
真田アサミ,アサ音さな,連続音-Vivid,_ろいれにひゃきょ.wav,research/data/raw/reference/utau-samples/真田アサミ/連続音-Vivid/_ろいれにひゃきょ.wav,_ろいれにひゃきょ,- ろV,6,vcv,44100,1,4.124626,true,true,
真田アサミ,アサ音さな,連続音-Vivid,_わさぴゅろねう.wav,research/data/raw/reference/utau-samples/真田アサミ/連続音-Vivid/_わさぴゅろねう.wav,_わさぴゅろねう,,0,vcv,44100,1,4.187120,true,true,
真田アサミ,アサ音さな,連続音-Vivid,_んうぉんにゃんぼ.wav,research/data/raw/reference/utau-samples/真田アサミ/連続音-Vivid/_んうぉんにゃんぼ.wav,_んうぉんにゃんぼ,,0,vcv,44100,1,4.249615,true,true,
真田アサミ,アサ音さな,連続音-Vivid,_んえいうぇんとぅ.wav,research/data/raw/reference/utau-samples/真田アサミ/連続音-Vivid/_んえいうぇんとぅ.wav,_んえいうぇんとぅ,n えV,3,vcv,44100,1,4.187120,true,true,
真田アサミ,アサ音さな,連続音-Vivid,_んおいはんぎゅ.wav,research/data/raw/reference/utau-samples/真田アサミ/連続音-Vivid/_んおいはんぎゅ.wav,_んおいはんぎゅ,,0,vcv,44100,1,4.249615,true,true,
真田アサミ,アサ音さな,連続音-Vivid,_んきぇんぎゆん.wav,research/data/raw/reference/utau-samples/真田アサミ/連続音-Vivid/_んきぇんぎゆん.wav,_んきぇんぎゆん,,0,vcv,44100,1,4.249615,true,true,
真田アサミ,アサ音さな,連続音-Vivid,_んきゃいにゃんぎょ.wav,research/data/raw/reference/utau-samples/真田アサミ/連続音-Vivid/_んきゃいにゃんぎょ.wav,_んきゃいにゃんぎょ,,0,vcv,44100,1,4.187120,true,true,
真田アサミ,アサ音さな,連続音-Vivid,_んきるんむい.wav,research/data/raw/reference/utau-samples/真田アサミ/連続音-Vivid/_んきるんむい.wav,_んきるんむい,n きV,3,vcv,44100,1,4.249615,true,true,
真田アサミ,アサ音さな,連続音-Vivid,_んぎゃんだいい.wav,research/data/raw/reference/utau-samples/真田アサミ/連続音-Vivid/_んぎゃんだいい.wav,_んぎゃんだいい,,0,vcv,44100,1,4.249615,true,true,
真田アサミ,アサ音さな,連続音-Vivid,_んけいぷんじょ.wav,research/data/raw/reference/utau-samples/真田アサミ/連続音-Vivid/_んけいぷんじょ.wav,_んけいぷんじょ,,0,vcv,44100,1,4.187120,true,true,
真田アサミ,アサ音さな,連続音-Vivid,_んしぇいきゅんひゃ.wav,research/data/raw/reference/utau-samples/真田アサミ/連続音-Vivid/_んしぇいきゅんひゃ.wav,_んしぇいきゅんひゃ,n しぇV,3,vcv,44100,1,4.124626,true,true,
真田アサミ,アサ音さな,連続音-Vivid,_んしょんめんぴょ.wav,research/data/raw/reference/utau-samples/真田アサミ/連続音-Vivid/_んしょんめんぴょ.wav,_んしょんめんぴょ,,0,vcv,44100,1,4.187120,true,true,
真田アサミ,アサ音さな,連続音-Vivid,_んじぇんなんしゃ.wav,research/data/raw/reference/utau-samples/真田アサミ/連続音-Vivid/_んじぇんなんしゃ.wav,_んじぇんなんしゃ,,0,vcv,44100,1,4.124626,true,true,
真田アサミ,アサ音さな,連続音-Vivid,_んせんみぴゅん.wav,research/data/raw/reference/utau-samples/真田アサミ/連続音-Vivid/_んせんみぴゅん.wav,_んせんみぴゅん,,0,vcv,44100,1,4.124626,true,true,
真田アサミ,アサ音さな,連続音-Vivid,_んたいひょんみゃ.wav,research/data/raw/reference/utau-samples/真田アサミ/連続音-Vivid/_んたいひょんみゃ.wav,_んたいひょんみゃ,n たV,3,vcv,44100,1,4.187120,true,true,
真田アサミ,アサ音さな,連続音-Vivid,_んちじゅんヴん.wav,research/data/raw/reference/utau-samples/真田アサミ/連続音-Vivid/_んちじゅんヴん.wav,_んちじゅんヴん,,0,vcv,44100,1,4.187120,true,true,
真田アサミ,アサ音さな,連続音-Vivid,_んちゅんくんじゃ.wav,research/data/raw/reference/utau-samples/真田アサミ/連続音-Vivid/_んちゅんくんじゃ.wav,_んちゅんくんじゃ,,0,vcv,44100,1,4.249615,true,true,
真田アサミ,アサ音さな,連続音-Vivid,_んつんゆんみぇ.wav,research/data/raw/reference/utau-samples/真田アサミ/連続音-Vivid/_んつんゆんみぇ.wav,_んつんゆんみぇ,n つV,3,vcv,44100,1,4.187120,true,true,
真田アサミ,アサ音さな,連続音-Vivid,_んてぃぴぇんちぇい.wav,research/data/raw/reference/utau-samples/真田アサミ/連続音-Vivid/_んてぃぴぇんちぇい.wav,_んてぃぴぇんちぇい,,0,vcv,44100,1,4.124626,true,true,
真田アサミ,アサ音さな,連続音-Vivid,_んでぃみゃんヴぁん.wav,research/data/raw/reference/utau-samples/真田アサミ/連続音-Vivid/_んでぃみゃんヴぁん.wav,_んでぃみゃんヴぁん,,0,vcv,44100,1,4.187120,true,true,
真田アサミ,アサ音さな,連続音-Vivid,_んでんねんぴゃ.wav,research/data/raw/reference/utau-samples/真田アサミ/連続音-Vivid/_んでんねんぴゃ.wav,_んでんねんぴゃ,,0,vcv,44100,1,4.249615,true,true,
真田アサミ,アサ音さな,連続音-Vivid,_んにけんあい.wav,research/data/raw/reference/utau-samples/真田アサミ/連続音-Vivid/_んにけんあい.wav,_んにけんあい,n にV,3,vcv,44100,1,4.187120,true,true,
真田アサミ,アサ音さな,連続音-Vivid,_んはんヴぉいべ.wav,research/data/raw/reference/utau-samples/真田アサミ/連続音-Vivid/_んはんヴぉいべ.wav,_んはんヴぉいべ,,0,vcv,44100,1,4.124626,true,true,
真田アサミ,アサ音さな,連続音-Vivid,_んばりゅちゃべぷ.wav,research/data/raw/reference/utau-samples/真田アサミ/連続音-Vivid/_んばりゅちゃべぷ.wav,_んばりゅちゃべぷ,,0,vcv,44100,1,4.187120,true,true,
真田アサミ,アサ音さな,連続音-Vivid,_んひぇんよんひゅ.wav,research/data/raw/reference/utau-samples/真田アサミ/連続音-Vivid/_んひぇんよんひゅ.wav,_んひぇんよんひゅ,n ひぇV,3,vcv,44100,1,4.249615,true,true,
真田アサミ,アサ音さな,連続音-Vivid,_んびむんきょん.wav,research/data/raw/reference/utau-samples/真田アサミ/連続音-Vivid/_んびむんきょん.wav,_んびむんきょん,,0,vcv,44100,1,4.187120,true,true,
真田アサミ,アサ音さな,連続音-Vivid,_んびゃんにょんも.wav,research/data/raw/reference/utau-samples/真田アサミ/連続音-Vivid/_んびゃんにょんも.wav,_んびゃんにょんも,,0,vcv,44100,1,4.187120,true,true,
真田アサミ,アサ音さな,連続音-Vivid,_んびゅんうぁんら.wav,research/data/raw/reference/utau-samples/真田アサミ/連続音-Vivid/_んびゅんうぁんら.wav,_んびゅんうぁんら,,0,vcv,44100,1,4.187120,true,true,
真田アサミ,アサ音さな,連続音-Vivid,_んぴヴぃきょんま.wav,research/data/raw/reference/utau-samples/真田アサミ/連続音-Vivid/_んぴヴぃきょんま.wav,_んぴヴぃきょんま,,0,vcv,44100,1,4.124626,true,true,
真田アサミ,アサ音さな,連続音-Vivid,_んふんれんそ.wav,research/data/raw/reference/utau-samples/真田アサミ/連続音-Vivid/_んふんれんそ.wav,_んふんれんそ,n ふV,3,vcv,44100,1,4.187120,true,true,
真田アサミ,アサ音さな,連続音-Vivid,_んぷんのいあ.wav,research/data/raw/reference/utau-samples/真田アサミ/連続音-Vivid/_んぷんのいあ.wav,_んぷんのいあ,,0,vcv,44100,1,4.187120,true,true,
真田アサミ,アサ音さな,連続音-Vivid,_んべんびょんさ.wav,research/data/raw/reference/utau-samples/真田アサミ/連続音-Vivid/_んべんびょんさ.wav,_んべんびょんさ,,0,vcv,44100,1,4.249615,true,true,
真田アサミ,アサ音さな,連続音-Vivid,_んぺいこんうぃ.wav,research/data/raw/reference/utau-samples/真田アサミ/連続音-Vivid/_んぺいこんうぃ.wav,_んぺいこんうぃ,,0,vcv,44100,1,4.249615,true,true,
真田アサミ,アサ音さな,連続音-Vivid,_んぽいずんし.wav,research/data/raw/reference/utau-samples/真田アサミ/連続音-Vivid/_んぽいずんし.wav,_んぽいずんし,,0,vcv,44100,1,4.187120,true,true,
真田アサミ,アサ音さな,連続音-Vivid,_んみゅんがんりぇ.wav,research/data/raw/reference/utau-samples/真田アサミ/連続音-Vivid/_んみゅんがんりぇ.wav,_んみゅんがんりぇ,,0,vcv,44100,1,4.124626,true,true,
真田アサミ,アサ音さな,連続音-Vivid,_んりゃんぞんちゃ.wav,research/data/raw/reference/utau-samples/真田アサミ/連続音-Vivid/_んりゃんぞんちゃ.wav,_んりゃんぞんちゃ,,0,vcv,44100,1,4.187120,true,true,
真田アサミ,アサ音さな,連続音-Vivid,_んりゅいげんほ.wav,research/data/raw/reference/utau-samples/真田アサミ/連続音-Vivid/_んりゅいげんほ.wav,_んりゅいげんほ,,0,vcv,44100,1,4.124626,true,true,
真田アサミ,アサ音さな,連続音-Vivid,_んるいうぃなん.wav,research/data/raw/reference/utau-samples/真田アサミ/連続音-Vivid/_んるいうぃなん.wav,_んるいうぃなん,n るV,3,vcv,44100,1,4.187120,true,true,
真田アサミ,アサ音さな,連続音-Vivid,_んわいぐんりょ.wav,research/data/raw/reference/utau-samples/真田アサミ/連続音-Vivid/_んわいぐんりょ.wav,_んわいぐんりょ,,0,vcv,44100,1,4.187120,true,true,
真田アサミ,アサ音さな,連続音-Vivid,_んんじゅんぐん.wav,research/data/raw/reference/utau-samples/真田アサミ/連続音-Vivid/_んんじゅんぐん.wav,_んんじゅんぐん,,0,vcv,44100,1,4.187120,true,true,
真田アサミ,アサ音さな,連続音-Vivid,_ヴぁんみょんしゅじぇ.wav,research/data/raw/reference/utau-samples/真田アサミ/連続音-Vivid/_ヴぁんみょんしゅじぇ.wav,_ヴぁんみょんしゅじぇ,,0,vcv,44100,1,4.249615,true,true,
真田アサミ,アサ音さな,連続音-Vivid,_ヴぃしゃしぇろにゅた.wav,research/data/raw/reference/utau-samples/真田アサミ/連続音-Vivid/_ヴぃしゃしぇろにゅた.wav,_ヴぃしゃしぇろにゅた,,0,vcv,44100,1,4.187120,true,true,
真田アサミ,アサ音さな,連続音-Vivid,_ヴぇぴゅいじちゃら.wav,research/data/raw/reference/utau-samples/真田アサミ/連続音-Vivid/_ヴぇぴゅいじちゃら.wav,_ヴぇぴゅいじちゃら,,0,vcv,44100,1,4.187120,true,true,
真田アサミ,アサ音さな,連続音-Vivid,_ヴぉるぺどヴざ.wav,research/data/raw/reference/utau-samples/真田アサミ/連続音-Vivid/_ヴぉるぺどヴざ.wav,_ヴぉるぺどヴざ,,0,vcv,44100,1,4.187120,true,true,
真田アサミ,アサ音さな,連続音-Vivid,_ヴてぃもぶふひゅ.wav,research/data/raw/reference/utau-samples/真田アサミ/連続音-Vivid/_ヴてぃもぶふひゅ.wav,_ヴてぃもぶふひゅ,,0,vcv,44100,1,4.124626,true,true,
転少女（コロスケ）,転音コロ,単独音,あ.wav,research/data/raw/reference/utau-samples/転少女（コロスケ）/単独音/あ.wav,あ,,1,vowel,44100,1,1.134331,true,true,
転少女（コロスケ）,転音コロ,単独音,い.wav,research/data/raw/reference/utau-samples/転少女（コロスケ）/単独音/い.wav,い,,1,vowel,44100,1,1.411111,true,true,
転少女（コロスケ）,転音コロ,単独音,いぇ.wav,research/data/raw/reference/utau-samples/転少女（コロスケ）/単独音/いぇ.wav,いぇ,,1,cv,44100,1,1.340000,true,true,
転少女（コロスケ）,転音コロ,単独音,う.wav,research/data/raw/reference/utau-samples/転少女（コロスケ）/単独音/う.wav,う,,1,vowel,44100,1,1.380023,true,true,
転少女（コロスケ）,転音コロ,単独音,うぃ.wav,research/data/raw/reference/utau-samples/転少女（コロスケ）/単独音/うぃ.wav,うぃ,,1,cv,44100,1,0.880023,true,true,
転少女（コロスケ）,転音コロ,単独音,うぇ.wav,research/data/raw/reference/utau-samples/転少女（コロスケ）/単独音/うぇ.wav,うぇ,,1,cv,44100,1,0.960023,true,true,
転少女（コロスケ）,転音コロ,単独音,うぉ.wav,research/data/raw/reference/utau-samples/転少女（コロスケ）/単独音/うぉ.wav,うぉ,,1,cv,44100,1,0.940023,true,true,
転少女（コロスケ）,転音コロ,単独音,え.wav,research/data/raw/reference/utau-samples/転少女（コロスケ）/単独音/え.wav,え,,1,vowel,44100,1,1.280000,true,true,
転少女（コロスケ）,転音コロ,単独音,お.wav,research/data/raw/reference/utau-samples/転少女（コロスケ）/単独音/お.wav,お,を,1,vowel,44100,1,1.000023,true,true,
転少女（コロスケ）,転音コロ,単独音,か.wav,research/data/raw/reference/utau-samples/転少女（コロスケ）/単独音/か.wav,か,,1,cv,44100,1,1.080023,true,true,
転少女（コロスケ）,転音コロ,単独音,が.wav,research/data/raw/reference/utau-samples/転少女（コロスケ）/単独音/が.wav,が,,0,cv,44100,1,0.880023,true,true,
転少女（コロスケ）,転音コロ,単独音,き.wav,research/data/raw/reference/utau-samples/転少女（コロスケ）/単独音/き.wav,き,,1,cv,44100,1,1.160023,true,true,
転少女（コロスケ）,転音コロ,単独音,きぇ.wav,research/data/raw/reference/utau-samples/転少女（コロスケ）/単独音/きぇ.wav,きぇ,,1,cv,44100,1,1.080045,true,true,
転少女（コロスケ）,転音コロ,単独音,きゃ.wav,research/data/raw/reference/utau-samples/転少女（コロスケ）/単独音/きゃ.wav,きゃ,,1,cv,44100,1,1.060000,true,true,
転少女（コロスケ）,転音コロ,単独音,きゅ.wav,research/data/raw/reference/utau-samples/転少女（コロスケ）/単独音/きゅ.wav,きゅ,,1,cv,44100,1,1.040023,true,true,
転少女（コロスケ）,転音コロ,単独音,きょ.wav,research/data/raw/reference/utau-samples/転少女（コロスケ）/単独音/きょ.wav,きょ,,1,cv,44100,1,1.060045,true,true,
転少女（コロスケ）,転音コロ,単独音,ぎ.wav,research/data/raw/reference/utau-samples/転少女（コロスケ）/単独音/ぎ.wav,ぎ,,0,cv,44100,1,0.960023,true,true,
転少女（コロスケ）,転音コロ,単独音,ぎぇ.wav,research/data/raw/reference/utau-samples/転少女（コロスケ）/単独音/ぎぇ.wav,ぎぇ,,0,cv,44100,1,1.020000,true,true,
転少女（コロスケ）,転音コロ,単独音,ぎゃ.wav,research/data/raw/reference/utau-samples/転少女（コロスケ）/単独音/ぎゃ.wav,ぎゃ,,0,cv,44100,1,1.060023,true,true,
転少女（コロスケ）,転音コロ,単独音,ぎゅ.wav,research/data/raw/reference/utau-samples/転少女（コロスケ）/単独音/ぎゅ.wav,ぎゅ,,0,cv,44100,1,1.060023,true,true,
転少女（コロスケ）,転音コロ,単独音,ぎょ.wav,research/data/raw/reference/utau-samples/転少女（コロスケ）/単独音/ぎょ.wav,ぎょ,,0,cv,44100,1,0.980023,true,true,
転少女（コロスケ）,転音コロ,単独音,く.wav,research/data/raw/reference/utau-samples/転少女（コロスケ）/単独音/く.wav,く,,1,cv,44100,1,1.120023,true,true,
転少女（コロスケ）,転音コロ,単独音,くぁ.wav,research/data/raw/reference/utau-samples/転少女（コロスケ）/単独音/くぁ.wav,くぁ,,1,cv,44100,1,1.020023,true,true,
転少女（コロスケ）,転音コロ,単独音,くぃ.wav,research/data/raw/reference/utau-samples/転少女（コロスケ）/単独音/くぃ.wav,くぃ,,1,cv,44100,1,0.940023,true,true,
転少女（コロスケ）,転音コロ,単独音,くぇ.wav,research/data/raw/reference/utau-samples/転少女（コロスケ）/単独音/くぇ.wav,くぇ,,1,cv,44100,1,1.020023,true,true,
転少女（コロスケ）,転音コロ,単独音,くぉ.wav,research/data/raw/reference/utau-samples/転少女（コロスケ）/単独音/くぉ.wav,くぉ,,1,cv,44100,1,1.140023,true,true,
転少女（コロスケ）,転音コロ,単独音,ぐ.wav,research/data/raw/reference/utau-samples/転少女（コロスケ）/単独音/ぐ.wav,ぐ,,0,cv,44100,1,0.940023,true,true,
転少女（コロスケ）,転音コロ,単独音,ぐぁ.wav,research/data/raw/reference/utau-samples/転少女（コロスケ）/単独音/ぐぁ.wav,ぐぁ,,0,cv,44100,1,0.960023,true,true,
転少女（コロスケ）,転音コロ,単独音,ぐぃ.wav,research/data/raw/reference/utau-samples/転少女（コロスケ）/単独音/ぐぃ.wav,ぐぃ,,0,cv,44100,1,0.980023,true,true,
転少女（コロスケ）,転音コロ,単独音,ぐぇ.wav,research/data/raw/reference/utau-samples/転少女（コロスケ）/単独音/ぐぇ.wav,ぐぇ,,0,cv,44100,1,0.980023,true,true,
転少女（コロスケ）,転音コロ,単独音,ぐぉ.wav,research/data/raw/reference/utau-samples/転少女（コロスケ）/単独音/ぐぉ.wav,ぐぉ,,0,cv,44100,1,0.920023,true,true,
転少女（コロスケ）,転音コロ,単独音,け.wav,research/data/raw/reference/utau-samples/転少女（コロスケ）/単独音/け.wav,け,,1,cv,44100,1,1.220023,true,true,
転少女（コロスケ）,転音コロ,単独音,げ.wav,research/data/raw/reference/utau-samples/転少女（コロスケ）/単独音/げ.wav,げ,,0,cv,44100,1,1.020023,true,true,
転少女（コロスケ）,転音コロ,単独音,こ.wav,research/data/raw/reference/utau-samples/転少女（コロスケ）/単独音/こ.wav,こ,,1,cv,44100,1,1.220023,true,true,
転少女（コロスケ）,転音コロ,単独音,ご.wav,research/data/raw/reference/utau-samples/転少女（コロスケ）/単独音/ご.wav,ご,,0,cv,44100,1,0.960023,true,true,
転少女（コロスケ）,転音コロ,単独音,さ.wav,research/data/raw/reference/utau-samples/転少女（コロスケ）/単独音/さ.wav,さ,,1,cv,44100,1,1.180023,true,true,
転少女（コロスケ）,転音コロ,単独音,ざ.wav,research/data/raw/reference/utau-samples/転少女（コロスケ）/単独音/ざ.wav,ざ,,0,cv,44100,1,1.120023,true,true,
転少女（コロスケ）,転音コロ,単独音,し.wav,research/data/raw/reference/utau-samples/転少女（コロスケ）/単独音/し.wav,し,,1,cv,44100,1,1.426576,true,true,
転少女（コロスケ）,転音コロ,単独音,しぇ.wav,research/data/raw/reference/utau-samples/転少女（コロスケ）/単独音/しぇ.wav,しぇ,,1,cv,44100,1,1.240023,true,true,
転少女（コロスケ）,転音コロ,単独音,しゃ.wav,research/data/raw/reference/utau-samples/転少女（コロスケ）/単独音/しゃ.wav,しゃ,,1,cv,44100,1,1.200023,true,true,
転少女（コロスケ）,転音コロ,単独音,しゅ.wav,research/data/raw/reference/utau-samples/転少女（コロスケ）/単独音/しゅ.wav,しゅ,,1,cv,44100,1,1.260023,true,true,
転少女（コロスケ）,転音コロ,単独音,しょ.wav,research/data/raw/reference/utau-samples/転少女（コロスケ）/単独音/しょ.wav,しょ,,1,cv,44100,1,1.180023,true,true,
転少女（コロスケ）,転音コロ,単独音,じ.wav,research/data/raw/reference/utau-samples/転少女（コロスケ）/単独音/じ.wav,じ,,0,cv,44100,1,1.140023,true,true,
転少女（コロスケ）,転音コロ,単独音,じぇ.wav,research/data/raw/reference/utau-samples/転少女（コロスケ）/単独音/じぇ.wav,じぇ,,0,cv,44100,1,1.120023,true,true,
転少女（コロスケ）,転音コロ,単独音,じゃ.wav,research/data/raw/reference/utau-samples/転少女（コロスケ）/単独音/じゃ.wav,じゃ,,0,cv,44100,1,0.980023,true,true,
転少女（コロスケ）,転音コロ,単独音,じゅ.wav,research/data/raw/reference/utau-samples/転少女（コロスケ）/単独音/じゅ.wav,じゅ,,0,cv,44100,1,1.060023,true,true,
転少女（コロスケ）,転音コロ,単独音,じょ.wav,research/data/raw/reference/utau-samples/転少女（コロスケ）/単独音/じょ.wav,じょ,,0,cv,44100,1,1.160023,true,true,
転少女（コロスケ）,転音コロ,単独音,す.wav,research/data/raw/reference/utau-samples/転少女（コロスケ）/単独音/す.wav,す,,1,cv,44100,1,1.520023,true,true,
転少女（コロスケ）,転音コロ,単独音,すぃ.wav,research/data/raw/reference/utau-samples/転少女（コロスケ）/単独音/すぃ.wav,すぃ,,1,cv,44100,1,1.160023,true,true,
転少女（コロスケ）,転音コロ,単独音,ず.wav,research/data/raw/reference/utau-samples/転少女（コロスケ）/単独音/ず.wav,ず,,0,cv,44100,1,1.140023,true,true,
転少女（コロスケ）,転音コロ,単独音,ずぃ.wav,research/data/raw/reference/utau-samples/転少女（コロスケ）/単独音/ずぃ.wav,ずぃ,,0,cv,44100,1,0.960023,true,true,
転少女（コロスケ）,転音コロ,単独音,せ.wav,research/data/raw/reference/utau-samples/転少女（コロスケ）/単独音/せ.wav,せ,,1,cv,44100,1,1.420023,true,true,
転少女（コロスケ）,転音コロ,単独音,ぜ.wav,research/data/raw/reference/utau-samples/転少女（コロスケ）/単独音/ぜ.wav,ぜ,,0,cv,44100,1,1.140023,true,true,
転少女（コロスケ）,転音コロ,単独音,そ.wav,research/data/raw/reference/utau-samples/転少女（コロスケ）/単独音/そ.wav,そ,,1,cv,44100,1,1.380023,true,true,
転少女（コロスケ）,転音コロ,単独音,ぞ.wav,research/data/raw/reference/utau-samples/転少女（コロスケ）/単独音/ぞ.wav,ぞ,,0,cv,44100,1,1.200045,true,true,
転少女（コロスケ）,転音コロ,単独音,た.wav,research/data/raw/reference/utau-samples/転少女（コロスケ）/単独音/た.wav,た,,1,cv,44100,1,1.220023,true,true,
転少女（コロスケ）,転音コロ,単独音,だ.wav,research/data/raw/reference/utau-samples/転少女（コロスケ）/単独音/だ.wav,だ,,0,cv,44100,1,1.040023,true,true,
転少女（コロスケ）,転音コロ,単独音,ち.wav,research/data/raw/reference/utau-samples/転少女（コロスケ）/単独音/ち.wav,ち,,1,cv,44100,1,1.380023,true,true,
転少女（コロスケ）,転音コロ,単独音,ちぇ.wav,research/data/raw/reference/utau-samples/転少女（コロスケ）/単独音/ちぇ.wav,ちぇ,,1,cv,44100,1,1.140023,true,true,
転少女（コロスケ）,転音コロ,単独音,ちゃ.wav,research/data/raw/reference/utau-samples/転少女（コロスケ）/単独音/ちゃ.wav,ちゃ,,1,cv,44100,1,1.040023,true,true,
転少女（コロスケ）,転音コロ,単独音,ちゅ.wav,research/data/raw/reference/utau-samples/転少女（コロスケ）/単独音/ちゅ.wav,ちゅ,,1,cv,44100,1,1.080023,true,true,
転少女（コロスケ）,転音コロ,単独音,ちょ.wav,research/data/raw/reference/utau-samples/転少女（コロスケ）/単独音/ちょ.wav,ちょ,,1,cv,44100,1,1.180023,true,true,
転少女（コロスケ）,転音コロ,単独音,ぢ.wav,research/data/raw/reference/utau-samples/転少女（コロスケ）/単独音/ぢ.wav,ぢ,,0,cv,44100,1,1.160023,true,true,
転少女（コロスケ）,転音コロ,単独音,ぢぇ.wav,research/data/raw/reference/utau-samples/転少女（コロスケ）/単独音/ぢぇ.wav,ぢぇ,,0,cv,44100,1,1.040023,true,true,
転少女（コロスケ）,転音コロ,単独音,ぢゃ.wav,research/data/raw/reference/utau-samples/転少女（コロスケ）/単独音/ぢゃ.wav,ぢゃ,,0,cv,44100,1,1.100045,true,true,
転少女（コロスケ）,転音コロ,単独音,ぢゅ.wav,research/data/raw/reference/utau-samples/転少女（コロスケ）/単独音/ぢゅ.wav,ぢゅ,,0,cv,44100,1,1.120023,true,true,
転少女（コロスケ）,転音コロ,単独音,ぢょ.wav,research/data/raw/reference/utau-samples/転少女（コロスケ）/単独音/ぢょ.wav,ぢょ,,0,cv,44100,1,1.060023,true,true,
転少女（コロスケ）,転音コロ,単独音,つ.wav,research/data/raw/reference/utau-samples/転少女（コロスケ）/単独音/つ.wav,つ,,1,cv,44100,1,1.420023,true,true,
転少女（コロスケ）,転音コロ,単独音,つぁ.wav,research/data/raw/reference/utau-samples/転少女（コロスケ）/単独音/つぁ.wav,つぁ,,1,cv,44100,1,1.080023,true,true,
転少女（コロスケ）,転音コロ,単独音,つぃ.wav,research/data/raw/reference/utau-samples/転少女（コロスケ）/単独音/つぃ.wav,つぃ,,1,cv,44100,1,1.120045,true,true,
転少女（コロスケ）,転音コロ,単独音,つぇ.wav,research/data/raw/reference/utau-samples/転少女（コロスケ）/単独音/つぇ.wav,つぇ,,1,cv,44100,1,1.140023,true,true,
転少女（コロスケ）,転音コロ,単独音,つぉ.wav,research/data/raw/reference/utau-samples/転少女（コロスケ）/単独音/つぉ.wav,つぉ,,1,cv,44100,1,1.140023,true,true,
転少女（コロスケ）,転音コロ,単独音,づ.wav,research/data/raw/reference/utau-samples/転少女（コロスケ）/単独音/づ.wav,づ,,0,cv,44100,1,1.180023,true,true,
転少女（コロスケ）,転音コロ,単独音,づぁ.wav,research/data/raw/reference/utau-samples/転少女（コロスケ）/単独音/づぁ.wav,づぁ,,0,cv,44100,1,1.020023,true,true,
転少女（コロスケ）,転音コロ,単独音,づぃ.wav,research/data/raw/reference/utau-samples/転少女（コロスケ）/単独音/づぃ.wav,づぃ,,0,cv,44100,1,0.980023,true,true,
転少女（コロスケ）,転音コロ,単独音,づぇ.wav,research/data/raw/reference/utau-samples/転少女（コロスケ）/単独音/づぇ.wav,づぇ,,0,cv,44100,1,1.060023,true,true,
転少女（コロスケ）,転音コロ,単独音,づぉ.wav,research/data/raw/reference/utau-samples/転少女（コロスケ）/単独音/づぉ.wav,づぉ,,0,cv,44100,1,0.940023,true,true,
転少女（コロスケ）,転音コロ,単独音,て.wav,research/data/raw/reference/utau-samples/転少女（コロスケ）/単独音/て.wav,て,,1,cv,44100,1,1.260023,true,true,
転少女（コロスケ）,転音コロ,単独音,てぃ.wav,research/data/raw/reference/utau-samples/転少女（コロスケ）/単独音/てぃ.wav,てぃ,,1,cv,44100,1,0.940023,true,true,
転少女（コロスケ）,転音コロ,単独音,てゅ.wav,research/data/raw/reference/utau-samples/転少女（コロスケ）/単独音/てゅ.wav,てゅ,,1,cv,44100,1,1.000023,true,true,
転少女（コロスケ）,転音コロ,単独音,で.wav,research/data/raw/reference/utau-samples/転少女（コロスケ）/単独音/で.wav,で,,0,cv,44100,1,1.140023,true,true,
転少女（コロスケ）,転音コロ,単独音,でぃ.wav,research/data/raw/reference/utau-samples/転少女（コロスケ）/単独音/でぃ.wav,でぃ,,0,cv,44100,1,1.020023,true,true,
転少女（コロスケ）,転音コロ,単独音,でゅ.wav,research/data/raw/reference/utau-samples/転少女（コロスケ）/単独音/でゅ.wav,でゅ,,0,cv,44100,1,1.160023,true,true,
転少女（コロスケ）,転音コロ,単独音,と.wav,research/data/raw/reference/utau-samples/転少女（コロスケ）/単独音/と.wav,と,,1,cv,44100,1,1.340023,true,true,
転少女（コロスケ）,転音コロ,単独音,とぅ.wav,research/data/raw/reference/utau-samples/転少女（コロスケ）/単独音/とぅ.wav,とぅ,,1,cv,44100,1,1.160023,true,true,
転少女（コロスケ）,転音コロ,単独音,ど.wav,research/data/raw/reference/utau-samples/転少女（コロスケ）/単独音/ど.wav,ど,,0,cv,44100,1,1.240023,true,true,
転少女（コロスケ）,転音コロ,単独音,どぅ.wav,research/data/raw/reference/utau-samples/転少女（コロスケ）/単独音/どぅ.wav,どぅ,,0,cv,44100,1,1.140023,true,true,
転少女（コロスケ）,転音コロ,単独音,な.wav,research/data/raw/reference/utau-samples/転少女（コロスケ）/単独音/な.wav,な,,1,cv,44100,1,1.120023,true,true,
転少女（コロスケ）,転音コロ,単独音,に.wav,research/data/raw/reference/utau-samples/転少女（コロスケ）/単独音/に.wav,に,,1,cv,44100,1,1.220023,true,true,
転少女（コロスケ）,転音コロ,単独音,にぇ.wav,research/data/raw/reference/utau-samples/転少女（コロスケ）/単独音/にぇ.wav,にぇ,,1,cv,44100,1,1.140045,true,true,
転少女（コロスケ）,転音コロ,単独音,にゃ.wav,research/data/raw/reference/utau-samples/転少女（コロスケ）/単独音/にゃ.wav,にゃ,,1,cv,44100,1,1.180023,true,true,
転少女（コロスケ）,転音コロ,単独音,にゅ.wav,research/data/raw/reference/utau-samples/転少女（コロスケ）/単独音/にゅ.wav,にゅ,,1,cv,44100,1,1.180045,true,true,
転少女（コロスケ）,転音コロ,単独音,にょ.wav,research/data/raw/reference/utau-samples/転少女（コロスケ）/単独音/にょ.wav,にょ,,1,cv,44100,1,1.100023,true,true,
転少女（コロスケ）,転音コロ,単独音,ぬ.wav,research/data/raw/reference/utau-samples/転少女（コロスケ）/単独音/ぬ.wav,ぬ,,1,cv,44100,1,1.240023,true,true,
転少女（コロスケ）,転音コロ,単独音,ね.wav,research/data/raw/reference/utau-samples/転少女（コロスケ）/単独音/ね.wav,ね,,1,cv,44100,1,1.280023,true,true,
転少女（コロスケ）,転音コロ,単独音,の.wav,research/data/raw/reference/utau-samples/転少女（コロスケ）/単独音/の.wav,の,,1,cv,44100,1,1.160000,true,true,
転少女（コロスケ）,転音コロ,単独音,は.wav,research/data/raw/reference/utau-samples/転少女（コロスケ）/単独音/は.wav,は,,1,cv,44100,1,1.160000,true,true,
転少女（コロスケ）,転音コロ,単独音,ば.wav,research/data/raw/reference/utau-samples/転少女（コロスケ）/単独音/ば.wav,ば,,0,cv,44100,1,1.160023,true,true,
転少女（コロスケ）,転音コロ,単独音,ぱ.wav,research/data/raw/reference/utau-samples/転少女（コロスケ）/単独音/ぱ.wav,ぱ,,0,cv,44100,1,0.920023,true,true,
転少女（コロスケ）,転音コロ,単独音,ひ.wav,research/data/raw/reference/utau-samples/転少女（コロスケ）/単独音/ひ.wav,ひ,,1,cv,44100,1,1.220023,true,true,
転少女（コロスケ）,転音コロ,単独音,ひぇ.wav,research/data/raw/reference/utau-samples/転少女（コロスケ）/単独音/ひぇ.wav,ひぇ,,1,cv,44100,1,1.260023,true,true,
転少女（コロスケ）,転音コロ,単独音,ひゃ.wav,research/data/raw/reference/utau-samples/転少女（コロスケ）/単独音/ひゃ.wav,ひゃ,,1,cv,44100,1,1.100023,true,true,
転少女（コロスケ）,転音コロ,単独音,ひゅ.wav,research/data/raw/reference/utau-samples/転少女（コロスケ）/単独音/ひゅ.wav,ひゅ,,1,cv,44100,1,1.220023,true,true,
転少女（コロスケ）,転音コロ,単独音,ひょ.wav,research/data/raw/reference/utau-samples/転少女（コロスケ）/単独音/ひょ.wav,ひょ,,1,cv,44100,1,1.300023,true,true,
転少女（コロスケ）,転音コロ,単独音,び.wav,research/data/raw/reference/utau-samples/転少女（コロスケ）/単独音/び.wav,び,,0,cv,44100,1,1.200023,true,true,
転少女（コロスケ）,転音コロ,単独音,びぇ.wav,research/data/raw/reference/utau-samples/転少女（コロスケ）/単独音/びぇ.wav,びぇ,,0,cv,44100,1,1.040023,true,true,
転少女（コロスケ）,転音コロ,単独音,びゃ.wav,research/data/raw/reference/utau-samples/転少女（コロスケ）/単独音/びゃ.wav,びゃ,,0,cv,44100,1,1.060023,true,true,
転少女（コロスケ）,転音コロ,単独音,びゅ.wav,research/data/raw/reference/utau-samples/転少女（コロスケ）/単独音/びゅ.wav,びゅ,,0,cv,44100,1,1.200023,true,true,
転少女（コロスケ）,転音コロ,単独音,びょ.wav,research/data/raw/reference/utau-samples/転少女（コロスケ）/単独音/びょ.wav,びょ,,0,cv,44100,1,1.260023,true,true,
転少女（コロスケ）,転音コロ,単独音,ぴ.wav,research/data/raw/reference/utau-samples/転少女（コロスケ）/単独音/ぴ.wav,ぴ,,0,cv,44100,1,1.160023,true,true,
転少女（コロスケ）,転音コロ,単独音,ぴぇ.wav,research/data/raw/reference/utau-samples/転少女（コロスケ）/単独音/ぴぇ.wav,ぴぇ,,0,cv,44100,1,0.960023,true,true,
転少女（コロスケ）,転音コロ,単独音,ぴゃ.wav,research/data/raw/reference/utau-samples/転少女（コロスケ）/単独音/ぴゃ.wav,ぴゃ,,0,cv,44100,1,1.040023,true,true,
転少女（コロスケ）,転音コロ,単独音,ぴゅ.wav,research/data/raw/reference/utau-samples/転少女（コロスケ）/単独音/ぴゅ.wav,ぴゅ,,0,cv,44100,1,1.200023,true,true,
転少女（コロスケ）,転音コロ,単独音,ぴょ.wav,research/data/raw/reference/utau-samples/転少女（コロスケ）/単独音/ぴょ.wav,ぴょ,,0,cv,44100,1,1.260023,true,true,
転少女（コロスケ）,転音コロ,単独音,ふ.wav,research/data/raw/reference/utau-samples/転少女（コロスケ）/単独音/ふ.wav,ふ,,1,cv,44100,1,1.180023,true,true,
転少女（コロスケ）,転音コロ,単独音,ふぁ.wav,research/data/raw/reference/utau-samples/転少女（コロスケ）/単独音/ふぁ.wav,ふぁ,,1,cv,44100,1,0.980023,true,true,
転少女（コロスケ）,転音コロ,単独音,ふぃ.wav,research/data/raw/reference/utau-samples/転少女（コロスケ）/単独音/ふぃ.wav,ふぃ,,1,cv,44100,1,1.100023,true,true,
転少女（コロスケ）,転音コロ,単独音,ふぇ.wav,research/data/raw/reference/utau-samples/転少女（コロスケ）/単独音/ふぇ.wav,ふぇ,,1,cv,44100,1,1.080023,true,true,
転少女（コロスケ）,転音コロ,単独音,ふぉ.wav,research/data/raw/reference/utau-samples/転少女（コロスケ）/単独音/ふぉ.wav,ふぉ,,1,cv,44100,1,1.040023,true,true,
転少女（コロスケ）,転音コロ,単独音,ぶ.wav,research/data/raw/reference/utau-samples/転少女（コロスケ）/単独音/ぶ.wav,ぶ,,0,cv,44100,1,1.140023,true,true,
転少女（コロスケ）,転音コロ,単独音,ぷ.wav,research/data/raw/reference/utau-samples/転少女（コロスケ）/単独音/ぷ.wav,ぷ,,0,cv,44100,1,1.160023,true,true,
転少女（コロスケ）,転音コロ,単独音,へ.wav,research/data/raw/reference/utau-samples/転少女（コロスケ）/単独音/へ.wav,へ,,1,cv,44100,1,1.120023,true,true,
転少女（コロスケ）,転音コロ,単独音,べ.wav,research/data/raw/reference/utau-samples/転少女（コロスケ）/単独音/べ.wav,べ,,0,cv,44100,1,1.080023,true,true,
転少女（コロスケ）,転音コロ,単独音,ぺ.wav,research/data/raw/reference/utau-samples/転少女（コロスケ）/単独音/ぺ.wav,ぺ,,0,cv,44100,1,1.060023,true,true,
転少女（コロスケ）,転音コロ,単独音,ほ.wav,research/data/raw/reference/utau-samples/転少女（コロスケ）/単独音/ほ.wav,ほ,,1,cv,44100,1,1.100023,true,true,
転少女（コロスケ）,転音コロ,単独音,ぼ.wav,research/data/raw/reference/utau-samples/転少女（コロスケ）/単独音/ぼ.wav,ぼ,,0,cv,44100,1,1.120023,true,true,
転少女（コロスケ）,転音コロ,単独音,ぽ.wav,research/data/raw/reference/utau-samples/転少女（コロスケ）/単独音/ぽ.wav,ぽ,,0,cv,44100,1,1.140023,true,true,
転少女（コロスケ）,転音コロ,単独音,ま.wav,research/data/raw/reference/utau-samples/転少女（コロスケ）/単独音/ま.wav,ま,,1,cv,44100,1,1.060023,true,true,
転少女（コロスケ）,転音コロ,単独音,み.wav,research/data/raw/reference/utau-samples/転少女（コロスケ）/単独音/み.wav,み,,1,cv,44100,1,1.100023,true,true,
転少女（コロスケ）,転音コロ,単独音,みぇ.wav,research/data/raw/reference/utau-samples/転少女（コロスケ）/単独音/みぇ.wav,みぇ,,1,cv,44100,1,1.380000,true,true,
転少女（コロスケ）,転音コロ,単独音,みゃ.wav,research/data/raw/reference/utau-samples/転少女（コロスケ）/単独音/みゃ.wav,みゃ,,1,cv,44100,1,1.360000,true,true,
転少女（コロスケ）,転音コロ,単独音,みゅ.wav,research/data/raw/reference/utau-samples/転少女（コロスケ）/単独音/みゅ.wav,みゅ,,1,cv,44100,1,1.440000,true,true,
転少女（コロスケ）,転音コロ,単独音,みょ.wav,research/data/raw/reference/utau-samples/転少女（コロスケ）/単独音/みょ.wav,みょ,,1,cv,44100,1,1.360000,true,true,
転少女（コロスケ）,転音コロ,単独音,む.wav,research/data/raw/reference/utau-samples/転少女（コロスケ）/単独音/む.wav,む,,1,cv,44100,1,1.120023,true,true,
転少女（コロスケ）,転音コロ,単独音,め.wav,research/data/raw/reference/utau-samples/転少女（コロスケ）/単独音/め.wav,め,,1,cv,44100,1,1.080023,true,true,
転少女（コロスケ）,転音コロ,単独音,も.wav,research/data/raw/reference/utau-samples/転少女（コロスケ）/単独音/も.wav,も,,1,cv,44100,1,0.974989,true,true,
転少女（コロスケ）,転音コロ,単独音,や.wav,research/data/raw/reference/utau-samples/転少女（コロスケ）/単独音/や.wav,や,,1,cv,44100,1,1.287506,true,true,
転少女（コロスケ）,転音コロ,単独音,ゆ.wav,research/data/raw/reference/utau-samples/転少女（コロスケ）/単独音/ゆ.wav,ゆ,,1,cv,44100,1,1.340000,true,true,
転少女（コロスケ）,転音コロ,単独音,よ.wav,research/data/raw/reference/utau-samples/転少女（コロスケ）/単独音/よ.wav,よ,,1,cv,44100,1,1.280000,true,true,
転少女（コロスケ）,転音コロ,単独音,ら.wav,research/data/raw/reference/utau-samples/転少女（コロスケ）/単独音/ら.wav,ら,,1,cv,44100,1,1.320000,true,true,
転少女（コロスケ）,転音コロ,単独音,り.wav,research/data/raw/reference/utau-samples/転少女（コロスケ）/単独音/り.wav,り,,1,cv,44100,1,1.340000,true,true,
転少女（コロスケ）,転音コロ,単独音,りぇ.wav,research/data/raw/reference/utau-samples/転少女（コロスケ）/単独音/りぇ.wav,りぇ,,1,cv,44100,1,1.380000,true,true,
転少女（コロスケ）,転音コロ,単独音,りゃ.wav,research/data/raw/reference/utau-samples/転少女（コロスケ）/単独音/りゃ.wav,りゃ,,1,cv,44100,1,1.340000,true,true,
転少女（コロスケ）,転音コロ,単独音,りゅ.wav,research/data/raw/reference/utau-samples/転少女（コロスケ）/単独音/りゅ.wav,りゅ,,1,cv,44100,1,1.360000,true,true,
転少女（コロスケ）,転音コロ,単独音,りょ.wav,research/data/raw/reference/utau-samples/転少女（コロスケ）/単独音/りょ.wav,りょ,,1,cv,44100,1,1.400000,true,true,
転少女（コロスケ）,転音コロ,単独音,る.wav,research/data/raw/reference/utau-samples/転少女（コロスケ）/単独音/る.wav,る,,1,cv,44100,1,1.380000,true,true,
転少女（コロスケ）,転音コロ,単独音,れ.wav,research/data/raw/reference/utau-samples/転少女（コロスケ）/単独音/れ.wav,れ,,1,cv,44100,1,1.460000,true,true,
転少女（コロスケ）,転音コロ,単独音,ろ.wav,research/data/raw/reference/utau-samples/転少女（コロスケ）/単独音/ろ.wav,ろ,,1,cv,44100,1,1.300000,true,true,
転少女（コロスケ）,転音コロ,単独音,わ.wav,research/data/raw/reference/utau-samples/転少女（コロスケ）/単独音/わ.wav,わ,,1,cv,44100,1,1.460000,true,true,
転少女（コロスケ）,転音コロ,単独音,ん.wav,research/data/raw/reference/utau-samples/転少女（コロスケ）/単独音/ん.wav,ん,,1,cv,44100,1,1.340000,true,true,
転少女（コロスケ）,転音コロ,連続音,_あうぁぎぇふ.wav,research/data/raw/reference/utau-samples/転少女（コロスケ）/連続音/_あうぁぎぇふ.wav,_あうぁぎぇふ,,0,vcv,44100,1,3.739297,true,true,
転少女（コロスケ）,転音コロ,連続音,_あめうぇりゃえしょ.wav,research/data/raw/reference/utau-samples/転少女（コロスケ）/連続音/_あめうぇりゃえしょ.wav,_あめうぇりゃえしょ,- あ,6,vcv,44100,1,4.220000,true,true,
転少女（コロスケ）,転音コロ,連続音,_いうぁんヴぃちゅん.wav,research/data/raw/reference/utau-samples/転少女（コロスケ）/連続音/_いうぁんヴぃちゅん.wav,_いうぁんヴぃちゅん,,0,vcv,44100,1,4.420000,true,true,
転少女（コロスケ）,転音コロ,連続音,_いくんぎぇいう.wav,research/data/raw/reference/utau-samples/転少女（コロスケ）/連続音/_いくんぎぇいう.wav,_いくんぎぇいう,,0,vcv,44100,1,4.299977,true,true,
転少女（コロスケ）,転音コロ,連続音,_いざんひどん.wav,research/data/raw/reference/utau-samples/転少女（コロスケ）/連続音/_いざんひどん.wav,_いざんひどん,,0,vcv,44100,1,4.380000,true,true,
転少女（コロスケ）,転音コロ,連続音,_いしみしゅんす.wav,research/data/raw/reference/utau-samples/転少女（コロスケ）/連続音/_いしみしゅんす.wav,_いしみしゅんす,i し,4,vcv,44100,1,4.400000,true,true,
転少女（コロスケ）,転音コロ,連続音,_いつんこいそ.wav,research/data/raw/reference/utau-samples/転少女（コロスケ）/連続音/_いつんこいそ.wav,_いつんこいそ,i つ,4,vcv,44100,1,4.500000,true,true,
転少女（コロスケ）,転音コロ,連続音,_いでんにぇいびゅ.wav,research/data/raw/reference/utau-samples/転少女（コロスケ）/連続音/_いでんにぇいびゅ.wav,_いでんにぇいびゅ,,0,vcv,44100,1,4.480000,true,true,
転少女（コロスケ）,転音コロ,連続音,_いとんきゅいぶ.wav,research/data/raw/reference/utau-samples/転少女（コロスケ）/連続音/_いとんきゅいぶ.wav,_いとんきゅいぶ,,0,vcv,44100,1,4.380000,true,true,
転少女（コロスケ）,転音コロ,連続音,_いぴゃんじてぃめ.wav,research/data/raw/reference/utau-samples/転少女（コロスケ）/連続音/_いぴゃんじてぃめ.wav,_いぴゃんじてぃめ,,0,vcv,44100,1,4.440023,true,true,
転少女（コロスケ）,転音コロ,連続音,_いみゅがりゃざびょ.wav,research/data/raw/reference/utau-samples/転少女（コロスケ）/連続音/_いみゅがりゃざびょ.wav,_いみゅがりゃざびょ,,0,vcv,44100,1,4.360000,true,true,
転少女（コロスケ）,転音コロ,連続音,_いよんぬいきぇ.wav,research/data/raw/reference/utau-samples/転少女（コロスケ）/連続音/_いよんぬいきぇ.wav,_いよんぬいきぇ,i よ,3,vcv,44100,1,4.440000,true,true,
転少女（コロスケ）,転音コロ,連続音,_いりぇんりたん.wav,research/data/raw/reference/utau-samples/転少女（コロスケ）/連続音/_いりぇんりたん.wav,_いりぇんりたん,i りぇ,3,vcv,44100,1,4.300000,true,true,
転少女（コロスケ）,転音コロ,連続音,_いりゃんひょいぺ.wav,research/data/raw/reference/utau-samples/転少女（コロスケ）/連続音/_いりゃんひょいぺ.wav,_いりゃんひょいぺ,,0,vcv,44100,1,4.340000,true,true,
転少女（コロスケ）,転音コロ,連続音,_いろんぴぇいね.wav,research/data/raw/reference/utau-samples/転少女（コロスケ）/連続音/_いろんぴぇいね.wav,_いろんぴぇいね,,0,vcv,44100,1,4.480000,true,true,
転少女（コロスケ）,転音コロ,連続音,_うぁごびぬはや.wav,research/data/raw/reference/utau-samples/転少女（コロスケ）/連続音/_うぁごびぬはや.wav,_うぁごびぬはや,,0,vcv,44100,1,4.540000,true,true,
転少女（コロスケ）,転音コロ,連続音,_うぃじゃちぇじゃしゅべ.wav,research/data/raw/reference/utau-samples/転少女（コロスケ）/連続音/_うぃじゃちぇじゃしゅべ.wav,_うぃじゃちぇじゃしゅべ,,0,vcv,44100,1,4.320000,true,true,
転少女（コロスケ）,転音コロ,連続音,_うぇぎヴなししょ.wav,research/data/raw/reference/utau-samples/転少女（コロスケ）/連続音/_うぇぎヴなししょ.wav,_うぇぎヴなししょ,,0,vcv,44100,1,4.420000,true,true,
転少女（コロスケ）,転音コロ,連続音,_うぉんやんにゅん.wav,research/data/raw/reference/utau-samples/転少女（コロスケ）/連続音/_うぉんやんにゅん.wav,_うぉんやんにゅん,- うぉ,3,vcv,44100,1,4.420023,true,true,
転少女（コロスケ）,転音コロ,連続音,_うよぎゅじょれぐ.wav,research/data/raw/reference/utau-samples/転少女（コロスケ）/連続音/_うよぎゅじょれぐ.wav,_うよぎゅじょれぐ,,0,vcv,44100,1,4.360000,true,true,
転少女（コロスケ）,転音コロ,連続音,_えぴぇちびょちぇん.wav,research/data/raw/reference/utau-samples/転少女（コロスケ）/連続音/_えぴぇちびょちぇん.wav,_えぴぇちびょちぇん,,0,vcv,44100,1,4.380000,true,true,
転少女（コロスケ）,転音コロ,連続音,_おどぅヴぃござで.wav,research/data/raw/reference/utau-samples/転少女（コロスケ）/連続音/_おどぅヴぃござで.wav,_おどぅヴぃござで,,0,vcv,44100,1,4.420000,true,true,
転少女（コロスケ）,転音コロ,連続音,_かにぇよべにぇひゅ.wav,research/data/raw/reference/utau-samples/転少女（コロスケ）/連続音/_かにぇよべにぇひゅ.wav,_かにぇよべにぇひゅ,,0,vcv,44100,1,4.400000,true,true,
転少女（コロスケ）,転音コロ,連続音,_がうぇいぴょひょぎゃ.wav,research/data/raw/reference/utau-samples/転少女（コロスケ）/連続音/_がうぇいぴょひょぎゃ.wav,_がうぇいぴょひょぎゃ,,0,vcv,44100,1,4.500000,true,true,
転少女（コロスケ）,転音コロ,連続音,_きぇのきゅにゅおあ.wav,research/data/raw/reference/utau-samples/転少女（コロスケ）/連続音/_きぇのきゅにゅおあ.wav,_きぇのきゅにゅおあ,- きぇ,7,vcv,44100,1,4.180000,true,true,
転少女（コロスケ）,転音コロ,連続音,_きぎぇわぎにぎゃ.wav,research/data/raw/reference/utau-samples/転少女（コロスケ）/連続音/_きぎぇわぎにぎゃ.wav,_きぎぇわぎにぎゃ,,0,vcv,44100,1,4.480000,true,true,
転少女（コロスケ）,転音コロ,連続音,_きゃぴぇぞもみゅびぇ.wav,research/data/raw/reference/utau-samples/転少女（コロスケ）/連続音/_きゃぴぇぞもみゅびぇ.wav,_きゃぴぇぞもみゅびぇ,,0,vcv,44100,1,4.500000,true,true,
転少女（コロスケ）,転音コロ,連続音,_きゅんちょんヴぇうぉ.wav,research/data/raw/reference/utau-samples/転少女（コロスケ）/連続音/_きゅんちょんヴぇうぉ.wav,_きゅんちょんヴぇうぉ,,0,vcv,44100,1,4.400000,true,true,
転少女（コロスケ）,転音コロ,連続音,_きょとぅびゅびかう.wav,research/data/raw/reference/utau-samples/転少女（コロスケ）/連続音/_きょとぅびゅびかう.wav,_きょとぅびゅびかう,,0,vcv,44100,1,4.400000,true,true,
転少女（コロスケ）,転音コロ,連続音,_ぎぇりぇばひへく.wav,research/data/raw/reference/utau-samples/転少女（コロスケ）/連続音/_ぎぇりぇばひへく.wav,_ぎぇりぇばひへく,,0,vcv,44100,1,4.360023,true,true,
転少女（コロスケ）,転音コロ,連続音,_ぎぎきちぇみゅえ.wav,research/data/raw/reference/utau-samples/転少女（コロスケ）/連続音/_ぎぎきちぇみゅえ.wav,_ぎぎきちぇみゅえ,,0,vcv,44100,1,4.440000,true,true,
転少女（コロスケ）,転音コロ,連続音,_ぎゃてちゃヴびょちゃ.wav,research/data/raw/reference/utau-samples/転少女（コロスケ）/連続音/_ぎゃてちゃヴびょちゃ.wav,_ぎゃてちゃヴびょちゃ,,0,vcv,44100,1,4.480000,true,true,
転少女（コロスケ）,転音コロ,連続音,_ぎゅびゃみゃじゅりゃぴ.wav,research/data/raw/reference/utau-samples/転少女（コロスケ）/連続音/_ぎゅびゃみゃじゅりゃぴ.wav,_ぎゅびゃみゃじゅりゃぴ,,0,vcv,44100,1,4.540000,true,true,
転少女（コロスケ）,転音コロ,連続音,_ぎょじゃんぱんと.wav,research/data/raw/reference/utau-samples/転少女（コロスケ）/連続音/_ぎょじゃんぱんと.wav,_ぎょじゃんぱんと,,0,vcv,44100,1,4.380023,true,true,
転少女（コロスケ）,転音コロ,連続音,_くちょんげけむ.wav,research/data/raw/reference/utau-samples/転少女（コロスケ）/連続音/_くちょんげけむ.wav,_くちょんげけむ,,0,vcv,44100,1,4.300000,true,true,
転少女（コロスケ）,転音コロ,連続音,_ぐぱじょほヴぃにょ.wav,research/data/raw/reference/utau-samples/転少女（コロスケ）/連続音/_ぐぱじょほヴぃにょ.wav,_ぐぱじょほヴぃにょ,,0,vcv,44100,1,4.480000,true,true,
転少女（コロスケ）,転音コロ,連続音,_けゆぼうぃぞぼ.wav,research/data/raw/reference/utau-samples/転少女（コロスケ）/連続音/_けゆぼうぃぞぼ.wav,_けゆぼうぃぞぼ,,0,vcv,44100,1,4.320000,true,true,
転少女（コロスケ）,転音コロ,連続音,_げしゅきゅみじょり.wav,research/data/raw/reference/utau-samples/転少女（コロスケ）/連続音/_げしゅきゅみじょり.wav,_げしゅきゅみじょり,,0,vcv,44100,1,4.300000,true,true,
転少女（コロスケ）,転音コロ,連続音,_こなほしゃこひぇ.wav,research/data/raw/reference/utau-samples/転少女（コロスケ）/連続音/_こなほしゃこひぇ.wav,_こなほしゃこひぇ,- こ,6,vcv,44100,1,4.500000,true,true,
転少女（コロスケ）,転音コロ,連続音,_ごさみゅのえひ.wav,research/data/raw/reference/utau-samples/転少女（コロスケ）/連続音/_ごさみゅのえひ.wav,_ごさみゅのえひ,,0,vcv,44100,1,4.340000,true,true,
転少女（コロスケ）,転音コロ,連続音,_さわひょそゆぎ.wav,research/data/raw/reference/utau-samples/転少女（コロスケ）/連続音/_さわひょそゆぎ.wav,_さわひょそゆぎ,,0,vcv,44100,1,4.480000,true,true,
転少女（コロスケ）,転音コロ,連続音,_ざぎゃとぅうとぅね.wav,research/data/raw/reference/utau-samples/転少女（コロスケ）/連続音/_ざぎゃとぅうとぅね.wav,_ざぎゃとぅうとぅね,,0,vcv,44100,1,4.520000,true,true,
転少女（コロスケ）,転音コロ,連続音,_しぇぎゅにどぅひょこ.wav,research/data/raw/reference/utau-samples/転少女（コロスケ）/連続音/_しぇぎゅにどぅひょこ.wav,_しぇぎゅにどぅひょこ,,0,vcv,44100,1,4.520000,true,true,
転少女（コロスケ）,転音コロ,連続音,_してぶしぇだの.wav,research/data/raw/reference/utau-samples/転少女（コロスケ）/連続音/_してぶしぇだの.wav,_してぶしぇだの,,0,vcv,44100,1,4.520000,true,true,
転少女（コロスケ）,転音コロ,連続音,_しゃぎょごへたよ.wav,research/data/raw/reference/utau-samples/転少女（コロスケ）/連続音/_しゃぎょごへたよ.wav,_しゃぎょごへたよ,,0,vcv,44100,1,4.420023,true,true,
転少女（コロスケ）,転音コロ,連続音,_しゅしょしぇあどぱ.wav,research/data/raw/reference/utau-samples/転少女（コロスケ）/連続音/_しゅしょしぇあどぱ.wav,_しゅしょしぇあどぱ,,0,vcv,44100,1,4.540000,true,true,
転少女（コロスケ）,転音コロ,連続音,_しょじヴぉまたあ.wav,research/data/raw/reference/utau-samples/転少女（コロスケ）/連続音/_しょじヴぉまたあ.wav,_しょじヴぉまたあ,,0,vcv,44100,1,4.520000,true,true,
転少女（コロスケ）,転音コロ,連続音,_じぇまびゅてもけ.wav,research/data/raw/reference/utau-samples/転少女（コロスケ）/連続音/_じぇまびゅてもけ.wav,_じぇまびゅてもけ,,0,vcv,44100,1,4.580000,true,true,
転少女（コロスケ）,転音コロ,連続音,_じひせおんびぇ.wav,research/data/raw/reference/utau-samples/転少女（コロスケ）/連続音/_じひせおんびぇ.wav,_じひせおんびぇ,,0,vcv,44100,1,4.500000,true,true,
転少女（コロスケ）,転音コロ,連続音,_じゃへヴヴぉぎょど.wav,research/data/raw/reference/utau-samples/転少女（コロスケ）/連続音/_じゃへヴヴぉぎょど.wav,_じゃへヴヴぉぎょど,,0,vcv,44100,1,4.380000,true,true,
転少女（コロスケ）,転音コロ,連続音,_じゅずとてぃさむ.wav,research/data/raw/reference/utau-samples/転少女（コロスケ）/連続音/_じゅずとてぃさむ.wav,_じゅずとてぃさむ,,0,vcv,44100,1,4.440000,true,true,
転少女（コロスケ）,転音コロ,連続音,_じょりょひゃかちょす.wav,research/data/raw/reference/utau-samples/転少女（コロスケ）/連続音/_じょりょひゃかちょす.wav,_じょりょひゃかちょす,,0,vcv,44100,1,4.340000,true,true,
転少女（コロスケ）,転音コロ,連続音,_すりひゅにゃくす.wav,research/data/raw/reference/utau-samples/転少女（コロスケ）/連続音/_すりひゅにゃくす.wav,_すりひゅにゃくす,- す,6,vcv,44100,1,4.600000,true,true,
転少女（コロスケ）,転音コロ,連続音,_ずぴちぼのじょ.wav,research/data/raw/reference/utau-samples/転少女（コロスケ）/連続音/_ずぴちぼのじょ.wav,_ずぴちぼのじょ,,0,vcv,44100,1,4.459977,true,true,
転少女（コロスケ）,転音コロ,連続音,_せにゅまもふし.wav,research/data/raw/reference/utau-samples/転少女（コロスケ）/連続音/_せにゅまもふし.wav,_せにゅまもふし,- せ,6,vcv,44100,1,4.480023,true,true,
転少女（コロスケ）,転音コロ,連続音,_ぜみゃぴょうみぇひゃ.wav,research/data/raw/reference/utau-samples/転少女（コロスケ）/連続音/_ぜみゃぴょうみぇひゃ.wav,_ぜみゃぴょうみぇひゃ,,0,vcv,44100,1,4.500000,true,true,
転少女（コロスケ）,転音コロ,連続音,_そらはみぇきょきゃ.wav,research/data/raw/reference/utau-samples/転少女（コロスケ）/連続音/_そらはみぇきょきゃ.wav,_そらはみぇきょきゃ,- そ,6,vcv,44100,1,4.580000,true,true,
転少女（コロスケ）,転音コロ,連続音,_ぞかどぅきぇがりぇ.wav,research/data/raw/reference/utau-samples/転少女（コロスケ）/連続音/_ぞかどぅきぇがりぇ.wav,_ぞかどぅきぇがりぇ,,0,vcv,44100,1,4.480000,true,true,
転少女（コロスケ）,転音コロ,連続音,_たんぴゅぴゅさん.wav,research/data/raw/reference/utau-samples/転少女（コロスケ）/連続音/_たんぴゅぴゅさん.wav,_たんぴゅぴゅさん,,0,vcv,44100,1,4.340000,true,true,
転少女（コロスケ）,転音コロ,連続音,_だみょうぇるうぉん.wav,research/data/raw/reference/utau-samples/転少女（コロスケ）/連続音/_だみょうぇるうぉん.wav,_だみょうぇるうぉん,,0,vcv,44100,1,4.460000,true,true,
転少女（コロスケ）,転音コロ,連続音,_ちぇびゃぶみゃぎぇふ.wav,research/data/raw/reference/utau-samples/転少女（コロスケ）/連続音/_ちぇびゃぶみゃぎぇふ.wav,_ちぇびゃぶみゃぎぇふ,,0,vcv,44100,1,4.392200,true,true,
転少女（コロスケ）,転音コロ,連続音,_ちゃつじゃびみぇき.wav,research/data/raw/reference/utau-samples/転少女（コロスケ）/連続音/_ちゃつじゃびみぇき.wav,_ちゃつじゃびみぇき,,0,vcv,44100,1,4.460000,true,true,
転少女（コロスケ）,転音コロ,連続音,_ちゅんろきょうぁヴぁ.wav,research/data/raw/reference/utau-samples/転少女（コロスケ）/連続音/_ちゅんろきょうぁヴぁ.wav,_ちゅんろきょうぁヴぁ,,0,vcv,44100,1,4.300000,true,true,
転少女（コロスケ）,転音コロ,連続音,_ちょちょにぇびゅせひょ.wav,research/data/raw/reference/utau-samples/転少女（コロスケ）/連続音/_ちょちょにぇびゅせひょ.wav,_ちょちょにぇびゅせひょ,,0,vcv,44100,1,4.400000,true,true,
転少女（コロスケ）,転音コロ,連続音,_ちわぬぶヴぇぽ.wav,research/data/raw/reference/utau-samples/転少女（コロスケ）/連続音/_ちわぬぶヴぇぽ.wav,_ちわぬぶヴぇぽ,,0,vcv,44100,1,4.600000,true,true,
転少女（コロスケ）,転音コロ,連続音,_つもにょみぇきゅうぃ.wav,research/data/raw/reference/utau-samples/転少女（コロスケ）/連続音/_つもにょみぇきゅうぃ.wav,_つもにょみぇきゅうぃ,- つ,6,vcv,44100,1,4.620000,true,true,
転少女（コロスケ）,転音コロ,連続音,_てぃみょぴゅにょきぇれ.wav,research/data/raw/reference/utau-samples/転少女（コロスケ）/連続音/_てぃみょぴゅにょきぇれ.wav,_てぃみょぴゅにょきぇれ,,0,vcv,44100,1,4.460000,true,true,
転少女（コロスケ）,転音コロ,連続音,_でぃきゃひゃにゃちゅち.wav,research/data/raw/reference/utau-samples/転少女（コロスケ）/連続音/_でぃきゃひゃにゃちゅち.wav,_でぃきゃひゃにゃちゅち,,0,vcv,44100,1,4.520000,true,true,
転少女（コロスケ）,転音コロ,連続音,_でうぁずでぬぎょ.wav,research/data/raw/reference/utau-samples/転少女（コロスケ）/連続音/_でうぁずでぬぎょ.wav,_でうぁずでぬぎょ,,0,vcv,44100,1,4.360000,true,true,
転少女（コロスケ）,転音コロ,連続音,_てヴぉつむほぴ.wav,research/data/raw/reference/utau-samples/転少女（コロスケ）/連続音/_てヴぉつむほぴ.wav,_てヴぉつむほぴ,,0,vcv,44100,1,4.439977,true,true,
転少女（コロスケ）,転音コロ,連続音,_とぅぐこくばき.wav,research/data/raw/reference/utau-samples/転少女（コロスケ）/連続音/_とぅぐこくばき.wav,_とぅぐこくばき,,0,vcv,44100,1,4.440000,true,true,
転少女（コロスケ）,転音コロ,連続音,_とぜぱにりょびゃ.wav,research/data/raw/reference/utau-samples/転少女（コロスケ）/連続音/_とぜぱにりょびゃ.wav,_とぜぱにりょびゃ,,0,vcv,44100,1,4.400000,true,true,
転少女（コロスケ）,転音コロ,連続音,_どぅうぁヴぉりぇぴゃぷ.wav,research/data/raw/reference/utau-samples/転少女（コロスケ）/連続音/_どぅうぁヴぉりぇぴゃぷ.wav,_どぅうぁヴぉりぇぴゃぷ,,0,vcv,44100,1,4.400000,true,true,
転少女（コロスケ）,転音コロ,連続音,_どたぺじぇざぴゃ.wav,research/data/raw/reference/utau-samples/転少女（コロスケ）/連続音/_どたぺじぇざぴゃ.wav,_どたぺじぇざぴゃ,,0,vcv,44100,1,4.480000,true,true,
転少女（コロスケ）,転音コロ,連続音,_なばそずひでぃ.wav,research/data/raw/reference/utau-samples/転少女（コロスケ）/連続音/_なばそずひでぃ.wav,_なばそずひでぃ,,0,vcv,44100,1,4.380000,true,true,
転少女（コロスケ）,転音コロ,連続音,_にぇずげねめしぇ.wav,research/data/raw/reference/utau-samples/転少女（コロスケ）/連続音/_にぇずげねめしぇ.wav,_にぇずげねめしぇ,,0,vcv,44100,1,4.320023,true,true,
転少女（コロスケ）,転音コロ,連続音,_にすにぇきぇひぇちゅ.wav,research/data/raw/reference/utau-samples/転少女（コロスケ）/連続音/_にすにぇきぇひぇちゅ.wav,_にすにぇきぇひぇちゅ,- に,6,vcv,44100,1,4.460000,true,true,
転少女（コロスケ）,転音コロ,連続音,_にゃんごびゅぷけ.wav,research/data/raw/reference/utau-samples/転少女（コロスケ）/連続音/_にゃんごびゅぷけ.wav,_にゃんごびゅぷけ,,0,vcv,44100,1,4.420000,true,true,
転少女（コロスケ）,転音コロ,連続音,_にゅどみょしゅぽぷ.wav,research/data/raw/reference/utau-samples/転少女（コロスケ）/連続音/_にゅどみょしゅぽぷ.wav,_にゅどみょしゅぽぷ,,0,vcv,44100,1,4.460000,true,true,
転少女（コロスケ）,転音コロ,連続音,_にょんざんぜん.wav,research/data/raw/reference/utau-samples/転少女（コロスケ）/連続音/_にょんざんぜん.wav,_にょんざんぜん,,0,vcv,44100,1,4.379977,true,true,
転少女（コロスケ）,転音コロ,連続音,_ぬるつヴひゃひぇ.wav,research/data/raw/reference/utau-samples/転少女（コロスケ）/連続音/_ぬるつヴひゃひぇ.wav,_ぬるつヴひゃひぇ,,0,vcv,44100,1,4.519977,true,true,
転少女（コロスケ）,転音コロ,連続音,_ねへじょりゃんう.wav,research/data/raw/reference/utau-samples/転少女（コロスケ）/連続音/_ねへじょりゃんう.wav,_ねへじょりゃんう,,0,vcv,44100,1,4.420000,true,true,
転少女（コロスケ）,転音コロ,連続音,_のてでぃらしょヴぇ.wav,research/data/raw/reference/utau-samples/転少女（コロスケ）/連続音/_のてでぃらしょヴぇ.wav,_のてでぃらしょヴぇ,,0,vcv,44100,1,4.460000,true,true,
転少女（コロスケ）,転音コロ,連続音,_はしゃいぜびょひゅ.wav,research/data/raw/reference/utau-samples/転少女（コロスケ）/連続音/_はしゃいぜびょひゅ.wav,_はしゃいぜびょひゅ,,0,vcv,44100,1,4.440000,true,true,
転少女（コロスケ）,転音コロ,連続音,_ばせてぃびゃうぉじぇ.wav,research/data/raw/reference/utau-samples/転少女（コロスケ）/連続音/_ばせてぃびゃうぉじぇ.wav,_ばせてぃびゃうぉじぇ,,0,vcv,44100,1,4.379977,true,true,
転少女（コロスケ）,転音コロ,連続音,_ぱげりょげせしゃ.wav,research/data/raw/reference/utau-samples/転少女（コロスケ）/連続音/_ぱげりょげせしゃ.wav,_ぱげりょげせしゃ,,0,vcv,44100,1,4.440000,true,true,
転少女（コロスケ）,転音コロ,連続音,_ひぇちぇにゃりょヴぁにょ.wav,research/data/raw/reference/utau-samples/転少女（コロスケ）/連続音/_ひぇちぇにゃりょヴぁにょ.wav,_ひぇちぇにゃりょヴぁにょ,,0,vcv,44100,1,4.440000,true,true,
転少女（コロスケ）,転音コロ,連続音,_ひゃちやひゅうぇぴ.wav,research/data/raw/reference/utau-samples/転少女（コロスケ）/連続音/_ひゃちやひゅうぇぴ.wav,_ひゃちやひゅうぇぴ,,0,vcv,44100,1,4.560000,true,true,
転少女（コロスケ）,転音コロ,連続音,_ひゅぬりぇすそぬ.wav,research/data/raw/reference/utau-samples/転少女（コロスケ）/連続音/_ひゅぬりぇすそぬ.wav,_ひゅぬりぇすそぬ,- ひゅ,6,vcv,44100,1,4.420000,true,true,
転少女（コロスケ）,転音コロ,連続音,_ひょびぇべびぇてな.wav,research/data/raw/reference/utau-samples/転少女（コロスケ）/連続音/_ひょびぇべびぇてな.wav,_ひょびぇべびぇてな,,0,vcv,44100,1,4.400000,true,true,
転少女（コロスケ）,転音コロ,連続音,_ひりゅひぇぺヴぇご.wav,research/data/raw/reference/utau-samples/転少女（コロスケ）/連続音/_ひりゅひぇぺヴぇご.wav,_ひりゅひぇぺヴぇご,,0,vcv,44100,1,4.400000,true,true,
転少女（コロスケ）,転音コロ,連続音,_びぇどぅごにぱぽ.wav,research/data/raw/reference/utau-samples/転少女（コロスケ）/連続音/_びぇどぅごにぱぽ.wav,_びぇどぅごにぱぽ,,0,vcv,44100,1,4.480000,true,true,
転少女（コロスケ）,転音コロ,連続音,_びひぇんずんどぅ.wav,research/data/raw/reference/utau-samples/転少女（コロスケ）/連続音/_びひぇんずんどぅ.wav,_びひぇんずんどぅ,,0,vcv,44100,1,4.200000,true,true,
転少女（コロスケ）,転音コロ,連続音,_びゃうぃにゅぎぇびほ.wav,research/data/raw/reference/utau-samples/転少女（コロスケ）/連続音/_びゃうぃにゅぎぇびほ.wav,_びゃうぃにゅぎぇびほ,,0,vcv,44100,1,4.520000,true,true,
転少女（コロスケ）,転音コロ,連続音,_びゅぜほみがぞ.wav,research/data/raw/reference/utau-samples/転少女（コロスケ）/連続音/_びゅぜほみがぞ.wav,_びゅぜほみがぞ,,0,vcv,44100,1,4.460000,true,true,
転少女（コロスケ）,転音コロ,連続音,_びょむきヴぁぼうぉ.wav,research/data/raw/reference/utau-samples/転少女（コロスケ）/連続音/_びょむきヴぁぼうぉ.wav,_びょむきヴぁぼうぉ,,0,vcv,44100,1,4.480000,true,true,
転少女（コロスケ）,転音コロ,連続音,_ぴぇちょでぃうぉびょぎぇ.wav,research/data/raw/reference/utau-samples/転少女（コロスケ）/連続音/_ぴぇちょでぃうぉびょぎぇ.wav,_ぴぇちょでぃうぉびょぎぇ,,0,vcv,44100,1,4.420000,true,true,
転少女（コロスケ）,転音コロ,連続音,_ぴぴとぅぴょおよ.wav,research/data/raw/reference/utau-samples/転少女（コロスケ）/連続音/_ぴぴとぅぴょおよ.wav,_ぴぴとぅぴょおよ,,0,vcv,44100,1,4.320000,true,true,
転少女（コロスケ）,転音コロ,連続音,_ぴゃけらるちゅじゅ.wav,research/data/raw/reference/utau-samples/転少女（コロスケ）/連続音/_ぴゃけらるちゅじゅ.wav,_ぴゃけらるちゅじゅ,,0,vcv,44100,1,4.500000,true,true,
転少女（コロスケ）,転音コロ,連続音,_ぴゅぴぇじゅだきゅく.wav,research/data/raw/reference/utau-samples/転少女（コロスケ）/連続音/_ぴゅぴぇじゅだきゅく.wav,_ぴゅぴぇじゅだきゅく,,0,vcv,44100,1,4.400000,true,true,
転少女（コロスケ）,転音コロ,連続音,_ぴょろやじゃきゃヴぇ.wav,research/data/raw/reference/utau-samples/転少女（コロスケ）/連続音/_ぴょろやじゃきゃヴぇ.wav,_ぴょろやじゃきゃヴぇ,,0,vcv,44100,1,4.520000,true,true,
転少女（コロスケ）,転音コロ,連続音,_ふどぅみゅヴぁれり.wav,research/data/raw/reference/utau-samples/転少女（コロスケ）/連続音/_ふどぅみゅヴぁれり.wav,_ふどぅみゅヴぁれり,,0,vcv,44100,1,4.540000,true,true,
転少女（コロスケ）,転音コロ,連続音,_ぶかりぽみゃな.wav,research/data/raw/reference/utau-samples/転少女（コロスケ）/連続音/_ぶかりぽみゃな.wav,_ぶかりぽみゃな,,0,vcv,44100,1,4.540000,true,true,
転少女（コロスケ）,転音コロ,連続音,_ぷしゃだぱふりゅ.wav,research/data/raw/reference/utau-samples/転少女（コロスケ）/連続音/_ぷしゃだぱふりゅ.wav,_ぷしゃだぱふりゅ,,0,vcv,44100,1,4.400000,true,true,
転少女（コロスケ）,転音コロ,連続音,_へじにぇぎょぺぎゃ.wav,research/data/raw/reference/utau-samples/転少女（コロスケ）/連続音/_へじにぇぎょぺぎゃ.wav,_へじにぇぎょぺぎゃ,,0,vcv,44100,1,4.300000,true,true,
転少女（コロスケ）,転音コロ,連続音,_べかおぐちぇみ.wav,research/data/raw/reference/utau-samples/転少女（コロスケ）/連続音/_べかおぐちぇみ.wav,_べかおぐちぇみ,,0,vcv,44100,1,4.420000,true,true,
転少女（コロスケ）,転音コロ,連続音,_ぺヴぃぎょわとめ.wav,research/data/raw/reference/utau-samples/転少女（コロスケ）/連続音/_ぺヴぃぎょわとめ.wav,_ぺヴぃぎょわとめ,,0,vcv,44100,1,4.420000,true,true,
転少女（コロスケ）,転音コロ,連続音,_ほぞぎりおせ.wav,research/data/raw/reference/utau-samples/転少女（コロスケ）/連続音/_ほぞぎりおせ.wav,_ほぞぎりおせ,,0,vcv,44100,1,4.480000,true,true,
転少女（コロスケ）,転音コロ,連続音,_ぼひんてにょしょ.wav,research/data/raw/reference/utau-samples/転少女（コロスケ）/連続音/_ぼひんてにょしょ.wav,_ぼひんてにょしょ,,0,vcv,44100,1,4.440000,true,true,
転少女（コロスケ）,転音コロ,連続音,_ぽんうぇそんぶ.wav,research/data/raw/reference/utau-samples/転少女（コロスケ）/連続音/_ぽんうぇそんぶ.wav,_ぽんうぇそんぶ,,0,vcv,44100,1,4.240000,true,true,
転少女（コロスケ）,転音コロ,連続音,_まヴぃしぇとぅきょは.wav,research/data/raw/reference/utau-samples/転少女（コロスケ）/連続音/_まヴぃしぇとぅきょは.wav,_まヴぃしぇとぅきょは,,0,vcv,44100,1,4.340000,true,true,
転少女（コロスケ）,転音コロ,連続音,_みぇぎぇぼぴゃうぁちゃ.wav,research/data/raw/reference/utau-samples/転少女（コロスケ）/連続音/_みぇぎぇぼぴゃうぁちゃ.wav,_みぇぎぇぼぴゃうぁちゃ,,0,vcv,44100,1,4.440000,true,true,
転少女（コロスケ）,転音コロ,連続音,_みちょばきぇこちゅ.wav,research/data/raw/reference/utau-samples/転少女（コロスケ）/連続音/_みちょばきぇこちゅ.wav,_みちょばきぇこちゅ,,0,vcv,44100,1,4.600000,true,true,
転少女（コロスケ）,転音コロ,連続音,_みゃびゃぜえうぃだ.wav,research/data/raw/reference/utau-samples/転少女（コロスケ）/連続音/_みゃびゃぜえうぃだ.wav,_みゃびゃぜえうぃだ,,0,vcv,44100,1,4.380000,true,true,
転少女（コロスケ）,転音コロ,連続音,_みゅりょりゅぞしえ.wav,research/data/raw/reference/utau-samples/転少女（コロスケ）/連続音/_みゅりょりゅぞしえ.wav,_みゅりょりゅぞしえ,,0,vcv,44100,1,4.560000,true,true,
転少女（コロスケ）,転音コロ,連続音,_みょだびぇみぇつへ.wav,research/data/raw/reference/utau-samples/転少女（コロスケ）/連続音/_みょだびぇみぇつへ.wav,_みょだびぇみぇつへ,,0,vcv,44100,1,4.480000,true,true,
転少女（コロスケ）,転音コロ,連続音,_むきゃでぃばんい.wav,research/data/raw/reference/utau-samples/転少女（コロスケ）/連続音/_むきゃでぃばんい.wav,_むきゃでぃばんい,,0,vcv,44100,1,4.440000,true,true,
転少女（コロスケ）,転音コロ,連続音,_めしヴぇげさてぃ.wav,research/data/raw/reference/utau-samples/転少女（コロスケ）/連続音/_めしヴぇげさてぃ.wav,_めしヴぇげさてぃ,,0,vcv,44100,1,4.420000,true,true,
転少女（コロスケ）,転音コロ,連続音,_もきびぇヴぁまじぇ.wav,research/data/raw/reference/utau-samples/転少女（コロスケ）/連続音/_もきびぇヴぁまじぇ.wav,_もきびぇヴぁまじぇ,,0,vcv,44100,1,4.420000,true,true,
転少女（コロスケ）,転音コロ,連続音,_やねぜきゃみじぇ.wav,research/data/raw/reference/utau-samples/転少女（コロスケ）/連続音/_やねぜきゃみじぇ.wav,_やねぜきゃみじぇ,,0,vcv,44100,1,4.200000,true,true,
転少女（コロスケ）,転音コロ,連続音,_ゆみょぴょにゃゆや.wav,research/data/raw/reference/utau-samples/転少女（コロスケ）/連続音/_ゆみょぴょにゃゆや.wav,_ゆみょぴょにゃゆや,,0,vcv,44100,1,4.420000,true,true,
転少女（コロスケ）,転音コロ,連続音,_よぽヴぉぴぇとと.wav,research/data/raw/reference/utau-samples/転少女（コロスケ）/連続音/_よぽヴぉぴぇとと.wav,_よぽヴぉぴぇとと,,0,vcv,44100,1,4.400000,true,true,
転少女（コロスケ）,転音コロ,連続音,_らんかんへは.wav,research/data/raw/reference/utau-samples/転少女（コロスケ）/連続音/_らんかんへは.wav,_らんかんへは,- ら,4,vcv,44100,1,4.420000,true,true,
転少女（コロスケ）,転音コロ,連続音,_りぇぴょちふゆわ.wav,research/data/raw/reference/utau-samples/転少女（コロスケ）/連続音/_りぇぴょちふゆわ.wav,_りぇぴょちふゆわ,,0,vcv,44100,1,4.474989,true,true,
転少女（コロスケ）,転音コロ,連続音,_りまんどじゅめ.wav,research/data/raw/reference/utau-samples/転少女（コロスケ）/連続音/_りまんどじゅめ.wav,_りまんどじゅめ,,0,vcv,44100,1,4.480000,true,true,
転少女（コロスケ）,転音コロ,連続音,_りゃにゅらぐでぃび.wav,research/data/raw/reference/utau-samples/転少女（コロスケ）/連続音/_りゃにゅらぐでぃび.wav,_りゃにゅらぐでぃび,,0,vcv,44100,1,4.460000,true,true,
転少女（コロスケ）,転音コロ,連続音,_りゅしゅぎゅぎゃじぎゅ.wav,research/data/raw/reference/utau-samples/転少女（コロスケ）/連続音/_りゅしゅぎゅぎゃじぎゅ.wav,_りゅしゅぎゅぎゃじぎゅ,,0,vcv,44100,1,4.520000,true,true,
転少女（コロスケ）,転音コロ,連続音,_りょでやぎゅじの.wav,research/data/raw/reference/utau-samples/転少女（コロスケ）/連続音/_りょでやぎゅじの.wav,_りょでやぎゅじの,,0,vcv,44100,1,4.360000,true,true,
転少女（コロスケ）,転音コロ,連続音,_るれみょががろ.wav,research/data/raw/reference/utau-samples/転少女（コロスケ）/連続音/_るれみょががろ.wav,_るれみょががろ,,0,vcv,44100,1,4.500000,true,true,
転少女（コロスケ）,転音コロ,連続音,_れでりゅあすぴゃ.wav,research/data/raw/reference/utau-samples/転少女（コロスケ）/連続音/_れでりゅあすぴゃ.wav,_れでりゅあすぴゃ,,0,vcv,44100,1,4.520000,true,true,
転少女（コロスケ）,転音コロ,連続音,_ろいれにひゃきょ.wav,research/data/raw/reference/utau-samples/転少女（コロスケ）/連続音/_ろいれにひゃきょ.wav,_ろいれにひゃきょ,- ろ,5,vcv,44100,1,4.460000,true,true,
転少女（コロスケ）,転音コロ,連続音,_わさぴゅろねう.wav,research/data/raw/reference/utau-samples/転少女（コロスケ）/連続音/_わさぴゅろねう.wav,_わさぴゅろねう,,0,vcv,44100,1,4.420000,true,true,
転少女（コロスケ）,転音コロ,連続音,_んうぉんにゃんぼ.wav,research/data/raw/reference/utau-samples/転少女（コロスケ）/連続音/_んうぉんにゃんぼ.wav,_んうぉんにゃんぼ,,0,vcv,44100,1,4.460023,true,true,
転少女（コロスケ）,転音コロ,連続音,_んえいうぇんとぅ.wav,research/data/raw/reference/utau-samples/転少女（コロスケ）/連続音/_んえいうぇんとぅ.wav,_んえいうぇんとぅ,n え,3,vcv,44100,1,4.560000,true,true,
転少女（コロスケ）,転音コロ,連続音,_んおいはんぎゅ.wav,research/data/raw/reference/utau-samples/転少女（コロスケ）/連続音/_んおいはんぎゅ.wav,_んおいはんぎゅ,,0,vcv,44100,1,4.360000,true,true,
転少女（コロスケ）,転音コロ,連続音,_んきぇんぎゆん.wav,research/data/raw/reference/utau-samples/転少女（コロスケ）/連続音/_んきぇんぎゆん.wav,_んきぇんぎゆん,,0,vcv,44100,1,4.480000,true,true,
転少女（コロスケ）,転音コロ,連続音,_んきゃいにゃんぎょ.wav,research/data/raw/reference/utau-samples/転少女（コロスケ）/連続音/_んきゃいにゃんぎょ.wav,_んきゃいにゃんぎょ,,0,vcv,44100,1,4.380000,true,true,
転少女（コロスケ）,転音コロ,連続音,_んきるんむい.wav,research/data/raw/reference/utau-samples/転少女（コロスケ）/連続音/_んきるんむい.wav,_んきるんむい,n き,3,vcv,44100,1,4.060000,true,true,
転少女（コロスケ）,転音コロ,連続音,_んぎゃんだいい.wav,research/data/raw/reference/utau-samples/転少女（コロスケ）/連続音/_んぎゃんだいい.wav,_んぎゃんだいい,,0,vcv,44100,1,4.500000,true,true,
転少女（コロスケ）,転音コロ,連続音,_んけいぷんじょ.wav,research/data/raw/reference/utau-samples/転少女（コロスケ）/連続音/_んけいぷんじょ.wav,_んけいぷんじょ,,0,vcv,44100,1,4.420000,true,true,
転少女（コロスケ）,転音コロ,連続音,_んしぇいきゅんひゃ.wav,research/data/raw/reference/utau-samples/転少女（コロスケ）/連続音/_んしぇいきゅんひゃ.wav,_んしぇいきゅんひゃ,n しぇ,3,vcv,44100,1,4.480000,true,true,
転少女（コロスケ）,転音コロ,連続音,_んしょんめんぴょ.wav,research/data/raw/reference/utau-samples/転少女（コロスケ）/連続音/_んしょんめんぴょ.wav,_んしょんめんぴょ,,0,vcv,44100,1,4.460000,true,true,
転少女（コロスケ）,転音コロ,連続音,_んじぇんなんしゃ.wav,research/data/raw/reference/utau-samples/転少女（コロスケ）/連続音/_んじぇんなんしゃ.wav,_んじぇんなんしゃ,,0,vcv,44100,1,4.400023,true,true,
転少女（コロスケ）,転音コロ,連続音,_んせんみぴゅん.wav,research/data/raw/reference/utau-samples/転少女（コロスケ）/連続音/_んせんみぴゅん.wav,_んせんみぴゅん,,0,vcv,44100,1,4.460000,true,true,
転少女（コロスケ）,転音コロ,連続音,_んたいひょんみゃ.wav,research/data/raw/reference/utau-samples/転少女（コロスケ）/連続音/_んたいひょんみゃ.wav,_んたいひょんみゃ,n た,3,vcv,44100,1,4.460000,true,true,
転少女（コロスケ）,転音コロ,連続音,_んちじゅんヴん.wav,research/data/raw/reference/utau-samples/転少女（コロスケ）/連続音/_んちじゅんヴん.wav,_んちじゅんヴん,,0,vcv,44100,1,4.419977,true,true,
転少女（コロスケ）,転音コロ,連続音,_んちゅんくんじゃ.wav,research/data/raw/reference/utau-samples/転少女（コロスケ）/連続音/_んちゅんくんじゃ.wav,_んちゅんくんじゃ,,0,vcv,44100,1,4.460000,true,true,
転少女（コロスケ）,転音コロ,連続音,_んつんゆんみぇ.wav,research/data/raw/reference/utau-samples/転少女（コロスケ）/連続音/_んつんゆんみぇ.wav,_んつんゆんみぇ,n つ,3,vcv,44100,1,4.480000,true,true,
転少女（コロスケ）,転音コロ,連続音,_んてぃぴぇんちぇい.wav,research/data/raw/reference/utau-samples/転少女（コロスケ）/連続音/_んてぃぴぇんちぇい.wav,_んてぃぴぇんちぇい,,0,vcv,44100,1,4.480000,true,true,
転少女（コロスケ）,転音コロ,連続音,_んでぃみゃんヴぁん.wav,research/data/raw/reference/utau-samples/転少女（コロスケ）/連続音/_んでぃみゃんヴぁん.wav,_んでぃみゃんヴぁん,,0,vcv,44100,1,4.500000,true,true,
転少女（コロスケ）,転音コロ,連続音,_んでんねんぴゃ.wav,research/data/raw/reference/utau-samples/転少女（コロスケ）/連続音/_んでんねんぴゃ.wav,_んでんねんぴゃ,,0,vcv,44100,1,4.480000,true,true,
転少女（コロスケ）,転音コロ,連続音,_んにけんあい.wav,research/data/raw/reference/utau-samples/転少女（コロスケ）/連続音/_んにけんあい.wav,_んにけんあい,n に,3,vcv,44100,1,4.300000,true,true,
転少女（コロスケ）,転音コロ,連続音,_んはんヴぉいべ.wav,research/data/raw/reference/utau-samples/転少女（コロスケ）/連続音/_んはんヴぉいべ.wav,_んはんヴぉいべ,,0,vcv,44100,1,4.359977,true,true,
転少女（コロスケ）,転音コロ,連続音,_んばりゅちゃべぷ.wav,research/data/raw/reference/utau-samples/転少女（コロスケ）/連続音/_んばりゅちゃべぷ.wav,_んばりゅちゃべぷ,,0,vcv,44100,1,4.340000,true,true,
転少女（コロスケ）,転音コロ,連続音,_んひぇんよんひゅ.wav,research/data/raw/reference/utau-samples/転少女（コロスケ）/連続音/_んひぇんよんひゅ.wav,_んひぇんよんひゅ,n ひぇ,3,vcv,44100,1,4.500000,true,true,
転少女（コロスケ）,転音コロ,連続音,_んびむんきょん.wav,research/data/raw/reference/utau-samples/転少女（コロスケ）/連続音/_んびむんきょん.wav,_んびむんきょん,,0,vcv,44100,1,4.400000,true,true,
転少女（コロスケ）,転音コロ,連続音,_んびゃんにょんも.wav,research/data/raw/reference/utau-samples/転少女（コロスケ）/連続音/_んびゃんにょんも.wav,_んびゃんにょんも,,0,vcv,44100,1,4.520000,true,true,
転少女（コロスケ）,転音コロ,連続音,_んびゅんうぁんら.wav,research/data/raw/reference/utau-samples/転少女（コロスケ）/連続音/_んびゅんうぁんら.wav,_んびゅんうぁんら,,0,vcv,44100,1,4.540000,true,true,
転少女（コロスケ）,転音コロ,連続音,_んぴヴぃきょんま.wav,research/data/raw/reference/utau-samples/転少女（コロスケ）/連続音/_んぴヴぃきょんま.wav,_んぴヴぃきょんま,,0,vcv,44100,1,4.439977,true,true,
転少女（コロスケ）,転音コロ,連続音,_んふんれんそ.wav,research/data/raw/reference/utau-samples/転少女（コロスケ）/連続音/_んふんれんそ.wav,_んふんれんそ,n ふ,3,vcv,44100,1,4.460000,true,true,
転少女（コロスケ）,転音コロ,連続音,_んぷんのいあ.wav,research/data/raw/reference/utau-samples/転少女（コロスケ）/連続音/_んぷんのいあ.wav,_んぷんのいあ,,0,vcv,44100,1,4.540023,true,true,
転少女（コロスケ）,転音コロ,連続音,_んべんびょんさ.wav,research/data/raw/reference/utau-samples/転少女（コロスケ）/連続音/_んべんびょんさ.wav,_んべんびょんさ,,0,vcv,44100,1,4.560023,true,true,
転少女（コロスケ）,転音コロ,連続音,_んぺいこんうぃ.wav,research/data/raw/reference/utau-samples/転少女（コロスケ）/連続音/_んぺいこんうぃ.wav,_んぺいこんうぃ,,0,vcv,44100,1,4.460000,true,true,
転少女（コロスケ）,転音コロ,連続音,_んぽいずんし.wav,research/data/raw/reference/utau-samples/転少女（コロスケ）/連続音/_んぽいずんし.wav,_んぽいずんし,,0,vcv,44100,1,4.400000,true,true,
転少女（コロスケ）,転音コロ,連続音,_んみゅんがんりぇ.wav,research/data/raw/reference/utau-samples/転少女（コロスケ）/連続音/_んみゅんがんりぇ.wav,_んみゅんがんりぇ,,0,vcv,44100,1,4.560000,true,true,
転少女（コロスケ）,転音コロ,連続音,_んりゃんぞんちゃ.wav,research/data/raw/reference/utau-samples/転少女（コロスケ）/連続音/_んりゃんぞんちゃ.wav,_んりゃんぞんちゃ,,0,vcv,44100,1,4.500000,true,true,
転少女（コロスケ）,転音コロ,連続音,_んりゅいげんほ.wav,research/data/raw/reference/utau-samples/転少女（コロスケ）/連続音/_んりゅいげんほ.wav,_んりゅいげんほ,,0,vcv,44100,1,4.400000,true,true,
転少女（コロスケ）,転音コロ,連続音,_んるいうぃなん.wav,research/data/raw/reference/utau-samples/転少女（コロスケ）/連続音/_んるいうぃなん.wav,_んるいうぃなん,n る,3,vcv,44100,1,4.340000,true,true,
転少女（コロスケ）,転音コロ,連続音,_んわいぐんりょ.wav,research/data/raw/reference/utau-samples/転少女（コロスケ）/連続音/_んわいぐんりょ.wav,_んわいぐんりょ,,0,vcv,44100,1,4.420000,true,true,
転少女（コロスケ）,転音コロ,連続音,_んんじゅんぐん.wav,research/data/raw/reference/utau-samples/転少女（コロスケ）/連続音/_んんじゅんぐん.wav,_んんじゅんぐん,,0,vcv,44100,1,4.440000,true,true,
転少女（コロスケ）,転音コロ,連続音,_ヴぁんみょんしゅじぇ.wav,research/data/raw/reference/utau-samples/転少女（コロスケ）/連続音/_ヴぁんみょんしゅじぇ.wav,_ヴぁんみょんしゅじぇ,,0,vcv,44100,1,4.520000,true,true,
転少女（コロスケ）,転音コロ,連続音,_ヴぃしゃしぇろにゅた.wav,research/data/raw/reference/utau-samples/転少女（コロスケ）/連続音/_ヴぃしゃしぇろにゅた.wav,_ヴぃしゃしぇろにゅた,,0,vcv,44100,1,4.500000,true,true,
転少女（コロスケ）,転音コロ,連続音,_ヴぇぴゅいじちゃら.wav,research/data/raw/reference/utau-samples/転少女（コロスケ）/連続音/_ヴぇぴゅいじちゃら.wav,_ヴぇぴゅいじちゃら,,0,vcv,44100,1,4.520000,true,true,
転少女（コロスケ）,転音コロ,連続音,_ヴぉるぺどヴざ.wav,research/data/raw/reference/utau-samples/転少女（コロスケ）/連続音/_ヴぉるぺどヴざ.wav,_ヴぉるぺどヴざ,,0,vcv,44100,1,4.600000,true,true,
転少女（コロスケ）,転音コロ,連続音,_ヴてぃもぶふひゅ.wav,research/data/raw/reference/utau-samples/転少女（コロスケ）/連続音/_ヴてぃもぶふひゅ.wav,_ヴてぃもぶふひゅ,,0,vcv,44100,1,4.500000,true,true,
金田朋子,奏音トモ,単独音,あ.wav,research/data/raw/reference/utau-samples/金田朋子/単独音/あ.wav,あ,,1,vowel,44100,1,1.687347,true,true,
金田朋子,奏音トモ,単独音,い.wav,research/data/raw/reference/utau-samples/金田朋子/単独音/い.wav,い,,1,vowel,44100,1,1.749841,true,true,
金田朋子,奏音トモ,単独音,いぇ.wav,research/data/raw/reference/utau-samples/金田朋子/単独音/いぇ.wav,いぇ,,1,cv,44100,1,1.812336,true,true,
金田朋子,奏音トモ,単独音,う.wav,research/data/raw/reference/utau-samples/金田朋子/単独音/う.wav,う,,1,vowel,44100,1,1.687347,true,true,
金田朋子,奏音トモ,単独音,うぃ.wav,research/data/raw/reference/utau-samples/金田朋子/単独音/うぃ.wav,うぃ,,1,cv,44100,1,1.687347,true,true,
金田朋子,奏音トモ,単独音,うぇ.wav,research/data/raw/reference/utau-samples/金田朋子/単独音/うぇ.wav,うぇ,,1,cv,44100,1,1.687347,true,true,
金田朋子,奏音トモ,単独音,うぉ.wav,research/data/raw/reference/utau-samples/金田朋子/単独音/うぉ.wav,うぉ,,1,cv,44100,1,1.687347,true,true,
金田朋子,奏音トモ,単独音,え.wav,research/data/raw/reference/utau-samples/金田朋子/単独音/え.wav,え,,1,vowel,44100,1,1.687347,true,true,
金田朋子,奏音トモ,単独音,お.wav,research/data/raw/reference/utau-samples/金田朋子/単独音/お.wav,お,を,1,vowel,44100,1,1.687347,true,true,
金田朋子,奏音トモ,単独音,か.wav,research/data/raw/reference/utau-samples/金田朋子/単独音/か.wav,か,,1,cv,44100,1,1.749841,true,true,
金田朋子,奏音トモ,単独音,が.wav,research/data/raw/reference/utau-samples/金田朋子/単独音/が.wav,が,,0,cv,44100,1,1.687347,true,true,
金田朋子,奏音トモ,単独音,き.wav,research/data/raw/reference/utau-samples/金田朋子/単独音/き.wav,き,,1,cv,44100,1,1.687347,true,true,
金田朋子,奏音トモ,単独音,きぇ.wav,research/data/raw/reference/utau-samples/金田朋子/単独音/きぇ.wav,きぇ,,1,cv,44100,1,1.687347,true,true,
金田朋子,奏音トモ,単独音,きゃ.wav,research/data/raw/reference/utau-samples/金田朋子/単独音/きゃ.wav,きゃ,,1,cv,44100,1,1.687347,true,true,
金田朋子,奏音トモ,単独音,きゅ.wav,research/data/raw/reference/utau-samples/金田朋子/単独音/きゅ.wav,きゅ,,1,cv,44100,1,1.749841,true,true,
金田朋子,奏音トモ,単独音,きょ.wav,research/data/raw/reference/utau-samples/金田朋子/単独音/きょ.wav,きょ,,1,cv,44100,1,1.687347,true,true,
金田朋子,奏音トモ,単独音,ぎ.wav,research/data/raw/reference/utau-samples/金田朋子/単独音/ぎ.wav,ぎ,,0,cv,44100,1,1.687347,true,true,
金田朋子,奏音トモ,単独音,ぎぇ.wav,research/data/raw/reference/utau-samples/金田朋子/単独音/ぎぇ.wav,ぎぇ,,0,cv,44100,1,1.687347,true,true,
金田朋子,奏音トモ,単独音,ぎゃ.wav,research/data/raw/reference/utau-samples/金田朋子/単独音/ぎゃ.wav,ぎゃ,,0,cv,44100,1,1.687347,true,true,
金田朋子,奏音トモ,単独音,ぎゅ.wav,research/data/raw/reference/utau-samples/金田朋子/単独音/ぎゅ.wav,ぎゅ,,0,cv,44100,1,1.749841,true,true,
金田朋子,奏音トモ,単独音,ぎょ.wav,research/data/raw/reference/utau-samples/金田朋子/単独音/ぎょ.wav,ぎょ,,0,cv,44100,1,1.624853,true,true,
金田朋子,奏音トモ,単独音,く.wav,research/data/raw/reference/utau-samples/金田朋子/単独音/く.wav,く,,1,cv,44100,1,1.749841,true,true,
金田朋子,奏音トモ,単独音,くぁ.wav,research/data/raw/reference/utau-samples/金田朋子/単独音/くぁ.wav,くぁ,,1,cv,44100,1,1.749841,true,true,
金田朋子,奏音トモ,単独音,くぃ.wav,research/data/raw/reference/utau-samples/金田朋子/単独音/くぃ.wav,くぃ,,1,cv,44100,1,1.687347,true,true,
金田朋子,奏音トモ,単独音,くぇ.wav,research/data/raw/reference/utau-samples/金田朋子/単独音/くぇ.wav,くぇ,,1,cv,44100,1,1.687347,true,true,
金田朋子,奏音トモ,単独音,くぉ.wav,research/data/raw/reference/utau-samples/金田朋子/単独音/くぉ.wav,くぉ,,1,cv,44100,1,1.687347,true,true,
金田朋子,奏音トモ,単独音,ぐ.wav,research/data/raw/reference/utau-samples/金田朋子/単独音/ぐ.wav,ぐ,,0,cv,44100,1,1.749841,true,true,
金田朋子,奏音トモ,単独音,ぐぁ.wav,research/data/raw/reference/utau-samples/金田朋子/単独音/ぐぁ.wav,ぐぁ,,0,cv,44100,1,1.687347,true,true,
金田朋子,奏音トモ,単独音,ぐぃ.wav,research/data/raw/reference/utau-samples/金田朋子/単独音/ぐぃ.wav,ぐぃ,,0,cv,44100,1,1.749841,true,true,
金田朋子,奏音トモ,単独音,ぐぇ.wav,research/data/raw/reference/utau-samples/金田朋子/単独音/ぐぇ.wav,ぐぇ,,0,cv,44100,1,1.687347,true,true,
金田朋子,奏音トモ,単独音,ぐぉ.wav,research/data/raw/reference/utau-samples/金田朋子/単独音/ぐぉ.wav,ぐぉ,,0,cv,44100,1,1.749841,true,true,
金田朋子,奏音トモ,単独音,け.wav,research/data/raw/reference/utau-samples/金田朋子/単独音/け.wav,け,,1,cv,44100,1,1.687347,true,true,
金田朋子,奏音トモ,単独音,げ.wav,research/data/raw/reference/utau-samples/金田朋子/単独音/げ.wav,げ,,0,cv,44100,1,1.749841,true,true,
金田朋子,奏音トモ,単独音,こ.wav,research/data/raw/reference/utau-samples/金田朋子/単独音/こ.wav,こ,,1,cv,44100,1,1.687347,true,true,
金田朋子,奏音トモ,単独音,ご.wav,research/data/raw/reference/utau-samples/金田朋子/単独音/ご.wav,ご,,0,cv,44100,1,1.687347,true,true,
金田朋子,奏音トモ,単独音,さ.wav,research/data/raw/reference/utau-samples/金田朋子/単独音/さ.wav,さ,,1,cv,44100,1,1.749841,true,true,
金田朋子,奏音トモ,単独音,ざ.wav,research/data/raw/reference/utau-samples/金田朋子/単独音/ざ.wav,ざ,,0,cv,44100,1,1.749841,true,true,
金田朋子,奏音トモ,単独音,し.wav,research/data/raw/reference/utau-samples/金田朋子/単独音/し.wav,し,,1,cv,44100,1,1.687347,true,true,
金田朋子,奏音トモ,単独音,しぇ.wav,research/data/raw/reference/utau-samples/金田朋子/単独音/しぇ.wav,しぇ,,1,cv,44100,1,1.687347,true,true,
金田朋子,奏音トモ,単独音,しゃ.wav,research/data/raw/reference/utau-samples/金田朋子/単独音/しゃ.wav,しゃ,,1,cv,44100,1,1.687347,true,true,
金田朋子,奏音トモ,単独音,しゅ.wav,research/data/raw/reference/utau-samples/金田朋子/単独音/しゅ.wav,しゅ,,1,cv,44100,1,1.687347,true,true,
金田朋子,奏音トモ,単独音,しょ.wav,research/data/raw/reference/utau-samples/金田朋子/単独音/しょ.wav,しょ,,1,cv,44100,1,1.749841,true,true,
金田朋子,奏音トモ,単独音,じ.wav,research/data/raw/reference/utau-samples/金田朋子/単独音/じ.wav,じ,,0,cv,44100,1,1.687347,true,true,
金田朋子,奏音トモ,単独音,じぇ.wav,research/data/raw/reference/utau-samples/金田朋子/単独音/じぇ.wav,じぇ,,0,cv,44100,1,1.687347,true,true,
金田朋子,奏音トモ,単独音,じゃ.wav,research/data/raw/reference/utau-samples/金田朋子/単独音/じゃ.wav,じゃ,,0,cv,44100,1,1.687347,true,true,
金田朋子,奏音トモ,単独音,じゅ.wav,research/data/raw/reference/utau-samples/金田朋子/単独音/じゅ.wav,じゅ,,0,cv,44100,1,1.749841,true,true,
金田朋子,奏音トモ,単独音,じょ.wav,research/data/raw/reference/utau-samples/金田朋子/単独音/じょ.wav,じょ,,0,cv,44100,1,1.687347,true,true,
金田朋子,奏音トモ,単独音,す.wav,research/data/raw/reference/utau-samples/金田朋子/単独音/す.wav,す,,1,cv,44100,1,1.687347,true,true,
金田朋子,奏音トモ,単独音,すぁ.wav,research/data/raw/reference/utau-samples/金田朋子/単独音/すぁ.wav,すぁ,,1,cv,44100,1,1.687347,true,true,
金田朋子,奏音トモ,単独音,すぃ.wav,research/data/raw/reference/utau-samples/金田朋子/単独音/すぃ.wav,すぃ,,1,cv,44100,1,1.687347,true,true,
金田朋子,奏音トモ,単独音,すぇ.wav,research/data/raw/reference/utau-samples/金田朋子/単独音/すぇ.wav,すぇ,,1,cv,44100,1,1.687347,true,true,
金田朋子,奏音トモ,単独音,すぉ.wav,research/data/raw/reference/utau-samples/金田朋子/単独音/すぉ.wav,すぉ,,1,cv,44100,1,1.687347,true,true,
金田朋子,奏音トモ,単独音,ず.wav,research/data/raw/reference/utau-samples/金田朋子/単独音/ず.wav,ず,,0,cv,44100,1,1.687347,true,true,
金田朋子,奏音トモ,単独音,ずぁ.wav,research/data/raw/reference/utau-samples/金田朋子/単独音/ずぁ.wav,ずぁ,,0,cv,44100,1,1.687347,true,true,
金田朋子,奏音トモ,単独音,ずぃ.wav,research/data/raw/reference/utau-samples/金田朋子/単独音/ずぃ.wav,ずぃ,,0,cv,44100,1,1.749841,true,true,
金田朋子,奏音トモ,単独音,ずぇ.wav,research/data/raw/reference/utau-samples/金田朋子/単独音/ずぇ.wav,ずぇ,,0,cv,44100,1,1.749841,true,true,
金田朋子,奏音トモ,単独音,ずぉ.wav,research/data/raw/reference/utau-samples/金田朋子/単独音/ずぉ.wav,ずぉ,,0,cv,44100,1,1.687347,true,true,
金田朋子,奏音トモ,単独音,せ.wav,research/data/raw/reference/utau-samples/金田朋子/単独音/せ.wav,せ,,1,cv,44100,1,1.687347,true,true,
金田朋子,奏音トモ,単独音,ぜ.wav,research/data/raw/reference/utau-samples/金田朋子/単独音/ぜ.wav,ぜ,,0,cv,44100,1,1.687347,true,true,
金田朋子,奏音トモ,単独音,そ.wav,research/data/raw/reference/utau-samples/金田朋子/単独音/そ.wav,そ,,1,cv,44100,1,1.687347,true,true,
金田朋子,奏音トモ,単独音,ぞ.wav,research/data/raw/reference/utau-samples/金田朋子/単独音/ぞ.wav,ぞ,,0,cv,44100,1,1.687347,true,true,
金田朋子,奏音トモ,単独音,た.wav,research/data/raw/reference/utau-samples/金田朋子/単独音/た.wav,た,,1,cv,44100,1,1.687347,true,true,
金田朋子,奏音トモ,単独音,だ.wav,research/data/raw/reference/utau-samples/金田朋子/単独音/だ.wav,だ,,0,cv,44100,1,1.749841,true,true,
金田朋子,奏音トモ,単独音,ち.wav,research/data/raw/reference/utau-samples/金田朋子/単独音/ち.wav,ち,,1,cv,44100,1,1.749841,true,true,
金田朋子,奏音トモ,単独音,ちぇ.wav,research/data/raw/reference/utau-samples/金田朋子/単独音/ちぇ.wav,ちぇ,,1,cv,44100,1,1.687347,true,true,
金田朋子,奏音トモ,単独音,ちゃ.wav,research/data/raw/reference/utau-samples/金田朋子/単独音/ちゃ.wav,ちゃ,,1,cv,44100,1,1.687347,true,true,
金田朋子,奏音トモ,単独音,ちゅ.wav,research/data/raw/reference/utau-samples/金田朋子/単独音/ちゅ.wav,ちゅ,,1,cv,44100,1,1.812336,true,true,
金田朋子,奏音トモ,単独音,ちょ.wav,research/data/raw/reference/utau-samples/金田朋子/単独音/ちょ.wav,ちょ,,1,cv,44100,1,1.687347,true,true,
金田朋子,奏音トモ,単独音,つ.wav,research/data/raw/reference/utau-samples/金田朋子/単独音/つ.wav,つ,,1,cv,44100,1,1.687347,true,true,
金田朋子,奏音トモ,単独音,つぁ.wav,research/data/raw/reference/utau-samples/金田朋子/単独音/つぁ.wav,つぁ,,1,cv,44100,1,1.687347,true,true,
金田朋子,奏音トモ,単独音,つぃ.wav,research/data/raw/reference/utau-samples/金田朋子/単独音/つぃ.wav,つぃ,,1,cv,44100,1,1.687347,true,true,
金田朋子,奏音トモ,単独音,つぇ.wav,research/data/raw/reference/utau-samples/金田朋子/単独音/つぇ.wav,つぇ,,1,cv,44100,1,1.749841,true,true,
金田朋子,奏音トモ,単独音,つぉ.wav,research/data/raw/reference/utau-samples/金田朋子/単独音/つぉ.wav,つぉ,,1,cv,44100,1,1.687347,true,true,
金田朋子,奏音トモ,単独音,て.wav,research/data/raw/reference/utau-samples/金田朋子/単独音/て.wav,て,,1,cv,44100,1,1.687347,true,true,
金田朋子,奏音トモ,単独音,てぃ.wav,research/data/raw/reference/utau-samples/金田朋子/単独音/てぃ.wav,てぃ,,1,cv,44100,1,1.687347,true,true,
金田朋子,奏音トモ,単独音,で.wav,research/data/raw/reference/utau-samples/金田朋子/単独音/で.wav,で,,0,cv,44100,1,1.687347,true,true,
金田朋子,奏音トモ,単独音,でぃ.wav,research/data/raw/reference/utau-samples/金田朋子/単独音/でぃ.wav,でぃ,,0,cv,44100,1,1.687347,true,true,
金田朋子,奏音トモ,単独音,と.wav,research/data/raw/reference/utau-samples/金田朋子/単独音/と.wav,と,,1,cv,44100,1,1.687347,true,true,
金田朋子,奏音トモ,単独音,とぅ.wav,research/data/raw/reference/utau-samples/金田朋子/単独音/とぅ.wav,とぅ,,1,cv,44100,1,1.624853,true,true,
金田朋子,奏音トモ,単独音,ど.wav,research/data/raw/reference/utau-samples/金田朋子/単独音/ど.wav,ど,,0,cv,44100,1,1.687347,true,true,
金田朋子,奏音トモ,単独音,どぅ.wav,research/data/raw/reference/utau-samples/金田朋子/単独音/どぅ.wav,どぅ,,0,cv,44100,1,1.749841,true,true,
金田朋子,奏音トモ,単独音,な.wav,research/data/raw/reference/utau-samples/金田朋子/単独音/な.wav,な,,1,cv,44100,1,1.749841,true,true,
金田朋子,奏音トモ,単独音,に.wav,research/data/raw/reference/utau-samples/金田朋子/単独音/に.wav,に,,1,cv,44100,1,1.687347,true,true,
金田朋子,奏音トモ,単独音,にぇ.wav,research/data/raw/reference/utau-samples/金田朋子/単独音/にぇ.wav,にぇ,,1,cv,44100,1,1.749841,true,true,
金田朋子,奏音トモ,単独音,にゃ.wav,research/data/raw/reference/utau-samples/金田朋子/単独音/にゃ.wav,にゃ,,1,cv,44100,1,1.687347,true,true,
金田朋子,奏音トモ,単独音,にゅ.wav,research/data/raw/reference/utau-samples/金田朋子/単独音/にゅ.wav,にゅ,,1,cv,44100,1,1.687347,true,true,
金田朋子,奏音トモ,単独音,にょ.wav,research/data/raw/reference/utau-samples/金田朋子/単独音/にょ.wav,にょ,,1,cv,44100,1,1.687347,true,true,
金田朋子,奏音トモ,単独音,ぬ.wav,research/data/raw/reference/utau-samples/金田朋子/単独音/ぬ.wav,ぬ,,1,cv,44100,1,1.749841,true,true,
金田朋子,奏音トモ,単独音,ね.wav,research/data/raw/reference/utau-samples/金田朋子/単独音/ね.wav,ね,,1,cv,44100,1,1.687347,true,true,
金田朋子,奏音トモ,単独音,の.wav,research/data/raw/reference/utau-samples/金田朋子/単独音/の.wav,の,,1,cv,44100,1,1.687347,true,true,
金田朋子,奏音トモ,単独音,は.wav,research/data/raw/reference/utau-samples/金田朋子/単独音/は.wav,は,,1,cv,44100,1,1.687347,true,true,
金田朋子,奏音トモ,単独音,ば.wav,research/data/raw/reference/utau-samples/金田朋子/単独音/ば.wav,ば,,0,cv,44100,1,1.687347,true,true,
金田朋子,奏音トモ,単独音,ぱ.wav,research/data/raw/reference/utau-samples/金田朋子/単独音/ぱ.wav,ぱ,,0,cv,44100,1,1.749841,true,true,
金田朋子,奏音トモ,単独音,ひ.wav,research/data/raw/reference/utau-samples/金田朋子/単独音/ひ.wav,ひ,,1,cv,44100,1,1.687347,true,true,
金田朋子,奏音トモ,単独音,ひぇ.wav,research/data/raw/reference/utau-samples/金田朋子/単独音/ひぇ.wav,ひぇ,,1,cv,44100,1,1.687347,true,true,
金田朋子,奏音トモ,単独音,ひゃ.wav,research/data/raw/reference/utau-samples/金田朋子/単独音/ひゃ.wav,ひゃ,,1,cv,44100,1,1.687347,true,true,
金田朋子,奏音トモ,単独音,ひゅ.wav,research/data/raw/reference/utau-samples/金田朋子/単独音/ひゅ.wav,ひゅ,,1,cv,44100,1,1.687347,true,true,
金田朋子,奏音トモ,単独音,ひょ.wav,research/data/raw/reference/utau-samples/金田朋子/単独音/ひょ.wav,ひょ,,1,cv,44100,1,1.687347,true,true,
金田朋子,奏音トモ,単独音,び.wav,research/data/raw/reference/utau-samples/金田朋子/単独音/び.wav,び,,0,cv,44100,1,1.687347,true,true,
金田朋子,奏音トモ,単独音,びぇ.wav,research/data/raw/reference/utau-samples/金田朋子/単独音/びぇ.wav,びぇ,,0,cv,44100,1,1.687347,true,true,
金田朋子,奏音トモ,単独音,びゃ.wav,research/data/raw/reference/utau-samples/金田朋子/単独音/びゃ.wav,びゃ,,0,cv,44100,1,1.812336,true,true,
金田朋子,奏音トモ,単独音,びゅ.wav,research/data/raw/reference/utau-samples/金田朋子/単独音/びゅ.wav,びゅ,,0,cv,44100,1,1.687347,true,true,
金田朋子,奏音トモ,単独音,びょ.wav,research/data/raw/reference/utau-samples/金田朋子/単独音/びょ.wav,びょ,,0,cv,44100,1,1.687347,true,true,
金田朋子,奏音トモ,単独音,ぴ.wav,research/data/raw/reference/utau-samples/金田朋子/単独音/ぴ.wav,ぴ,,0,cv,44100,1,1.687347,true,true,
金田朋子,奏音トモ,単独音,ぴぇ.wav,research/data/raw/reference/utau-samples/金田朋子/単独音/ぴぇ.wav,ぴぇ,,0,cv,44100,1,1.687347,true,true,
金田朋子,奏音トモ,単独音,ぴゃ.wav,research/data/raw/reference/utau-samples/金田朋子/単独音/ぴゃ.wav,ぴゃ,,0,cv,44100,1,1.687347,true,true,
金田朋子,奏音トモ,単独音,ぴゅ.wav,research/data/raw/reference/utau-samples/金田朋子/単独音/ぴゅ.wav,ぴゅ,,0,cv,44100,1,1.687347,true,true,
金田朋子,奏音トモ,単独音,ぴょ.wav,research/data/raw/reference/utau-samples/金田朋子/単独音/ぴょ.wav,ぴょ,,0,cv,44100,1,1.687347,true,true,
金田朋子,奏音トモ,単独音,ふ.wav,research/data/raw/reference/utau-samples/金田朋子/単独音/ふ.wav,ふ,,1,cv,44100,1,1.749841,true,true,
金田朋子,奏音トモ,単独音,ふぁ.wav,research/data/raw/reference/utau-samples/金田朋子/単独音/ふぁ.wav,ふぁ,,1,cv,44100,1,1.687347,true,true,
金田朋子,奏音トモ,単独音,ふぃ.wav,research/data/raw/reference/utau-samples/金田朋子/単独音/ふぃ.wav,ふぃ,,1,cv,44100,1,1.687347,true,true,
金田朋子,奏音トモ,単独音,ふぇ.wav,research/data/raw/reference/utau-samples/金田朋子/単独音/ふぇ.wav,ふぇ,,1,cv,44100,1,1.687347,true,true,
金田朋子,奏音トモ,単独音,ふぉ.wav,research/data/raw/reference/utau-samples/金田朋子/単独音/ふぉ.wav,ふぉ,,1,cv,44100,1,1.687347,true,true,
金田朋子,奏音トモ,単独音,ぶ.wav,research/data/raw/reference/utau-samples/金田朋子/単独音/ぶ.wav,ぶ,,0,cv,44100,1,1.749841,true,true,
金田朋子,奏音トモ,単独音,ぷ.wav,research/data/raw/reference/utau-samples/金田朋子/単独音/ぷ.wav,ぷ,,0,cv,44100,1,1.749841,true,true,
金田朋子,奏音トモ,単独音,へ.wav,research/data/raw/reference/utau-samples/金田朋子/単独音/へ.wav,へ,,1,cv,44100,1,1.687347,true,true,
金田朋子,奏音トモ,単独音,べ.wav,research/data/raw/reference/utau-samples/金田朋子/単独音/べ.wav,べ,,0,cv,44100,1,1.687347,true,true,
金田朋子,奏音トモ,単独音,ぺ.wav,research/data/raw/reference/utau-samples/金田朋子/単独音/ぺ.wav,ぺ,,0,cv,44100,1,1.687347,true,true,
金田朋子,奏音トモ,単独音,ほ.wav,research/data/raw/reference/utau-samples/金田朋子/単独音/ほ.wav,ほ,,1,cv,44100,1,1.687347,true,true,
金田朋子,奏音トモ,単独音,ぼ.wav,research/data/raw/reference/utau-samples/金田朋子/単独音/ぼ.wav,ぼ,,0,cv,44100,1,1.749841,true,true,
金田朋子,奏音トモ,単独音,ぽ.wav,research/data/raw/reference/utau-samples/金田朋子/単独音/ぽ.wav,ぽ,,0,cv,44100,1,1.749841,true,true,
金田朋子,奏音トモ,単独音,ま.wav,research/data/raw/reference/utau-samples/金田朋子/単独音/ま.wav,ま,,1,cv,44100,1,1.687347,true,true,
金田朋子,奏音トモ,単独音,み.wav,research/data/raw/reference/utau-samples/金田朋子/単独音/み.wav,み,,1,cv,44100,1,1.687347,true,true,
金田朋子,奏音トモ,単独音,みぇ.wav,research/data/raw/reference/utau-samples/金田朋子/単独音/みぇ.wav,みぇ,,1,cv,44100,1,1.687347,true,true,
金田朋子,奏音トモ,単独音,みゃ.wav,research/data/raw/reference/utau-samples/金田朋子/単独音/みゃ.wav,みゃ,,1,cv,44100,1,1.687347,true,true,
金田朋子,奏音トモ,単独音,みゅ.wav,research/data/raw/reference/utau-samples/金田朋子/単独音/みゅ.wav,みゅ,,1,cv,44100,1,1.687347,true,true,
金田朋子,奏音トモ,単独音,みょ.wav,research/data/raw/reference/utau-samples/金田朋子/単独音/みょ.wav,みょ,,1,cv,44100,1,1.687347,true,true,
金田朋子,奏音トモ,単独音,む.wav,research/data/raw/reference/utau-samples/金田朋子/単独音/む.wav,む,,1,cv,44100,1,1.687347,true,true,
金田朋子,奏音トモ,単独音,め.wav,research/data/raw/reference/utau-samples/金田朋子/単独音/め.wav,め,,1,cv,44100,1,1.749841,true,true,
金田朋子,奏音トモ,単独音,も.wav,research/data/raw/reference/utau-samples/金田朋子/単独音/も.wav,も,,1,cv,44100,1,1.687347,true,true,
金田朋子,奏音トモ,単独音,や.wav,research/data/raw/reference/utau-samples/金田朋子/単独音/や.wav,や,,1,cv,44100,1,1.749841,true,true,
金田朋子,奏音トモ,単独音,ゆ.wav,research/data/raw/reference/utau-samples/金田朋子/単独音/ゆ.wav,ゆ,,1,cv,44100,1,1.687347,true,true,
金田朋子,奏音トモ,単独音,よ.wav,research/data/raw/reference/utau-samples/金田朋子/単独音/よ.wav,よ,,1,cv,44100,1,1.687347,true,true,
金田朋子,奏音トモ,単独音,ら.wav,research/data/raw/reference/utau-samples/金田朋子/単独音/ら.wav,ら,,1,cv,44100,1,1.687347,true,true,
金田朋子,奏音トモ,単独音,り.wav,research/data/raw/reference/utau-samples/金田朋子/単独音/り.wav,り,,1,cv,44100,1,1.749841,true,true,
金田朋子,奏音トモ,単独音,りぇ.wav,research/data/raw/reference/utau-samples/金田朋子/単独音/りぇ.wav,りぇ,,1,cv,44100,1,1.687347,true,true,
金田朋子,奏音トモ,単独音,りゃ.wav,research/data/raw/reference/utau-samples/金田朋子/単独音/りゃ.wav,りゃ,,1,cv,44100,1,1.687347,true,true,
金田朋子,奏音トモ,単独音,りゅ.wav,research/data/raw/reference/utau-samples/金田朋子/単独音/りゅ.wav,りゅ,,1,cv,44100,1,1.687347,true,true,
金田朋子,奏音トモ,単独音,りょ.wav,research/data/raw/reference/utau-samples/金田朋子/単独音/りょ.wav,りょ,,1,cv,44100,1,1.687347,true,true,
金田朋子,奏音トモ,単独音,る.wav,research/data/raw/reference/utau-samples/金田朋子/単独音/る.wav,る,,1,cv,44100,1,1.687347,true,true,
金田朋子,奏音トモ,単独音,れ.wav,research/data/raw/reference/utau-samples/金田朋子/単独音/れ.wav,れ,,1,cv,44100,1,1.687347,true,true,
金田朋子,奏音トモ,単独音,ろ.wav,research/data/raw/reference/utau-samples/金田朋子/単独音/ろ.wav,ろ,,1,cv,44100,1,1.749841,true,true,
金田朋子,奏音トモ,単独音,わ.wav,research/data/raw/reference/utau-samples/金田朋子/単独音/わ.wav,わ,,1,cv,44100,1,1.687347,true,true,
金田朋子,奏音トモ,単独音,ん.wav,research/data/raw/reference/utau-samples/金田朋子/単独音/ん.wav,ん,,1,cv,44100,1,1.812336,true,true,
金田朋子,奏音トモ,単独音,ヴ.wav,research/data/raw/reference/utau-samples/金田朋子/単独音/ヴ.wav,ヴ,,0,cv,44100,1,1.687347,true,true,
金田朋子,奏音トモ,単独音,ヴぁ.wav,research/data/raw/reference/utau-samples/金田朋子/単独音/ヴぁ.wav,ヴぁ,,0,cv,44100,1,1.687347,true,true,
金田朋子,奏音トモ,単独音,ヴぃ.wav,research/data/raw/reference/utau-samples/金田朋子/単独音/ヴぃ.wav,ヴぃ,,0,cv,44100,1,1.687347,true,true,
金田朋子,奏音トモ,単独音,ヴぇ.wav,research/data/raw/reference/utau-samples/金田朋子/単独音/ヴぇ.wav,ヴぇ,,0,cv,44100,1,1.749841,true,true,
金田朋子,奏音トモ,単独音,ヴぉ.wav,research/data/raw/reference/utau-samples/金田朋子/単独音/ヴぉ.wav,ヴぉ,,0,cv,44100,1,1.624853,true,true,
金田朋子,奏音トモ,単独音,息.wav,research/data/raw/reference/utau-samples/金田朋子/単独音/息.wav,息,,1,cv,44100,1,0.603719,true,true,
金田朋子,奏音トモ,単独音-Dark,あ.wav,research/data/raw/reference/utau-samples/金田朋子/単独音-Dark/あ.wav,あ,あ暗,1,vowel,44100,1,1.687347,true,true,
金田朋子,奏音トモ,単独音-Dark,い.wav,research/data/raw/reference/utau-samples/金田朋子/単独音-Dark/い.wav,い,い暗,1,vowel,44100,1,1.687347,true,true,
金田朋子,奏音トモ,単独音-Dark,いぇ.wav,research/data/raw/reference/utau-samples/金田朋子/単独音-Dark/いぇ.wav,いぇ,いぇ暗,1,cv,44100,1,1.687347,true,true,
金田朋子,奏音トモ,単独音-Dark,う.wav,research/data/raw/reference/utau-samples/金田朋子/単独音-Dark/う.wav,う,う暗,1,vowel,44100,1,1.687347,true,true,
金田朋子,奏音トモ,単独音-Dark,うぃ.wav,research/data/raw/reference/utau-samples/金田朋子/単独音-Dark/うぃ.wav,うぃ,うぃ暗,1,cv,44100,1,1.687347,true,true,
金田朋子,奏音トモ,単独音-Dark,うぇ.wav,research/data/raw/reference/utau-samples/金田朋子/単独音-Dark/うぇ.wav,うぇ,うぇ暗,1,cv,44100,1,1.687347,true,true,
金田朋子,奏音トモ,単独音-Dark,うぉ.wav,research/data/raw/reference/utau-samples/金田朋子/単独音-Dark/うぉ.wav,うぉ,うぉ暗,1,cv,44100,1,1.687347,true,true,
金田朋子,奏音トモ,単独音-Dark,え.wav,research/data/raw/reference/utau-samples/金田朋子/単独音-Dark/え.wav,え,え暗,1,vowel,44100,1,1.687347,true,true,
金田朋子,奏音トモ,単独音-Dark,お.wav,research/data/raw/reference/utau-samples/金田朋子/単独音-Dark/お.wav,お,お暗,2,vowel,44100,1,1.687347,true,true,
金田朋子,奏音トモ,単独音-Dark,か.wav,research/data/raw/reference/utau-samples/金田朋子/単独音-Dark/か.wav,か,か暗,1,cv,44100,1,1.687347,true,true,
金田朋子,奏音トモ,単独音-Dark,が.wav,research/data/raw/reference/utau-samples/金田朋子/単独音-Dark/が.wav,が,,0,cv,44100,1,1.687347,true,true,
金田朋子,奏音トモ,単独音-Dark,き.wav,research/data/raw/reference/utau-samples/金田朋子/単独音-Dark/き.wav,き,き暗,1,cv,44100,1,1.687347,true,true,
金田朋子,奏音トモ,単独音-Dark,きぇ.wav,research/data/raw/reference/utau-samples/金田朋子/単独音-Dark/きぇ.wav,きぇ,きぇ暗,1,cv,44100,1,1.687347,true,true,
金田朋子,奏音トモ,単独音-Dark,きゃ.wav,research/data/raw/reference/utau-samples/金田朋子/単独音-Dark/きゃ.wav,きゃ,きゃ暗,1,cv,44100,1,1.687347,true,true,
金田朋子,奏音トモ,単独音-Dark,きゅ.wav,research/data/raw/reference/utau-samples/金田朋子/単独音-Dark/きゅ.wav,きゅ,きゅ暗,1,cv,44100,1,1.749841,true,true,
金田朋子,奏音トモ,単独音-Dark,きょ.wav,research/data/raw/reference/utau-samples/金田朋子/単独音-Dark/きょ.wav,きょ,きょ暗,1,cv,44100,1,1.749841,true,true,
金田朋子,奏音トモ,単独音-Dark,ぎ.wav,research/data/raw/reference/utau-samples/金田朋子/単独音-Dark/ぎ.wav,ぎ,,0,cv,44100,1,1.687347,true,true,
金田朋子,奏音トモ,単独音-Dark,ぎぇ.wav,research/data/raw/reference/utau-samples/金田朋子/単独音-Dark/ぎぇ.wav,ぎぇ,,0,cv,44100,1,1.687347,true,true,
金田朋子,奏音トモ,単独音-Dark,ぎゃ.wav,research/data/raw/reference/utau-samples/金田朋子/単独音-Dark/ぎゃ.wav,ぎゃ,,0,cv,44100,1,1.624853,true,true,
金田朋子,奏音トモ,単独音-Dark,ぎゅ.wav,research/data/raw/reference/utau-samples/金田朋子/単独音-Dark/ぎゅ.wav,ぎゅ,,0,cv,44100,1,1.687347,true,true,
金田朋子,奏音トモ,単独音-Dark,ぎょ.wav,research/data/raw/reference/utau-samples/金田朋子/単独音-Dark/ぎょ.wav,ぎょ,,0,cv,44100,1,1.687347,true,true,
金田朋子,奏音トモ,単独音-Dark,く.wav,research/data/raw/reference/utau-samples/金田朋子/単独音-Dark/く.wav,く,く暗,1,cv,44100,1,1.749841,true,true,
金田朋子,奏音トモ,単独音-Dark,くぁ.wav,research/data/raw/reference/utau-samples/金田朋子/単独音-Dark/くぁ.wav,くぁ,くぁ暗,1,cv,44100,1,1.687347,true,true,
金田朋子,奏音トモ,単独音-Dark,くぃ.wav,research/data/raw/reference/utau-samples/金田朋子/単独音-Dark/くぃ.wav,くぃ,くぃ暗,1,cv,44100,1,1.687347,true,true,
金田朋子,奏音トモ,単独音-Dark,くぇ.wav,research/data/raw/reference/utau-samples/金田朋子/単独音-Dark/くぇ.wav,くぇ,くぇ暗,1,cv,44100,1,1.687347,true,true,
金田朋子,奏音トモ,単独音-Dark,くぉ.wav,research/data/raw/reference/utau-samples/金田朋子/単独音-Dark/くぉ.wav,くぉ,くぉ暗,1,cv,44100,1,1.749841,true,true,
金田朋子,奏音トモ,単独音-Dark,ぐ.wav,research/data/raw/reference/utau-samples/金田朋子/単独音-Dark/ぐ.wav,ぐ,,0,cv,44100,1,1.687347,true,true,
金田朋子,奏音トモ,単独音-Dark,ぐぁ.wav,research/data/raw/reference/utau-samples/金田朋子/単独音-Dark/ぐぁ.wav,ぐぁ,,0,cv,44100,1,1.687347,true,true,
金田朋子,奏音トモ,単独音-Dark,ぐぃ.wav,research/data/raw/reference/utau-samples/金田朋子/単独音-Dark/ぐぃ.wav,ぐぃ,,0,cv,44100,1,1.687347,true,true,
金田朋子,奏音トモ,単独音-Dark,ぐぇ.wav,research/data/raw/reference/utau-samples/金田朋子/単独音-Dark/ぐぇ.wav,ぐぇ,,0,cv,44100,1,1.749841,true,true,
金田朋子,奏音トモ,単独音-Dark,ぐぉ.wav,research/data/raw/reference/utau-samples/金田朋子/単独音-Dark/ぐぉ.wav,ぐぉ,,0,cv,44100,1,1.687347,true,true,
金田朋子,奏音トモ,単独音-Dark,け.wav,research/data/raw/reference/utau-samples/金田朋子/単独音-Dark/け.wav,け,け暗,1,cv,44100,1,1.687347,true,true,
金田朋子,奏音トモ,単独音-Dark,げ.wav,research/data/raw/reference/utau-samples/金田朋子/単独音-Dark/げ.wav,げ,,0,cv,44100,1,1.687347,true,true,
金田朋子,奏音トモ,単独音-Dark,こ.wav,research/data/raw/reference/utau-samples/金田朋子/単独音-Dark/こ.wav,こ,こ暗,1,cv,44100,1,1.687347,true,true,
金田朋子,奏音トモ,単独音-Dark,ご.wav,research/data/raw/reference/utau-samples/金田朋子/単独音-Dark/ご.wav,ご,,0,cv,44100,1,1.687347,true,true,
金田朋子,奏音トモ,単独音-Dark,さ.wav,research/data/raw/reference/utau-samples/金田朋子/単独音-Dark/さ.wav,さ,さ暗,1,cv,44100,1,1.687347,true,true,
金田朋子,奏音トモ,単独音-Dark,ざ.wav,research/data/raw/reference/utau-samples/金田朋子/単独音-Dark/ざ.wav,ざ,,0,cv,44100,1,1.687347,true,true,
金田朋子,奏音トモ,単独音-Dark,し.wav,research/data/raw/reference/utau-samples/金田朋子/単独音-Dark/し.wav,し,し暗,1,cv,44100,1,1.687347,true,true,
金田朋子,奏音トモ,単独音-Dark,しぇ.wav,research/data/raw/reference/utau-samples/金田朋子/単独音-Dark/しぇ.wav,しぇ,しぇ暗,1,cv,44100,1,1.687347,true,true,
金田朋子,奏音トモ,単独音-Dark,しゃ.wav,research/data/raw/reference/utau-samples/金田朋子/単独音-Dark/しゃ.wav,しゃ,しゃ暗,1,cv,44100,1,1.687347,true,true,
金田朋子,奏音トモ,単独音-Dark,しゅ.wav,research/data/raw/reference/utau-samples/金田朋子/単独音-Dark/しゅ.wav,しゅ,しゅ暗,1,cv,44100,1,1.687347,true,true,
金田朋子,奏音トモ,単独音-Dark,しょ.wav,research/data/raw/reference/utau-samples/金田朋子/単独音-Dark/しょ.wav,しょ,しょ暗,1,cv,44100,1,1.687347,true,true,
金田朋子,奏音トモ,単独音-Dark,じ.wav,research/data/raw/reference/utau-samples/金田朋子/単独音-Dark/じ.wav,じ,,0,cv,44100,1,1.687347,true,true,
金田朋子,奏音トモ,単独音-Dark,じぇ.wav,research/data/raw/reference/utau-samples/金田朋子/単独音-Dark/じぇ.wav,じぇ,,0,cv,44100,1,1.687347,true,true,
金田朋子,奏音トモ,単独音-Dark,じゃ.wav,research/data/raw/reference/utau-samples/金田朋子/単独音-Dark/じゃ.wav,じゃ,,0,cv,44100,1,1.687347,true,true,
金田朋子,奏音トモ,単独音-Dark,じゅ.wav,research/data/raw/reference/utau-samples/金田朋子/単独音-Dark/じゅ.wav,じゅ,,0,cv,44100,1,1.687347,true,true,
金田朋子,奏音トモ,単独音-Dark,じょ.wav,research/data/raw/reference/utau-samples/金田朋子/単独音-Dark/じょ.wav,じょ,,0,cv,44100,1,1.687347,true,true,
金田朋子,奏音トモ,単独音-Dark,す.wav,research/data/raw/reference/utau-samples/金田朋子/単独音-Dark/す.wav,す,す暗,1,cv,44100,1,1.687347,true,true,
金田朋子,奏音トモ,単独音-Dark,すぁ.wav,research/data/raw/reference/utau-samples/金田朋子/単独音-Dark/すぁ.wav,すぁ,すぁ暗,1,cv,44100,1,1.687347,true,true,
金田朋子,奏音トモ,単独音-Dark,すぃ.wav,research/data/raw/reference/utau-samples/金田朋子/単独音-Dark/すぃ.wav,すぃ,すぃ暗,1,cv,44100,1,1.687347,true,true,
金田朋子,奏音トモ,単独音-Dark,すぇ.wav,research/data/raw/reference/utau-samples/金田朋子/単独音-Dark/すぇ.wav,すぇ,すぇ暗,1,cv,44100,1,1.687347,true,true,
金田朋子,奏音トモ,単独音-Dark,すぉ.wav,research/data/raw/reference/utau-samples/金田朋子/単独音-Dark/すぉ.wav,すぉ,すぉ暗,1,cv,44100,1,1.687347,true,true,
金田朋子,奏音トモ,単独音-Dark,ず.wav,research/data/raw/reference/utau-samples/金田朋子/単独音-Dark/ず.wav,ず,,0,cv,44100,1,1.687347,true,true,
金田朋子,奏音トモ,単独音-Dark,ずぁ.wav,research/data/raw/reference/utau-samples/金田朋子/単独音-Dark/ずぁ.wav,ずぁ,,0,cv,44100,1,1.687347,true,true,
金田朋子,奏音トモ,単独音-Dark,ずぃ.wav,research/data/raw/reference/utau-samples/金田朋子/単独音-Dark/ずぃ.wav,ずぃ,,0,cv,44100,1,1.687347,true,true,
金田朋子,奏音トモ,単独音-Dark,ずぇ.wav,research/data/raw/reference/utau-samples/金田朋子/単独音-Dark/ずぇ.wav,ずぇ,,0,cv,44100,1,1.687347,true,true,
金田朋子,奏音トモ,単独音-Dark,ずぉ.wav,research/data/raw/reference/utau-samples/金田朋子/単独音-Dark/ずぉ.wav,ずぉ,,0,cv,44100,1,1.687347,true,true,
金田朋子,奏音トモ,単独音-Dark,せ.wav,research/data/raw/reference/utau-samples/金田朋子/単独音-Dark/せ.wav,せ,せ暗,1,cv,44100,1,1.687347,true,true,
金田朋子,奏音トモ,単独音-Dark,ぜ.wav,research/data/raw/reference/utau-samples/金田朋子/単独音-Dark/ぜ.wav,ぜ,,0,cv,44100,1,1.687347,true,true,
金田朋子,奏音トモ,単独音-Dark,そ.wav,research/data/raw/reference/utau-samples/金田朋子/単独音-Dark/そ.wav,そ,そ暗,1,cv,44100,1,1.687347,true,true,
金田朋子,奏音トモ,単独音-Dark,ぞ.wav,research/data/raw/reference/utau-samples/金田朋子/単独音-Dark/ぞ.wav,ぞ,,0,cv,44100,1,1.687347,true,true,
金田朋子,奏音トモ,単独音-Dark,た.wav,research/data/raw/reference/utau-samples/金田朋子/単独音-Dark/た.wav,た,た暗,1,cv,44100,1,1.687347,true,true,
金田朋子,奏音トモ,単独音-Dark,だ.wav,research/data/raw/reference/utau-samples/金田朋子/単独音-Dark/だ.wav,だ,,0,cv,44100,1,1.687347,true,true,
金田朋子,奏音トモ,単独音-Dark,ち.wav,research/data/raw/reference/utau-samples/金田朋子/単独音-Dark/ち.wav,ち,ち暗,1,cv,44100,1,1.687347,true,true,
金田朋子,奏音トモ,単独音-Dark,ちぇ.wav,research/data/raw/reference/utau-samples/金田朋子/単独音-Dark/ちぇ.wav,ちぇ,ちぇ暗,1,cv,44100,1,1.687347,true,true,
金田朋子,奏音トモ,単独音-Dark,ちゃ.wav,research/data/raw/reference/utau-samples/金田朋子/単独音-Dark/ちゃ.wav,ちゃ,ちゃ暗,1,cv,44100,1,1.687347,true,true,
金田朋子,奏音トモ,単独音-Dark,ちゅ.wav,research/data/raw/reference/utau-samples/金田朋子/単独音-Dark/ちゅ.wav,ちゅ,ちゅ暗,1,cv,44100,1,1.687347,true,true,
金田朋子,奏音トモ,単独音-Dark,ちょ.wav,research/data/raw/reference/utau-samples/金田朋子/単独音-Dark/ちょ.wav,ちょ,ちょ暗,1,cv,44100,1,1.687347,true,true,
金田朋子,奏音トモ,単独音-Dark,つ.wav,research/data/raw/reference/utau-samples/金田朋子/単独音-Dark/つ.wav,つ,つ暗,1,cv,44100,1,1.687347,true,true,
金田朋子,奏音トモ,単独音-Dark,つぁ.wav,research/data/raw/reference/utau-samples/金田朋子/単独音-Dark/つぁ.wav,つぁ,つぁ暗,1,cv,44100,1,1.687347,true,true,
金田朋子,奏音トモ,単独音-Dark,つぃ.wav,research/data/raw/reference/utau-samples/金田朋子/単独音-Dark/つぃ.wav,つぃ,つぃ暗,1,cv,44100,1,1.687347,true,true,
金田朋子,奏音トモ,単独音-Dark,つぇ.wav,research/data/raw/reference/utau-samples/金田朋子/単独音-Dark/つぇ.wav,つぇ,つぇ暗,1,cv,44100,1,1.687347,true,true,
金田朋子,奏音トモ,単独音-Dark,つぉ.wav,research/data/raw/reference/utau-samples/金田朋子/単独音-Dark/つぉ.wav,つぉ,つぉ暗,1,cv,44100,1,1.687347,true,true,
金田朋子,奏音トモ,単独音-Dark,て.wav,research/data/raw/reference/utau-samples/金田朋子/単独音-Dark/て.wav,て,て暗,1,cv,44100,1,1.749841,true,true,
金田朋子,奏音トモ,単独音-Dark,てぃ.wav,research/data/raw/reference/utau-samples/金田朋子/単独音-Dark/てぃ.wav,てぃ,てぃ暗,1,cv,44100,1,1.687347,true,true,
金田朋子,奏音トモ,単独音-Dark,てゅ.wav,research/data/raw/reference/utau-samples/金田朋子/単独音-Dark/てゅ.wav,てゅ,てゅ暗,1,cv,44100,1,1.687347,true,true,
金田朋子,奏音トモ,単独音-Dark,で.wav,research/data/raw/reference/utau-samples/金田朋子/単独音-Dark/で.wav,で,,0,cv,44100,1,1.749841,true,true,
金田朋子,奏音トモ,単独音-Dark,でぃ.wav,research/data/raw/reference/utau-samples/金田朋子/単独音-Dark/でぃ.wav,でぃ,,0,cv,44100,1,1.749841,true,true,
金田朋子,奏音トモ,単独音-Dark,でゅ.wav,research/data/raw/reference/utau-samples/金田朋子/単独音-Dark/でゅ.wav,でゅ,,0,cv,44100,1,1.687347,true,true,
金田朋子,奏音トモ,単独音-Dark,と.wav,research/data/raw/reference/utau-samples/金田朋子/単独音-Dark/と.wav,と,と暗,1,cv,44100,1,1.687347,true,true,
金田朋子,奏音トモ,単独音-Dark,とぅ.wav,research/data/raw/reference/utau-samples/金田朋子/単独音-Dark/とぅ.wav,とぅ,とぅ暗,1,cv,44100,1,1.687347,true,true,
金田朋子,奏音トモ,単独音-Dark,ど.wav,research/data/raw/reference/utau-samples/金田朋子/単独音-Dark/ど.wav,ど,,0,cv,44100,1,1.687347,true,true,
金田朋子,奏音トモ,単独音-Dark,どぅ.wav,research/data/raw/reference/utau-samples/金田朋子/単独音-Dark/どぅ.wav,どぅ,,0,cv,44100,1,1.687347,true,true,
金田朋子,奏音トモ,単独音-Dark,な.wav,research/data/raw/reference/utau-samples/金田朋子/単独音-Dark/な.wav,な,な暗,1,cv,44100,1,1.687347,true,true,
金田朋子,奏音トモ,単独音-Dark,に.wav,research/data/raw/reference/utau-samples/金田朋子/単独音-Dark/に.wav,に,に暗,1,cv,44100,1,1.687347,true,true,
金田朋子,奏音トモ,単独音-Dark,にぇ.wav,research/data/raw/reference/utau-samples/金田朋子/単独音-Dark/にぇ.wav,にぇ,にぇ暗,1,cv,44100,1,1.687347,true,true,
金田朋子,奏音トモ,単独音-Dark,にゃ.wav,research/data/raw/reference/utau-samples/金田朋子/単独音-Dark/にゃ.wav,にゃ,にゃ暗,1,cv,44100,1,1.687347,true,true,
金田朋子,奏音トモ,単独音-Dark,にゅ.wav,research/data/raw/reference/utau-samples/金田朋子/単独音-Dark/にゅ.wav,にゅ,にゅ暗,1,cv,44100,1,1.687347,true,true,
金田朋子,奏音トモ,単独音-Dark,にょ.wav,research/data/raw/reference/utau-samples/金田朋子/単独音-Dark/にょ.wav,にょ,にょ暗,1,cv,44100,1,1.687347,true,true,
金田朋子,奏音トモ,単独音-Dark,ぬ.wav,research/data/raw/reference/utau-samples/金田朋子/単独音-Dark/ぬ.wav,ぬ,ぬ暗,1,cv,44100,1,1.687347,true,true,
金田朋子,奏音トモ,単独音-Dark,ね.wav,research/data/raw/reference/utau-samples/金田朋子/単独音-Dark/ね.wav,ね,ね暗,1,cv,44100,1,1.687347,true,true,
金田朋子,奏音トモ,単独音-Dark,の.wav,research/data/raw/reference/utau-samples/金田朋子/単独音-Dark/の.wav,の,の暗,1,cv,44100,1,1.687347,true,true,
金田朋子,奏音トモ,単独音-Dark,は.wav,research/data/raw/reference/utau-samples/金田朋子/単独音-Dark/は.wav,は,は暗,1,cv,44100,1,1.687347,true,true,
金田朋子,奏音トモ,単独音-Dark,ば.wav,research/data/raw/reference/utau-samples/金田朋子/単独音-Dark/ば.wav,ば,,0,cv,44100,1,1.749841,true,true,
金田朋子,奏音トモ,単独音-Dark,ぱ.wav,research/data/raw/reference/utau-samples/金田朋子/単独音-Dark/ぱ.wav,ぱ,,0,cv,44100,1,1.687347,true,true,
金田朋子,奏音トモ,単独音-Dark,ひ.wav,research/data/raw/reference/utau-samples/金田朋子/単独音-Dark/ひ.wav,ひ,ひ暗,1,cv,44100,1,1.687347,true,true,
金田朋子,奏音トモ,単独音-Dark,ひぇ.wav,research/data/raw/reference/utau-samples/金田朋子/単独音-Dark/ひぇ.wav,ひぇ,ひぇ暗,1,cv,44100,1,1.624853,true,true,
金田朋子,奏音トモ,単独音-Dark,ひゃ.wav,research/data/raw/reference/utau-samples/金田朋子/単独音-Dark/ひゃ.wav,ひゃ,ひゃ暗,1,cv,44100,1,1.687347,true,true,
金田朋子,奏音トモ,単独音-Dark,ひゅ.wav,research/data/raw/reference/utau-samples/金田朋子/単独音-Dark/ひゅ.wav,ひゅ,ひゅ暗,1,cv,44100,1,1.687347,true,true,
金田朋子,奏音トモ,単独音-Dark,ひょ.wav,research/data/raw/reference/utau-samples/金田朋子/単独音-Dark/ひょ.wav,ひょ,ひょ暗,1,cv,44100,1,1.687347,true,true,
金田朋子,奏音トモ,単独音-Dark,び.wav,research/data/raw/reference/utau-samples/金田朋子/単独音-Dark/び.wav,び,,0,cv,44100,1,1.749841,true,true,
金田朋子,奏音トモ,単独音-Dark,びぇ.wav,research/data/raw/reference/utau-samples/金田朋子/単独音-Dark/びぇ.wav,びぇ,,0,cv,44100,1,1.687347,true,true,
金田朋子,奏音トモ,単独音-Dark,びゃ.wav,research/data/raw/reference/utau-samples/金田朋子/単独音-Dark/びゃ.wav,びゃ,,0,cv,44100,1,1.687347,true,true,
金田朋子,奏音トモ,単独音-Dark,びゅ.wav,research/data/raw/reference/utau-samples/金田朋子/単独音-Dark/びゅ.wav,びゅ,,0,cv,44100,1,1.687347,true,true,
金田朋子,奏音トモ,単独音-Dark,びょ.wav,research/data/raw/reference/utau-samples/金田朋子/単独音-Dark/びょ.wav,びょ,,0,cv,44100,1,1.687347,true,true,
金田朋子,奏音トモ,単独音-Dark,ぴ.wav,research/data/raw/reference/utau-samples/金田朋子/単独音-Dark/ぴ.wav,ぴ,,0,cv,44100,1,1.687347,true,true,
金田朋子,奏音トモ,単独音-Dark,ぴぇ.wav,research/data/raw/reference/utau-samples/金田朋子/単独音-Dark/ぴぇ.wav,ぴぇ,,0,cv,44100,1,1.749841,true,true,
金田朋子,奏音トモ,単独音-Dark,ぴゃ.wav,research/data/raw/reference/utau-samples/金田朋子/単独音-Dark/ぴゃ.wav,ぴゃ,,0,cv,44100,1,1.687347,true,true,
金田朋子,奏音トモ,単独音-Dark,ぴゅ.wav,research/data/raw/reference/utau-samples/金田朋子/単独音-Dark/ぴゅ.wav,ぴゅ,,0,cv,44100,1,1.687347,true,true,
金田朋子,奏音トモ,単独音-Dark,ぴょ.wav,research/data/raw/reference/utau-samples/金田朋子/単独音-Dark/ぴょ.wav,ぴょ,,0,cv,44100,1,1.687347,true,true,
金田朋子,奏音トモ,単独音-Dark,ふ.wav,research/data/raw/reference/utau-samples/金田朋子/単独音-Dark/ふ.wav,ふ,ふ暗,1,cv,44100,1,1.687347,true,true,
金田朋子,奏音トモ,単独音-Dark,ふぁ.wav,research/data/raw/reference/utau-samples/金田朋子/単独音-Dark/ふぁ.wav,ふぁ,ふぁ暗,1,cv,44100,1,1.687347,true,true,
金田朋子,奏音トモ,単独音-Dark,ふぃ.wav,research/data/raw/reference/utau-samples/金田朋子/単独音-Dark/ふぃ.wav,ふぃ,ふぃ暗,1,cv,44100,1,1.687347,true,true,
金田朋子,奏音トモ,単独音-Dark,ふぇ.wav,research/data/raw/reference/utau-samples/金田朋子/単独音-Dark/ふぇ.wav,ふぇ,ふぇ暗,1,cv,44100,1,1.812336,true,true,
金田朋子,奏音トモ,単独音-Dark,ふぉ.wav,research/data/raw/reference/utau-samples/金田朋子/単独音-Dark/ふぉ.wav,ふぉ,ふぉ暗,1,cv,44100,1,1.687347,true,true,
金田朋子,奏音トモ,単独音-Dark,ぶ.wav,research/data/raw/reference/utau-samples/金田朋子/単独音-Dark/ぶ.wav,ぶ,,0,cv,44100,1,1.687347,true,true,
金田朋子,奏音トモ,単独音-Dark,ぷ.wav,research/data/raw/reference/utau-samples/金田朋子/単独音-Dark/ぷ.wav,ぷ,,0,cv,44100,1,1.687347,true,true,
金田朋子,奏音トモ,単独音-Dark,へ.wav,research/data/raw/reference/utau-samples/金田朋子/単独音-Dark/へ.wav,へ,へ暗,1,cv,44100,1,1.687347,true,true,
金田朋子,奏音トモ,単独音-Dark,べ.wav,research/data/raw/reference/utau-samples/金田朋子/単独音-Dark/べ.wav,べ,,0,cv,44100,1,1.749841,true,true,
金田朋子,奏音トモ,単独音-Dark,ぺ.wav,research/data/raw/reference/utau-samples/金田朋子/単独音-Dark/ぺ.wav,ぺ,,0,cv,44100,1,1.687347,true,true,
金田朋子,奏音トモ,単独音-Dark,ほ.wav,research/data/raw/reference/utau-samples/金田朋子/単独音-Dark/ほ.wav,ほ,ほ暗,1,cv,44100,1,1.687347,true,true,
金田朋子,奏音トモ,単独音-Dark,ぼ.wav,research/data/raw/reference/utau-samples/金田朋子/単独音-Dark/ぼ.wav,ぼ,,0,cv,44100,1,1.687347,true,true,
金田朋子,奏音トモ,単独音-Dark,ぽ.wav,research/data/raw/reference/utau-samples/金田朋子/単独音-Dark/ぽ.wav,ぽ,,0,cv,44100,1,1.687347,true,true,
金田朋子,奏音トモ,単独音-Dark,ま.wav,research/data/raw/reference/utau-samples/金田朋子/単独音-Dark/ま.wav,ま,ま暗,1,cv,44100,1,1.687347,true,true,
金田朋子,奏音トモ,単独音-Dark,み.wav,research/data/raw/reference/utau-samples/金田朋子/単独音-Dark/み.wav,み,み暗,1,cv,44100,1,1.749841,true,true,
金田朋子,奏音トモ,単独音-Dark,みぇ.wav,research/data/raw/reference/utau-samples/金田朋子/単独音-Dark/みぇ.wav,みぇ,みぇ暗,1,cv,44100,1,1.687347,true,true,
金田朋子,奏音トモ,単独音-Dark,みゃ.wav,research/data/raw/reference/utau-samples/金田朋子/単独音-Dark/みゃ.wav,みゃ,みゃ暗,1,cv,44100,1,1.687347,true,true,
金田朋子,奏音トモ,単独音-Dark,みゅ.wav,research/data/raw/reference/utau-samples/金田朋子/単独音-Dark/みゅ.wav,みゅ,みゅ暗,1,cv,44100,1,1.687347,true,true,
金田朋子,奏音トモ,単独音-Dark,みょ.wav,research/data/raw/reference/utau-samples/金田朋子/単独音-Dark/みょ.wav,みょ,みょ暗,1,cv,44100,1,1.749841,true,true,
金田朋子,奏音トモ,単独音-Dark,む.wav,research/data/raw/reference/utau-samples/金田朋子/単独音-Dark/む.wav,む,む暗,1,cv,44100,1,1.687347,true,true,
金田朋子,奏音トモ,単独音-Dark,め.wav,research/data/raw/reference/utau-samples/金田朋子/単独音-Dark/め.wav,め,め暗,1,cv,44100,1,1.687347,true,true,
金田朋子,奏音トモ,単独音-Dark,も.wav,research/data/raw/reference/utau-samples/金田朋子/単独音-Dark/も.wav,も,も暗,1,cv,44100,1,1.687347,true,true,
金田朋子,奏音トモ,単独音-Dark,や.wav,research/data/raw/reference/utau-samples/金田朋子/単独音-Dark/や.wav,や,や暗,1,cv,44100,1,1.749841,true,true,
金田朋子,奏音トモ,単独音-Dark,ゆ.wav,research/data/raw/reference/utau-samples/金田朋子/単独音-Dark/ゆ.wav,ゆ,ゆ暗,1,cv,44100,1,1.687347,true,true,
金田朋子,奏音トモ,単独音-Dark,よ.wav,research/data/raw/reference/utau-samples/金田朋子/単独音-Dark/よ.wav,よ,よ暗,1,cv,44100,1,1.687347,true,true,
金田朋子,奏音トモ,単独音-Dark,ら.wav,research/data/raw/reference/utau-samples/金田朋子/単独音-Dark/ら.wav,ら,ら暗,1,cv,44100,1,1.687347,true,true,
金田朋子,奏音トモ,単独音-Dark,り.wav,research/data/raw/reference/utau-samples/金田朋子/単独音-Dark/り.wav,り,り暗,1,cv,44100,1,1.687347,true,true,
金田朋子,奏音トモ,単独音-Dark,りぇ.wav,research/data/raw/reference/utau-samples/金田朋子/単独音-Dark/りぇ.wav,りぇ,りぇ暗,1,cv,44100,1,1.687347,true,true,
金田朋子,奏音トモ,単独音-Dark,りゃ.wav,research/data/raw/reference/utau-samples/金田朋子/単独音-Dark/りゃ.wav,りゃ,りゃ暗,1,cv,44100,1,1.687347,true,true,
金田朋子,奏音トモ,単独音-Dark,りゅ.wav,research/data/raw/reference/utau-samples/金田朋子/単独音-Dark/りゅ.wav,りゅ,りゅ暗,1,cv,44100,1,1.749841,true,true,
金田朋子,奏音トモ,単独音-Dark,りょ.wav,research/data/raw/reference/utau-samples/金田朋子/単独音-Dark/りょ.wav,りょ,りょ暗,1,cv,44100,1,1.687347,true,true,
金田朋子,奏音トモ,単独音-Dark,る.wav,research/data/raw/reference/utau-samples/金田朋子/単独音-Dark/る.wav,る,る暗,1,cv,44100,1,1.687347,true,true,
金田朋子,奏音トモ,単独音-Dark,れ.wav,research/data/raw/reference/utau-samples/金田朋子/単独音-Dark/れ.wav,れ,れ暗,1,cv,44100,1,1.687347,true,true,
金田朋子,奏音トモ,単独音-Dark,ろ.wav,research/data/raw/reference/utau-samples/金田朋子/単独音-Dark/ろ.wav,ろ,ろ暗,1,cv,44100,1,1.687347,true,true,
金田朋子,奏音トモ,単独音-Dark,わ.wav,research/data/raw/reference/utau-samples/金田朋子/単独音-Dark/わ.wav,わ,わ暗,1,cv,44100,1,1.687347,true,true,
金田朋子,奏音トモ,単独音-Dark,ん.wav,research/data/raw/reference/utau-samples/金田朋子/単独音-Dark/ん.wav,ん,ん暗,1,cv,44100,1,1.687347,true,true,
金田朋子,奏音トモ,連続音,_あめうぇりゃえしょ.wav,research/data/raw/reference/utau-samples/金田朋子/連続音/_あめうぇりゃえしょ.wav,_あめうぇりゃえしょ,- あ,6,vcv,44100,1,4.187120,true,true,
金田朋子,奏音トモ,連続音,_いうぁんヴぃちゅん.wav,research/data/raw/reference/utau-samples/金田朋子/連続音/_いうぁんヴぃちゅん.wav,_いうぁんヴぃちゅん,,0,vcv,44100,1,4.124626,true,true,
金田朋子,奏音トモ,連続音,_いくんぎぇいう.wav,research/data/raw/reference/utau-samples/金田朋子/連続音/_いくんぎぇいう.wav,_いくんぎぇいう,,0,vcv,44100,1,4.187120,true,true,
金田朋子,奏音トモ,連続音,_いざんひどん.wav,research/data/raw/reference/utau-samples/金田朋子/連続音/_いざんひどん.wav,_いざんひどん,,0,vcv,44100,1,4.187120,true,true,
金田朋子,奏音トモ,連続音,_いしみゅしゅんす.wav,research/data/raw/reference/utau-samples/金田朋子/連続音/_いしみゅしゅんす.wav,_いしみゅしゅんす,i し,2,vcv,44100,1,4.124626,true,true,
金田朋子,奏音トモ,連続音,_いしゅ.wav,research/data/raw/reference/utau-samples/金田朋子/連続音/_いしゅ.wav,_いしゅ,i しゅ,1,vcv,44100,1,1.417506,true,true,
金田朋子,奏音トモ,連続音,_いつんこいそ.wav,research/data/raw/reference/utau-samples/金田朋子/連続音/_いつんこいそ.wav,_いつんこいそ,i つ,4,vcv,44100,1,4.187120,true,true,
金田朋子,奏音トモ,連続音,_いでんにぇいびゅ.wav,research/data/raw/reference/utau-samples/金田朋子/連続音/_いでんにぇいびゅ.wav,_いでんにぇいびゅ,,0,vcv,44100,1,4.187120,true,true,
金田朋子,奏音トモ,連続音,_いとんきゅいぶ.wav,research/data/raw/reference/utau-samples/金田朋子/連続音/_いとんきゅいぶ.wav,_いとんきゅいぶ,,0,vcv,44100,1,4.187120,true,true,
金田朋子,奏音トモ,連続音,_いぴゃんじてぃめ.wav,research/data/raw/reference/utau-samples/金田朋子/連続音/_いぴゃんじてぃめ.wav,_いぴゃんじてぃめ,,0,vcv,44100,1,4.187120,true,true,
金田朋子,奏音トモ,連続音,_いみぴゅん.wav,research/data/raw/reference/utau-samples/金田朋子/連続音/_いみぴゅん.wav,_いみぴゅん,,0,vcv,44100,1,3.111247,true,true,
金田朋子,奏音トモ,連続音,_いみゅがりゃざびょ.wav,research/data/raw/reference/utau-samples/金田朋子/連続音/_いみゅがりゃざびょ.wav,_いみゅがりゃざびょ,,0,vcv,44100,1,4.187120,true,true,
金田朋子,奏音トモ,連続音,_いよんぬいきぇ.wav,research/data/raw/reference/utau-samples/金田朋子/連続音/_いよんぬいきぇ.wav,_いよんぬいきぇ,i よ,3,vcv,44100,1,4.124626,true,true,
金田朋子,奏音トモ,連続音,_いりぇんりたん.wav,research/data/raw/reference/utau-samples/金田朋子/連続音/_いりぇんりたん.wav,_いりぇんりたん,i りぇ,3,vcv,44100,1,4.124626,true,true,
金田朋子,奏音トモ,連続音,_いりゃんひょいぺ.wav,research/data/raw/reference/utau-samples/金田朋子/連続音/_いりゃんひょいぺ.wav,_いりゃんひょいぺ,,0,vcv,44100,1,4.124626,true,true,
金田朋子,奏音トモ,連続音,_いろんぴぇいね.wav,research/data/raw/reference/utau-samples/金田朋子/連続音/_いろんぴぇいね.wav,_いろんぴぇいね,,0,vcv,44100,1,4.124626,true,true,
金田朋子,奏音トモ,連続音,_うぁごびぬはや.wav,research/data/raw/reference/utau-samples/金田朋子/連続音/_うぁごびぬはや.wav,_うぁごびぬはや,,0,vcv,44100,1,4.187120,true,true,
金田朋子,奏音トモ,連続音,_うぃじゃちぇじゃしゅべ.wav,research/data/raw/reference/utau-samples/金田朋子/連続音/_うぃじゃちぇじゃしゅべ.wav,_うぃじゃちぇじゃしゅべ,,0,vcv,44100,1,4.187120,true,true,
金田朋子,奏音トモ,連続音,_うぇぎヴなししょ.wav,research/data/raw/reference/utau-samples/金田朋子/連続音/_うぇぎヴなししょ.wav,_うぇぎヴなししょ,,0,vcv,44100,1,4.187120,true,true,
金田朋子,奏音トモ,連続音,_うぉんやんにゅん.wav,research/data/raw/reference/utau-samples/金田朋子/連続音/_うぉんやんにゅん.wav,_うぉんやんにゅん,- うぉ,3,vcv,44100,1,4.187120,true,true,
金田朋子,奏音トモ,連続音,_うよぎゅじょれぐ.wav,research/data/raw/reference/utau-samples/金田朋子/連続音/_うよぎゅじょれぐ.wav,_うよぎゅじょれぐ,,0,vcv,44100,1,4.187120,true,true,
金田朋子,奏音トモ,連続音,_えぴぇちびょちぇん.wav,research/data/raw/reference/utau-samples/金田朋子/連続音/_えぴぇちびょちぇん.wav,_えぴぇちびょちぇん,,0,vcv,44100,1,4.187120,true,true,
金田朋子,奏音トモ,連続音,_おどぅヴぃござで.wav,research/data/raw/reference/utau-samples/金田朋子/連続音/_おどぅヴぃござで.wav,_おどぅヴぃござで,,0,vcv,44100,1,4.124626,true,true,
金田朋子,奏音トモ,連続音,_かにぇよべにぇひゅ.wav,research/data/raw/reference/utau-samples/金田朋子/連続音/_かにぇよべにぇひゅ.wav,_かにぇよべにぇひゅ,,0,vcv,44100,1,4.187120,true,true,
金田朋子,奏音トモ,連続音,_がうぇいぴょひょぎゃ.wav,research/data/raw/reference/utau-samples/金田朋子/連続音/_がうぇいぴょひょぎゃ.wav,_がうぇいぴょひょぎゃ,,0,vcv,44100,1,4.187120,true,true,
金田朋子,奏音トモ,連続音,_きぇのきゅにゅおあ.wav,research/data/raw/reference/utau-samples/金田朋子/連続音/_きぇのきゅにゅおあ.wav,_きぇのきゅにゅおあ,- きぇ,7,vcv,44100,1,4.249615,true,true,
金田朋子,奏音トモ,連続音,_きぎぇわぎにぎゃ.wav,research/data/raw/reference/utau-samples/金田朋子/連続音/_きぎぇわぎにぎゃ.wav,_きぎぇわぎにぎゃ,,0,vcv,44100,1,4.187120,true,true,
金田朋子,奏音トモ,連続音,_きゃぴぇぞもみゅびぇ.wav,research/data/raw/reference/utau-samples/金田朋子/連続音/_きゃぴぇぞもみゅびぇ.wav,_きゃぴぇぞもみゅびぇ,,0,vcv,44100,1,4.124626,true,true,
金田朋子,奏音トモ,連続音,_きゃぺぞもみゅびぇ.wav,research/data/raw/reference/utau-samples/金田朋子/連続音/_きゃぺぞもみゅびぇ.wav,_きゃぺぞもみゅびぇ,,0,vcv,44100,1,4.124626,true,true,
金田朋子,奏音トモ,連続音,_きゅんちょんヴぇうぉ.wav,research/data/raw/reference/utau-samples/金田朋子/連続音/_きゅんちょんヴぇうぉ.wav,_きゅんちょんヴぇうぉ,,0,vcv,44100,1,4.187120,true,true,
金田朋子,奏音トモ,連続音,_きょとぅびゅびかう.wav,research/data/raw/reference/utau-samples/金田朋子/連続音/_きょとぅびゅびかう.wav,_きょとぅびゅびかう,,0,vcv,44100,1,4.187120,true,true,
金田朋子,奏音トモ,連続音,_ぎぇりぇばひへく.wav,research/data/raw/reference/utau-samples/金田朋子/連続音/_ぎぇりぇばひへく.wav,_ぎぇりぇばひへく,,0,vcv,44100,1,4.187120,true,true,
金田朋子,奏音トモ,連続音,_ぎぇれ.wav,research/data/raw/reference/utau-samples/金田朋子/連続音/_ぎぇれ.wav,_ぎぇれ,,0,vcv,44100,1,2.156871,true,true,
金田朋子,奏音トモ,連続音,_ぎぎきちぇみゅえ.wav,research/data/raw/reference/utau-samples/金田朋子/連続音/_ぎぎきちぇみゅえ.wav,_ぎぎきちぇみゅえ,,0,vcv,44100,1,4.187120,true,true,
金田朋子,奏音トモ,連続音,_ぎゃてちゃヴびょちゃ.wav,research/data/raw/reference/utau-samples/金田朋子/連続音/_ぎゃてちゃヴびょちゃ.wav,_ぎゃてちゃヴびょちゃ,,0,vcv,44100,1,4.124626,true,true,
金田朋子,奏音トモ,連続音,_ぎゅびゃまじゅりゃぴ.wav,research/data/raw/reference/utau-samples/金田朋子/連続音/_ぎゅびゃまじゅりゃぴ.wav,_ぎゅびゃまじゅりゃぴ,,0,vcv,44100,1,4.187120,true,true,
金田朋子,奏音トモ,連続音,_ぎゅびゃみゃじゅりゃぴ.wav,research/data/raw/reference/utau-samples/金田朋子/連続音/_ぎゅびゃみゃじゅりゃぴ.wav,_ぎゅびゃみゃじゅりゃぴ,,0,vcv,44100,1,4.187120,true,true,
金田朋子,奏音トモ,連続音,_ぎょじゃんぱんと.wav,research/data/raw/reference/utau-samples/金田朋子/連続音/_ぎょじゃんぱんと.wav,_ぎょじゃんぱんと,,0,vcv,44100,1,4.187120,true,true,
金田朋子,奏音トモ,連続音,_くちょんげけむ.wav,research/data/raw/reference/utau-samples/金田朋子/連続音/_くちょんげけむ.wav,_くちょんげけむ,,0,vcv,44100,1,4.187120,true,true,
金田朋子,奏音トモ,連続音,_ぐぱじょほヴぃにょ.wav,research/data/raw/reference/utau-samples/金田朋子/連続音/_ぐぱじょほヴぃにょ.wav,_ぐぱじょほヴぃにょ,,0,vcv,44100,1,4.124626,true,true,
金田朋子,奏音トモ,連続音,_けゆぼうぃぞぼ.wav,research/data/raw/reference/utau-samples/金田朋子/連続音/_けゆぼうぃぞぼ.wav,_けゆぼうぃぞぼ,,0,vcv,44100,1,4.187120,true,true,
金田朋子,奏音トモ,連続音,_げしゅきゅみじょり.wav,research/data/raw/reference/utau-samples/金田朋子/連続音/_げしゅきゅみじょり.wav,_げしゅきゅみじょり,,0,vcv,44100,1,4.187120,true,true,
金田朋子,奏音トモ,連続音,_こなほしゃこひぇ.wav,research/data/raw/reference/utau-samples/金田朋子/連続音/_こなほしゃこひぇ.wav,_こなほしゃこひぇ,- こ,6,vcv,44100,1,4.187120,true,true,
金田朋子,奏音トモ,連続音,_ごさみゅのえひ.wav,research/data/raw/reference/utau-samples/金田朋子/連続音/_ごさみゅのえひ.wav,_ごさみゅのえひ,,0,vcv,44100,1,4.187120,true,true,
金田朋子,奏音トモ,連続音,_さわひょそゆぎ.wav,research/data/raw/reference/utau-samples/金田朋子/連続音/_さわひょそゆぎ.wav,_さわひょそゆぎ,,0,vcv,44100,1,4.187120,true,true,
金田朋子,奏音トモ,連続音,_ざぎゃとぅうとぅね.wav,research/data/raw/reference/utau-samples/金田朋子/連続音/_ざぎゃとぅうとぅね.wav,_ざぎゃとぅうとぅね,,0,vcv,44100,1,4.187120,true,true,
金田朋子,奏音トモ,連続音,_しぇぎゅにどぅひょこ.wav,research/data/raw/reference/utau-samples/金田朋子/連続音/_しぇぎゅにどぅひょこ.wav,_しぇぎゅにどぅひょこ,,0,vcv,44100,1,4.187120,true,true,
金田朋子,奏音トモ,連続音,_してばひへく.wav,research/data/raw/reference/utau-samples/金田朋子/連続音/_してばひへく.wav,_してばひへく,,0,vcv,44100,1,4.153741,true,true,
金田朋子,奏音トモ,連続音,_してぶしぇだの.wav,research/data/raw/reference/utau-samples/金田朋子/連続音/_してぶしぇだの.wav,_してぶしぇだの,,0,vcv,44100,1,4.187120,true,true,
金田朋子,奏音トモ,連続音,_しゃぎょごへたよ.wav,research/data/raw/reference/utau-samples/金田朋子/連続音/_しゃぎょごへたよ.wav,_しゃぎょごへたよ,,0,vcv,44100,1,4.124626,true,true,
金田朋子,奏音トモ,連続音,_しゅしょしぇあどぱ.wav,research/data/raw/reference/utau-samples/金田朋子/連続音/_しゅしょしぇあどぱ.wav,_しゅしょしぇあどぱ,,0,vcv,44100,1,4.187120,true,true,
金田朋子,奏音トモ,連続音,_しょじヴぉまたあ.wav,research/data/raw/reference/utau-samples/金田朋子/連続音/_しょじヴぉまたあ.wav,_しょじヴぉまたあ,,0,vcv,44100,1,4.187120,true,true,
金田朋子,奏音トモ,連続音,_じぇまびゅてもけ.wav,research/data/raw/reference/utau-samples/金田朋子/連続音/_じぇまびゅてもけ.wav,_じぇまびゅてもけ,,0,vcv,44100,1,4.187120,true,true,
金田朋子,奏音トモ,連続音,_じひせおんびぇ.wav,research/data/raw/reference/utau-samples/金田朋子/連続音/_じひせおんびぇ.wav,_じひせおんびぇ,,0,vcv,44100,1,4.187120,true,true,
金田朋子,奏音トモ,連続音,_じゃへヴヴぉぎょど.wav,research/data/raw/reference/utau-samples/金田朋子/連続音/_じゃへヴヴぉぎょど.wav,_じゃへヴヴぉぎょど,,0,vcv,44100,1,4.124626,true,true,
金田朋子,奏音トモ,連続音,_じゅずとてぃさむ.wav,research/data/raw/reference/utau-samples/金田朋子/連続音/_じゅずとてぃさむ.wav,_じゅずとてぃさむ,,0,vcv,44100,1,4.249615,true,true,
金田朋子,奏音トモ,連続音,_じょりょひゃかちょす.wav,research/data/raw/reference/utau-samples/金田朋子/連続音/_じょりょひゃかちょす.wav,_じょりょひゃかちょす,,0,vcv,44100,1,4.062132,true,true,
金田朋子,奏音トモ,連続音,_すりひゅにゃくす.wav,research/data/raw/reference/utau-samples/金田朋子/連続音/_すりひゅにゃくす.wav,_すりひゅにゃくす,- す,6,vcv,44100,1,4.187120,true,true,
金田朋子,奏音トモ,連続音,_ずぴちぼのじょ.wav,research/data/raw/reference/utau-samples/金田朋子/連続音/_ずぴちぼのじょ.wav,_ずぴちぼのじょ,,0,vcv,44100,1,4.187120,true,true,
金田朋子,奏音トモ,連続音,_せにゅまもふし.wav,research/data/raw/reference/utau-samples/金田朋子/連続音/_せにゅまもふし.wav,_せにゅまもふし,- せ,6,vcv,44100,1,4.187120,true,true,
金田朋子,奏音トモ,連続音,_ぜみゃぴょうみぇひゃ.wav,research/data/raw/reference/utau-samples/金田朋子/連続音/_ぜみゃぴょうみぇひゃ.wav,_ぜみゃぴょうみぇひゃ,,0,vcv,44100,1,4.187120,true,true,
金田朋子,奏音トモ,連続音,_そらはみぇきょきゃ.wav,research/data/raw/reference/utau-samples/金田朋子/連続音/_そらはみぇきょきゃ.wav,_そらはみぇきょきゃ,- そ,6,vcv,44100,1,4.249615,true,true,
金田朋子,奏音トモ,連続音,_ぞかどぅきぇがりぇ.wav,research/data/raw/reference/utau-samples/金田朋子/連続音/_ぞかどぅきぇがりぇ.wav,_ぞかどぅきぇがりぇ,,0,vcv,44100,1,4.187120,true,true,
金田朋子,奏音トモ,連続音,_たんぴゅぴゅさん.wav,research/data/raw/reference/utau-samples/金田朋子/連続音/_たんぴゅぴゅさん.wav,_たんぴゅぴゅさん,,0,vcv,44100,1,4.249615,true,true,
金田朋子,奏音トモ,連続音,_だみょうぇるうぉん.wav,research/data/raw/reference/utau-samples/金田朋子/連続音/_だみょうぇるうぉん.wav,_だみょうぇるうぉん,,0,vcv,44100,1,4.187120,true,true,
金田朋子,奏音トモ,連続音,_ちぇびゃぶみゃぎぇふ.wav,research/data/raw/reference/utau-samples/金田朋子/連続音/_ちぇびゃぶみゃぎぇふ.wav,_ちぇびゃぶみゃぎぇふ,,0,vcv,44100,1,4.187120,true,true,
金田朋子,奏音トモ,連続音,_ちゃつじゃびみぇき.wav,research/data/raw/reference/utau-samples/金田朋子/連続音/_ちゃつじゃびみぇき.wav,_ちゃつじゃびみぇき,,0,vcv,44100,1,4.249615,true,true,
金田朋子,奏音トモ,連続音,_ちゅんろきょうぁヴぁ.wav,research/data/raw/reference/utau-samples/金田朋子/連続音/_ちゅんろきょうぁヴぁ.wav,_ちゅんろきょうぁヴぁ,,0,vcv,44100,1,4.124626,true,true,
金田朋子,奏音トモ,連続音,_ちょちょにぇびゅせひょ.wav,research/data/raw/reference/utau-samples/金田朋子/連続音/_ちょちょにぇびゅせひょ.wav,_ちょちょにぇびゅせひょ,,0,vcv,44100,1,4.187120,true,true,
金田朋子,奏音トモ,連続音,_ちわぬぶべぽ.wav,research/data/raw/reference/utau-samples/金田朋子/連続音/_ちわぬぶべぽ.wav,_ちわぬぶべぽ,,0,vcv,44100,1,4.124626,true,true,
金田朋子,奏音トモ,連続音,_ちわぬぶヴぇぽ.wav,research/data/raw/reference/utau-samples/金田朋子/連続音/_ちわぬぶヴぇぽ.wav,_ちわぬぶヴぇぽ,,0,vcv,44100,1,4.187120,true,true,
金田朋子,奏音トモ,連続音,_つもにょみぇきゅうぃ.wav,research/data/raw/reference/utau-samples/金田朋子/連続音/_つもにょみぇきゅうぃ.wav,_つもにょみぇきゅうぃ,- つ,6,vcv,44100,1,4.124626,true,true,
金田朋子,奏音トモ,連続音,_てぃみょぴゅにょきぇがりぇ.wav,research/data/raw/reference/utau-samples/金田朋子/連続音/_てぃみょぴゅにょきぇがりぇ.wav,_てぃみょぴゅにょきぇがりぇ,,0,vcv,44100,1,4.691247,true,true,
金田朋子,奏音トモ,連続音,_てぃみょぴゅにょきぇれ.wav,research/data/raw/reference/utau-samples/金田朋子/連続音/_てぃみょぴゅにょきぇれ.wav,_てぃみょぴゅにょきぇれ,,0,vcv,44100,1,4.249615,true,true,
金田朋子,奏音トモ,連続音,_でぃきゃひゃにゃちゅち.wav,research/data/raw/reference/utau-samples/金田朋子/連続音/_でぃきゃひゃにゃちゅち.wav,_でぃきゃひゃにゃちゅち,,0,vcv,44100,1,4.187120,true,true,
金田朋子,奏音トモ,連続音,_でうぁずでぬぎょ.wav,research/data/raw/reference/utau-samples/金田朋子/連続音/_でうぁずでぬぎょ.wav,_でうぁずでぬぎょ,,0,vcv,44100,1,4.187120,true,true,
金田朋子,奏音トモ,連続音,_てヴぉつむほぴ.wav,research/data/raw/reference/utau-samples/金田朋子/連続音/_てヴぉつむほぴ.wav,_てヴぉつむほぴ,,0,vcv,44100,1,4.124626,true,true,
金田朋子,奏音トモ,連続音,_とぅぐこくばき.wav,research/data/raw/reference/utau-samples/金田朋子/連続音/_とぅぐこくばき.wav,_とぅぐこくばき,,0,vcv,44100,1,4.187120,true,true,
金田朋子,奏音トモ,連続音,_とぜぱにりょびゃ.wav,research/data/raw/reference/utau-samples/金田朋子/連続音/_とぜぱにりょびゃ.wav,_とぜぱにりょびゃ,,0,vcv,44100,1,4.187120,true,true,
金田朋子,奏音トモ,連続音,_どぅうぁヴぉりぇぴゃぷ.wav,research/data/raw/reference/utau-samples/金田朋子/連続音/_どぅうぁヴぉりぇぴゃぷ.wav,_どぅうぁヴぉりぇぴゃぷ,,0,vcv,44100,1,4.124626,true,true,
金田朋子,奏音トモ,連続音,_どたぺじぇざぴゃ.wav,research/data/raw/reference/utau-samples/金田朋子/連続音/_どたぺじぇざぴゃ.wav,_どたぺじぇざぴゃ,,0,vcv,44100,1,4.187120,true,true,
金田朋子,奏音トモ,連続音,_なばそずひでぃ.wav,research/data/raw/reference/utau-samples/金田朋子/連続音/_なばそずひでぃ.wav,_なばそずひでぃ,,0,vcv,44100,1,4.187120,true,true,
金田朋子,奏音トモ,連続音,_にぇずげねめしぇ.wav,research/data/raw/reference/utau-samples/金田朋子/連続音/_にぇずげねめしぇ.wav,_にぇずげねめしぇ,,0,vcv,44100,1,4.187120,true,true,
金田朋子,奏音トモ,連続音,_にすにぇきぇひぇちゅ.wav,research/data/raw/reference/utau-samples/金田朋子/連続音/_にすにぇきぇひぇちゅ.wav,_にすにぇきぇひぇちゅ,- に,6,vcv,44100,1,4.124626,true,true,
金田朋子,奏音トモ,連続音,_にゃんごびゅぷけ.wav,research/data/raw/reference/utau-samples/金田朋子/連続音/_にゃんごびゅぷけ.wav,_にゃんごびゅぷけ,,0,vcv,44100,1,4.124626,true,true,
金田朋子,奏音トモ,連続音,_にゅどみょしゅぽぷ.wav,research/data/raw/reference/utau-samples/金田朋子/連続音/_にゅどみょしゅぽぷ.wav,_にゅどみょしゅぽぷ,,0,vcv,44100,1,4.187120,true,true,
金田朋子,奏音トモ,連続音,_にょんざんぜん.wav,research/data/raw/reference/utau-samples/金田朋子/連続音/_にょんざんぜん.wav,_にょんざんぜん,,0,vcv,44100,1,4.187120,true,true,
金田朋子,奏音トモ,連続音,_ぬるつヴひゃひぇ.wav,research/data/raw/reference/utau-samples/金田朋子/連続音/_ぬるつヴひゃひぇ.wav,_ぬるつヴひゃひぇ,,0,vcv,44100,1,4.124626,true,true,
金田朋子,奏音トモ,連続音,_ねへじょりゃんう.wav,research/data/raw/reference/utau-samples/金田朋子/連続音/_ねへじょりゃんう.wav,_ねへじょりゃんう,,0,vcv,44100,1,4.249615,true,true,
金田朋子,奏音トモ,連続音,_のてでぃらしょヴぇ.wav,research/data/raw/reference/utau-samples/金田朋子/連続音/_のてでぃらしょヴぇ.wav,_のてでぃらしょヴぇ,,0,vcv,44100,1,4.187120,true,true,
金田朋子,奏音トモ,連続音,_はしゃいぜびょひゅ.wav,research/data/raw/reference/utau-samples/金田朋子/連続音/_はしゃいぜびょひゅ.wav,_はしゃいぜびょひゅ,,0,vcv,44100,1,4.187120,true,true,
金田朋子,奏音トモ,連続音,_ばせてぃびゃうぉじぇ.wav,research/data/raw/reference/utau-samples/金田朋子/連続音/_ばせてぃびゃうぉじぇ.wav,_ばせてぃびゃうぉじぇ,,0,vcv,44100,1,4.187120,true,true,
金田朋子,奏音トモ,連続音,_ぱげりょげせしゃ.wav,research/data/raw/reference/utau-samples/金田朋子/連続音/_ぱげりょげせしゃ.wav,_ぱげりょげせしゃ,,0,vcv,44100,1,4.124626,true,true,
金田朋子,奏音トモ,連続音,_ひぇちぇにゃりょヴぁにょ.wav,research/data/raw/reference/utau-samples/金田朋子/連続音/_ひぇちぇにゃりょヴぁにょ.wav,_ひぇちぇにゃりょヴぁにょ,,0,vcv,44100,1,4.187120,true,true,
金田朋子,奏音トモ,連続音,_ひゃちやひゅうぇぴ.wav,research/data/raw/reference/utau-samples/金田朋子/連続音/_ひゃちやひゅうぇぴ.wav,_ひゃちやひゅうぇぴ,,0,vcv,44100,1,4.187120,true,true,
金田朋子,奏音トモ,連続音,_ひゅぬりぇすそぬ.wav,research/data/raw/reference/utau-samples/金田朋子/連続音/_ひゅぬりぇすそぬ.wav,_ひゅぬりぇすそぬ,- ひゅ,6,vcv,44100,1,4.187120,true,true,
金田朋子,奏音トモ,連続音,_ひょびぇべびぇてな.wav,research/data/raw/reference/utau-samples/金田朋子/連続音/_ひょびぇべびぇてな.wav,_ひょびぇべびぇてな,,0,vcv,44100,1,4.124626,true,true,
金田朋子,奏音トモ,連続音,_ひりゅひぇぺヴぇご.wav,research/data/raw/reference/utau-samples/金田朋子/連続音/_ひりゅひぇぺヴぇご.wav,_ひりゅひぇぺヴぇご,,0,vcv,44100,1,4.124626,true,true,
金田朋子,奏音トモ,連続音,_びぇどぅごにぱぽ.wav,research/data/raw/reference/utau-samples/金田朋子/連続音/_びぇどぅごにぱぽ.wav,_びぇどぅごにぱぽ,,0,vcv,44100,1,4.249615,true,true,
金田朋子,奏音トモ,連続音,_びひぇんずんどぅ.wav,research/data/raw/reference/utau-samples/金田朋子/連続音/_びひぇんずんどぅ.wav,_びひぇんずんどぅ,,0,vcv,44100,1,4.187120,true,true,
金田朋子,奏音トモ,連続音,_びゃうぃにゅぎぇびほ.wav,research/data/raw/reference/utau-samples/金田朋子/連続音/_びゃうぃにゅぎぇびほ.wav,_びゃうぃにゅぎぇびほ,,0,vcv,44100,1,4.187120,true,true,
金田朋子,奏音トモ,連続音,_びゅぜほみがぞ.wav,research/data/raw/reference/utau-samples/金田朋子/連続音/_びゅぜほみがぞ.wav,_びゅぜほみがぞ,,0,vcv,44100,1,4.124626,true,true,
金田朋子,奏音トモ,連続音,_びょむきヴぁぼうぉ.wav,research/data/raw/reference/utau-samples/金田朋子/連続音/_びょむきヴぁぼうぉ.wav,_びょむきヴぁぼうぉ,,0,vcv,44100,1,4.187120,true,true,
金田朋子,奏音トモ,連続音,_ぴぇちょでぃうぉびょぎぇ.wav,research/data/raw/reference/utau-samples/金田朋子/連続音/_ぴぇちょでぃうぉびょぎぇ.wav,_ぴぇちょでぃうぉびょぎぇ,,0,vcv,44100,1,4.187120,true,true,
金田朋子,奏音トモ,連続音,_ぴぴとぅぴょおよ.wav,research/data/raw/reference/utau-samples/金田朋子/連続音/_ぴぴとぅぴょおよ.wav,_ぴぴとぅぴょおよ,,0,vcv,44100,1,4.187120,true,true,
金田朋子,奏音トモ,連続音,_ぴゃけらるちゅじゅ.wav,research/data/raw/reference/utau-samples/金田朋子/連続音/_ぴゃけらるちゅじゅ.wav,_ぴゃけらるちゅじゅ,,0,vcv,44100,1,4.187120,true,true,
金田朋子,奏音トモ,連続音,_ぴゅぴぇじゅだきゅく.wav,research/data/raw/reference/utau-samples/金田朋子/連続音/_ぴゅぴぇじゅだきゅく.wav,_ぴゅぴぇじゅだきゅく,,0,vcv,44100,1,4.124626,true,true,
金田朋子,奏音トモ,連続音,_ぴょろやじゃきゃヴぇ.wav,research/data/raw/reference/utau-samples/金田朋子/連続音/_ぴょろやじゃきゃヴぇ.wav,_ぴょろやじゃきゃヴぇ,,0,vcv,44100,1,4.187120,true,true,
金田朋子,奏音トモ,連続音,_ふづみゅヴぁれれり.wav,research/data/raw/reference/utau-samples/金田朋子/連続音/_ふづみゅヴぁれれり.wav,_ふづみゅヴぁれれり,,0,vcv,44100,1,4.728753,true,true,
金田朋子,奏音トモ,連続音,_ふどぅみゅヴぁれり.wav,research/data/raw/reference/utau-samples/金田朋子/連続音/_ふどぅみゅヴぁれり.wav,_ふどぅみゅヴぁれり,,0,vcv,44100,1,4.187120,true,true,
金田朋子,奏音トモ,連続音,_ぶかりぽみゃな.wav,research/data/raw/reference/utau-samples/金田朋子/連続音/_ぶかりぽみゃな.wav,_ぶかりぽみゃな,,0,vcv,44100,1,4.124626,true,true,
金田朋子,奏音トモ,連続音,_ぷしゃだぱふりゅ.wav,research/data/raw/reference/utau-samples/金田朋子/連続音/_ぷしゃだぱふりゅ.wav,_ぷしゃだぱふりゅ,,0,vcv,44100,1,4.187120,true,true,
金田朋子,奏音トモ,連続音,_へじにぇぎょぺぎゃ.wav,research/data/raw/reference/utau-samples/金田朋子/連続音/_へじにぇぎょぺぎゃ.wav,_へじにぇぎょぺぎゃ,,0,vcv,44100,1,4.187120,true,true,
金田朋子,奏音トモ,連続音,_べかおぐちぇみ.wav,research/data/raw/reference/utau-samples/金田朋子/連続音/_べかおぐちぇみ.wav,_べかおぐちぇみ,,0,vcv,44100,1,4.124626,true,true,
金田朋子,奏音トモ,連続音,_ぺヴぃぎょわとめ.wav,research/data/raw/reference/utau-samples/金田朋子/連続音/_ぺヴぃぎょわとめ.wav,_ぺヴぃぎょわとめ,,0,vcv,44100,1,4.124626,true,true,
金田朋子,奏音トモ,連続音,_ほぞぎりおせ.wav,research/data/raw/reference/utau-samples/金田朋子/連続音/_ほぞぎりおせ.wav,_ほぞぎりおせ,,0,vcv,44100,1,4.187120,true,true,
金田朋子,奏音トモ,連続音,_ぼひんてにょしょ.wav,research/data/raw/reference/utau-samples/金田朋子/連続音/_ぼひんてにょしょ.wav,_ぼひんてにょしょ,,0,vcv,44100,1,4.187120,true,true,
金田朋子,奏音トモ,連続音,_ぽんうぇそんぶ.wav,research/data/raw/reference/utau-samples/金田朋子/連続音/_ぽんうぇそんぶ.wav,_ぽんうぇそんぶ,,0,vcv,44100,1,4.124626,true,true,
金田朋子,奏音トモ,連続音,_まヴぃしぇとぅきょは.wav,research/data/raw/reference/utau-samples/金田朋子/連続音/_まヴぃしぇとぅきょは.wav,_まヴぃしぇとぅきょは,,0,vcv,44100,1,4.187120,true,true,
金田朋子,奏音トモ,連続音,_みぇぎぇぼぴゃうぁちゃ.wav,research/data/raw/reference/utau-samples/金田朋子/連続音/_みぇぎぇぼぴゃうぁちゃ.wav,_みぇぎぇぼぴゃうぁちゃ,,0,vcv,44100,1,4.249615,true,true,
金田朋子,奏音トモ,連続音,_みちょばきぇこちゅ.wav,research/data/raw/reference/utau-samples/金田朋子/連続音/_みちょばきぇこちゅ.wav,_みちょばきぇこちゅ,,0,vcv,44100,1,4.187120,true,true,
金田朋子,奏音トモ,連続音,_みゃびゃぜえうぃだ.wav,research/data/raw/reference/utau-samples/金田朋子/連続音/_みゃびゃぜえうぃだ.wav,_みゃびゃぜえうぃだ,,0,vcv,44100,1,4.187120,true,true,
金田朋子,奏音トモ,連続音,_みゅりょりゅぞしえ.wav,research/data/raw/reference/utau-samples/金田朋子/連続音/_みゅりょりゅぞしえ.wav,_みゅりょりゅぞしえ,,0,vcv,44100,1,4.187120,true,true,
金田朋子,奏音トモ,連続音,_みょだびぇみぇつへ.wav,research/data/raw/reference/utau-samples/金田朋子/連続音/_みょだびぇみぇつへ.wav,_みょだびぇみぇつへ,,0,vcv,44100,1,4.124626,true,true,
金田朋子,奏音トモ,連続音,_むきゃでぃばんい.wav,research/data/raw/reference/utau-samples/金田朋子/連続音/_むきゃでぃばんい.wav,_むきゃでぃばんい,,0,vcv,44100,1,4.187120,true,true,
金田朋子,奏音トモ,連続音,_めしヴぇげさてぃ.wav,research/data/raw/reference/utau-samples/金田朋子/連続音/_めしヴぇげさてぃ.wav,_めしヴぇげさてぃ,,0,vcv,44100,1,4.249615,true,true,
金田朋子,奏音トモ,連続音,_もきびぇヴぁまじぇ.wav,research/data/raw/reference/utau-samples/金田朋子/連続音/_もきびぇヴぁまじぇ.wav,_もきびぇヴぁまじぇ,,0,vcv,44100,1,4.187120,true,true,
金田朋子,奏音トモ,連続音,_やねぜきゃみじぇ.wav,research/data/raw/reference/utau-samples/金田朋子/連続音/_やねぜきゃみじぇ.wav,_やねぜきゃみじぇ,,0,vcv,44100,1,4.124626,true,true,
金田朋子,奏音トモ,連続音,_ゆみょぴょにゃゆや.wav,research/data/raw/reference/utau-samples/金田朋子/連続音/_ゆみょぴょにゃゆや.wav,_ゆみょぴょにゃゆや,,0,vcv,44100,1,4.187120,true,true,
金田朋子,奏音トモ,連続音,_よぽヴぉぴぇとと.wav,research/data/raw/reference/utau-samples/金田朋子/連続音/_よぽヴぉぴぇとと.wav,_よぽヴぉぴぇとと,,0,vcv,44100,1,4.124626,true,true,
金田朋子,奏音トモ,連続音,_らんかんへは.wav,research/data/raw/reference/utau-samples/金田朋子/連続音/_らんかんへは.wav,_らんかんへは,- ら,4,vcv,44100,1,4.187120,true,true,
金田朋子,奏音トモ,連続音,_りぇぴょちふゆわ.wav,research/data/raw/reference/utau-samples/金田朋子/連続音/_りぇぴょちふゆわ.wav,_りぇぴょちふゆわ,,0,vcv,44100,1,4.187120,true,true,
金田朋子,奏音トモ,連続音,_りまんどじゅめ.wav,research/data/raw/reference/utau-samples/金田朋子/連続音/_りまんどじゅめ.wav,_りまんどじゅめ,,0,vcv,44100,1,4.124626,true,true,
金田朋子,奏音トモ,連続音,_りゃにゅらぐでぃび.wav,research/data/raw/reference/utau-samples/金田朋子/連続音/_りゃにゅらぐでぃび.wav,_りゃにゅらぐでぃび,,0,vcv,44100,1,4.312109,true,true,
金田朋子,奏音トモ,連続音,_りゅしゅぎゅぎゃじぎゅ.wav,research/data/raw/reference/utau-samples/金田朋子/連続音/_りゅしゅぎゅぎゃじぎゅ.wav,_りゅしゅぎゅぎゃじぎゅ,,0,vcv,44100,1,4.187120,true,true,
金田朋子,奏音トモ,連続音,_りょでやぎゅじの.wav,research/data/raw/reference/utau-samples/金田朋子/連続音/_りょでやぎゅじの.wav,_りょでやぎゅじの,,0,vcv,44100,1,4.187120,true,true,
金田朋子,奏音トモ,連続音,_るれみょががろ.wav,research/data/raw/reference/utau-samples/金田朋子/連続音/_るれみょががろ.wav,_るれみょががろ,,0,vcv,44100,1,4.187120,true,true,
金田朋子,奏音トモ,連続音,_れでりゅあすぴゃ.wav,research/data/raw/reference/utau-samples/金田朋子/連続音/_れでりゅあすぴゃ.wav,_れでりゅあすぴゃ,,0,vcv,44100,1,4.187120,true,true,
金田朋子,奏音トモ,連続音,_ろいれにひゃきょ.wav,research/data/raw/reference/utau-samples/金田朋子/連続音/_ろいれにひゃきょ.wav,_ろいれにひゃきょ,- ろ,5,vcv,44100,1,4.124626,true,true,
金田朋子,奏音トモ,連続音,_わさぴゅろねう.wav,research/data/raw/reference/utau-samples/金田朋子/連続音/_わさぴゅろねう.wav,_わさぴゅろねう,,0,vcv,44100,1,4.249615,true,true,
金田朋子,奏音トモ,連続音,_んうぉんにゃんぼ.wav,research/data/raw/reference/utau-samples/金田朋子/連続音/_んうぉんにゃんぼ.wav,_んうぉんにゃんぼ,,0,vcv,44100,1,4.124626,true,true,
金田朋子,奏音トモ,連続音,_んえいうぇんとぅ.wav,research/data/raw/reference/utau-samples/金田朋子/連続音/_んえいうぇんとぅ.wav,_んえいうぇんとぅ,n え,3,vcv,44100,1,4.187120,true,true,
金田朋子,奏音トモ,連続音,_んおいはんぎゅ.wav,research/data/raw/reference/utau-samples/金田朋子/連続音/_んおいはんぎゅ.wav,_んおいはんぎゅ,,0,vcv,44100,1,4.124626,true,true,
金田朋子,奏音トモ,連続音,_んきぇんぎゆん.wav,research/data/raw/reference/utau-samples/金田朋子/連続音/_んきぇんぎゆん.wav,_んきぇんぎゆん,,0,vcv,44100,1,4.187120,true,true,
金田朋子,奏音トモ,連続音,_んきゃいにゃんぎょ.wav,research/data/raw/reference/utau-samples/金田朋子/連続音/_んきゃいにゃんぎょ.wav,_んきゃいにゃんぎょ,,0,vcv,44100,1,4.187120,true,true,
金田朋子,奏音トモ,連続音,_んきるんむい.wav,research/data/raw/reference/utau-samples/金田朋子/連続音/_んきるんむい.wav,_んきるんむい,n き,3,vcv,44100,1,4.187120,true,true,
金田朋子,奏音トモ,連続音,_んぎゃんだいい.wav,research/data/raw/reference/utau-samples/金田朋子/連続音/_んぎゃんだいい.wav,_んぎゃんだいい,,0,vcv,44100,1,4.187120,true,true,
金田朋子,奏音トモ,連続音,_んけいぷんじょ.wav,research/data/raw/reference/utau-samples/金田朋子/連続音/_んけいぷんじょ.wav,_んけいぷんじょ,,0,vcv,44100,1,4.187120,true,true,
金田朋子,奏音トモ,連続音,_んしぇいきゅんひゃ.wav,research/data/raw/reference/utau-samples/金田朋子/連続音/_んしぇいきゅんひゃ.wav,_んしぇいきゅんひゃ,n しぇ,3,vcv,44100,1,4.249615,true,true,
金田朋子,奏音トモ,連続音,_んしょんめんぴょ.wav,research/data/raw/reference/utau-samples/金田朋子/連続音/_んしょんめんぴょ.wav,_んしょんめんぴょ,,0,vcv,44100,1,4.187120,true,true,
金田朋子,奏音トモ,連続音,_んじぇんなんしゃ.wav,research/data/raw/reference/utau-samples/金田朋子/連続音/_んじぇんなんしゃ.wav,_んじぇんなんしゃ,,0,vcv,44100,1,4.124626,true,true,
金田朋子,奏音トモ,連続音,_んせんみぴゅん.wav,research/data/raw/reference/utau-samples/金田朋子/連続音/_んせんみぴゅん.wav,_んせんみぴゅん,,0,vcv,44100,1,4.187120,true,true,
金田朋子,奏音トモ,連続音,_んたいひょんみゃ.wav,research/data/raw/reference/utau-samples/金田朋子/連続音/_んたいひょんみゃ.wav,_んたいひょんみゃ,n た,3,vcv,44100,1,4.187120,true,true,
金田朋子,奏音トモ,連続音,_んちじゅんヴん.wav,research/data/raw/reference/utau-samples/金田朋子/連続音/_んちじゅんヴん.wav,_んちじゅんヴん,,0,vcv,44100,1,4.124626,true,true,
金田朋子,奏音トモ,連続音,_んちゅんくんじゃ.wav,research/data/raw/reference/utau-samples/金田朋子/連続音/_んちゅんくんじゃ.wav,_んちゅんくんじゃ,,0,vcv,44100,1,4.187120,true,true,
金田朋子,奏音トモ,連続音,_んつんゆんみぇ.wav,research/data/raw/reference/utau-samples/金田朋子/連続音/_んつんゆんみぇ.wav,_んつんゆんみぇ,n つ,3,vcv,44100,1,4.187120,true,true,
金田朋子,奏音トモ,連続音,_んてぃぴぇんちぇい.wav,research/data/raw/reference/utau-samples/金田朋子/連続音/_んてぃぴぇんちぇい.wav,_んてぃぴぇんちぇい,,0,vcv,44100,1,4.187120,true,true,
金田朋子,奏音トモ,連続音,_んでぃみゃんヴぁん.wav,research/data/raw/reference/utau-samples/金田朋子/連続音/_んでぃみゃんヴぁん.wav,_んでぃみゃんヴぁん,,0,vcv,44100,1,4.187120,true,true,
金田朋子,奏音トモ,連続音,_んでんねんぴゃ.wav,research/data/raw/reference/utau-samples/金田朋子/連続音/_んでんねんぴゃ.wav,_んでんねんぴゃ,,0,vcv,44100,1,4.187120,true,true,
金田朋子,奏音トモ,連続音,_んにけんあい.wav,research/data/raw/reference/utau-samples/金田朋子/連続音/_んにけんあい.wav,_んにけんあい,n に,3,vcv,44100,1,4.249615,true,true,
金田朋子,奏音トモ,連続音,_んはんヴぉいべ.wav,research/data/raw/reference/utau-samples/金田朋子/連続音/_んはんヴぉいべ.wav,_んはんヴぉいべ,,0,vcv,44100,1,4.187120,true,true,
金田朋子,奏音トモ,連続音,_んばりゅちゃべぷ.wav,research/data/raw/reference/utau-samples/金田朋子/連続音/_んばりゅちゃべぷ.wav,_んばりゅちゃべぷ,,0,vcv,44100,1,4.187120,true,true,
金田朋子,奏音トモ,連続音,_んひぇんよんひゅ.wav,research/data/raw/reference/utau-samples/金田朋子/連続音/_んひぇんよんひゅ.wav,_んひぇんよんひゅ,n ひぇ,3,vcv,44100,1,4.187120,true,true,
金田朋子,奏音トモ,連続音,_んびむんきょん.wav,research/data/raw/reference/utau-samples/金田朋子/連続音/_んびむんきょん.wav,_んびむんきょん,,0,vcv,44100,1,4.187120,true,true,
金田朋子,奏音トモ,連続音,_んびゃんにょんも.wav,research/data/raw/reference/utau-samples/金田朋子/連続音/_んびゃんにょんも.wav,_んびゃんにょんも,,0,vcv,44100,1,4.187120,true,true,
金田朋子,奏音トモ,連続音,_んびゅんうぁんら.wav,research/data/raw/reference/utau-samples/金田朋子/連続音/_んびゅんうぁんら.wav,_んびゅんうぁんら,,0,vcv,44100,1,4.187120,true,true,
金田朋子,奏音トモ,連続音,_んぴヴぃきょんま.wav,research/data/raw/reference/utau-samples/金田朋子/連続音/_んぴヴぃきょんま.wav,_んぴヴぃきょんま,,0,vcv,44100,1,4.249615,true,true,
金田朋子,奏音トモ,連続音,_んふんれんそ.wav,research/data/raw/reference/utau-samples/金田朋子/連続音/_んふんれんそ.wav,_んふんれんそ,n ふ,3,vcv,44100,1,4.124626,true,true,
金田朋子,奏音トモ,連続音,_んぷんのいあ.wav,research/data/raw/reference/utau-samples/金田朋子/連続音/_んぷんのいあ.wav,_んぷんのいあ,,0,vcv,44100,1,4.187120,true,true,
金田朋子,奏音トモ,連続音,_んべんびょんさ.wav,research/data/raw/reference/utau-samples/金田朋子/連続音/_んべんびょんさ.wav,_んべんびょんさ,,0,vcv,44100,1,4.187120,true,true,
金田朋子,奏音トモ,連続音,_んぺいこんうぃ.wav,research/data/raw/reference/utau-samples/金田朋子/連続音/_んぺいこんうぃ.wav,_んぺいこんうぃ,,0,vcv,44100,1,4.124626,true,true,
金田朋子,奏音トモ,連続音,_んぽいずんし.wav,research/data/raw/reference/utau-samples/金田朋子/連続音/_んぽいずんし.wav,_んぽいずんし,,0,vcv,44100,1,4.249615,true,true,
金田朋子,奏音トモ,連続音,_んみゅんがんりぇ.wav,research/data/raw/reference/utau-samples/金田朋子/連続音/_んみゅんがんりぇ.wav,_んみゅんがんりぇ,,0,vcv,44100,1,4.187120,true,true,
金田朋子,奏音トモ,連続音,_んりゃんぞんちゃ.wav,research/data/raw/reference/utau-samples/金田朋子/連続音/_んりゃんぞんちゃ.wav,_んりゃんぞんちゃ,,0,vcv,44100,1,4.124626,true,true,
金田朋子,奏音トモ,連続音,_んりゅいげんほ.wav,research/data/raw/reference/utau-samples/金田朋子/連続音/_んりゅいげんほ.wav,_んりゅいげんほ,,0,vcv,44100,1,4.187120,true,true,
金田朋子,奏音トモ,連続音,_んるいうぃなん.wav,research/data/raw/reference/utau-samples/金田朋子/連続音/_んるいうぃなん.wav,_んるいうぃなん,n る,3,vcv,44100,1,4.187120,true,true,
金田朋子,奏音トモ,連続音,_んわいぐんりょ.wav,research/data/raw/reference/utau-samples/金田朋子/連続音/_んわいぐんりょ.wav,_んわいぐんりょ,,0,vcv,44100,1,4.187120,true,true,
金田朋子,奏音トモ,連続音,_んんじゅんぐん.wav,research/data/raw/reference/utau-samples/金田朋子/連続音/_んんじゅんぐん.wav,_んんじゅんぐん,,0,vcv,44100,1,4.187120,true,true,
金田朋子,奏音トモ,連続音,_ヴぁんみょんしゅじぇ.wav,research/data/raw/reference/utau-samples/金田朋子/連続音/_ヴぁんみょんしゅじぇ.wav,_ヴぁんみょんしゅじぇ,,0,vcv,44100,1,4.124626,true,true,
金田朋子,奏音トモ,連続音,_ヴぃしゃしぇろにゅた.wav,research/data/raw/reference/utau-samples/金田朋子/連続音/_ヴぃしゃしぇろにゅた.wav,_ヴぃしゃしぇろにゅた,,0,vcv,44100,1,4.124626,true,true,
金田朋子,奏音トモ,連続音,_ヴぇぴゅいじちゃら.wav,research/data/raw/reference/utau-samples/金田朋子/連続音/_ヴぇぴゅいじちゃら.wav,_ヴぇぴゅいじちゃら,,0,vcv,44100,1,4.187120,true,true,
金田朋子,奏音トモ,連続音,_ヴぉるぺどヴざ.wav,research/data/raw/reference/utau-samples/金田朋子/連続音/_ヴぉるぺどヴざ.wav,_ヴぉるぺどヴざ,,0,vcv,44100,1,4.124626,true,true,
金田朋子,奏音トモ,連続音,_ヴてぃもぶふひゅ.wav,research/data/raw/reference/utau-samples/金田朋子/連続音/_ヴてぃもぶふひゅ.wav,_ヴてぃもぶふひゅ,,0,vcv,44100,1,4.187120,true,true,
門脇舞以,まいた,単独音_PLANE,あ.wav,research/data/raw/reference/utau-samples/門脇舞以/単独音_PLANE/あ.wav,あ,あP,1,vowel,44100,1,1.062404,true,true,
門脇舞以,まいた,単独音_PLANE,い.wav,research/data/raw/reference/utau-samples/門脇舞以/単独音_PLANE/い.wav,い,いP,1,vowel,44100,1,0.999909,true,true,
門脇舞以,まいた,単独音_PLANE,いぇ.wav,research/data/raw/reference/utau-samples/門脇舞以/単独音_PLANE/いぇ.wav,いぇ,いぇP,1,cv,44100,1,1.062404,true,true,
門脇舞以,まいた,単独音_PLANE,う.wav,research/data/raw/reference/utau-samples/門脇舞以/単独音_PLANE/う.wav,う,うP,1,vowel,44100,1,0.999909,true,true,
門脇舞以,まいた,単独音_PLANE,うぁ.wav,research/data/raw/reference/utau-samples/門脇舞以/単独音_PLANE/うぁ.wav,うぁ,うぁP,1,cv,44100,1,0.999909,true,true,
門脇舞以,まいた,単独音_PLANE,うぃ.wav,research/data/raw/reference/utau-samples/門脇舞以/単独音_PLANE/うぃ.wav,うぃ,うぃP,1,cv,44100,1,1.062404,true,true,
門脇舞以,まいた,単独音_PLANE,うぇ.wav,research/data/raw/reference/utau-samples/門脇舞以/単独音_PLANE/うぇ.wav,うぇ,うぇP,1,cv,44100,1,0.999909,true,true,
門脇舞以,まいた,単独音_PLANE,うぉ.wav,research/data/raw/reference/utau-samples/門脇舞以/単独音_PLANE/うぉ.wav,うぉ,うぉP,1,cv,44100,1,0.999909,true,true,
門脇舞以,まいた,単独音_PLANE,え.wav,research/data/raw/reference/utau-samples/門脇舞以/単独音_PLANE/え.wav,え,えP,1,vowel,44100,1,0.999909,true,true,
門脇舞以,まいた,単独音_PLANE,お.wav,research/data/raw/reference/utau-samples/門脇舞以/単独音_PLANE/お.wav,お,おP,1,vowel,44100,1,1.062404,true,true,
門脇舞以,まいた,単独音_PLANE,か.wav,research/data/raw/reference/utau-samples/門脇舞以/単独音_PLANE/か.wav,か,かP,1,cv,44100,1,1.062404,true,true,
門脇舞以,まいた,単独音_PLANE,が.wav,research/data/raw/reference/utau-samples/門脇舞以/単独音_PLANE/が.wav,が,,0,cv,44100,1,1.062404,true,true,
門脇舞以,まいた,単独音_PLANE,き.wav,research/data/raw/reference/utau-samples/門脇舞以/単独音_PLANE/き.wav,き,きP,1,cv,44100,1,0.999909,true,true,
門脇舞以,まいた,単独音_PLANE,きぇ.wav,research/data/raw/reference/utau-samples/門脇舞以/単独音_PLANE/きぇ.wav,きぇ,きぇP,1,cv,44100,1,0.999909,true,true,
門脇舞以,まいた,単独音_PLANE,きゃ.wav,research/data/raw/reference/utau-samples/門脇舞以/単独音_PLANE/きゃ.wav,きゃ,きゃP,1,cv,44100,1,1.062404,true,true,
門脇舞以,まいた,単独音_PLANE,きゅ.wav,research/data/raw/reference/utau-samples/門脇舞以/単独音_PLANE/きゅ.wav,きゅ,きゅP,1,cv,44100,1,1.062404,true,true,
門脇舞以,まいた,単独音_PLANE,きょ.wav,research/data/raw/reference/utau-samples/門脇舞以/単独音_PLANE/きょ.wav,きょ,きょP,1,cv,44100,1,0.999909,true,true,
門脇舞以,まいた,単独音_PLANE,ぎ.wav,research/data/raw/reference/utau-samples/門脇舞以/単独音_PLANE/ぎ.wav,ぎ,,0,cv,44100,1,0.999909,true,true,
門脇舞以,まいた,単独音_PLANE,ぎぇ.wav,research/data/raw/reference/utau-samples/門脇舞以/単独音_PLANE/ぎぇ.wav,ぎぇ,,0,cv,44100,1,0.999909,true,true,
門脇舞以,まいた,単独音_PLANE,ぎゃ.wav,research/data/raw/reference/utau-samples/門脇舞以/単独音_PLANE/ぎゃ.wav,ぎゃ,,0,cv,44100,1,1.062404,true,true,
門脇舞以,まいた,単独音_PLANE,ぎゅ.wav,research/data/raw/reference/utau-samples/門脇舞以/単独音_PLANE/ぎゅ.wav,ぎゅ,,0,cv,44100,1,0.999909,true,true,
門脇舞以,まいた,単独音_PLANE,ぎょ.wav,research/data/raw/reference/utau-samples/門脇舞以/単独音_PLANE/ぎょ.wav,ぎょ,,0,cv,44100,1,0.999909,true,true,
門脇舞以,まいた,単独音_PLANE,く.wav,research/data/raw/reference/utau-samples/門脇舞以/単独音_PLANE/く.wav,く,くP,1,cv,44100,1,0.999909,true,true,
門脇舞以,まいた,単独音_PLANE,くぁ.wav,research/data/raw/reference/utau-samples/門脇舞以/単独音_PLANE/くぁ.wav,くぁ,くぁP,1,cv,44100,1,1.062404,true,true,
門脇舞以,まいた,単独音_PLANE,くぃ.wav,research/data/raw/reference/utau-samples/門脇舞以/単独音_PLANE/くぃ.wav,くぃ,くぃP,1,cv,44100,1,1.062404,true,true,
門脇舞以,まいた,単独音_PLANE,くぇ.wav,research/data/raw/reference/utau-samples/門脇舞以/単独音_PLANE/くぇ.wav,くぇ,くぇP,1,cv,44100,1,0.999909,true,true,
門脇舞以,まいた,単独音_PLANE,くぉ.wav,research/data/raw/reference/utau-samples/門脇舞以/単独音_PLANE/くぉ.wav,くぉ,くぉP,1,cv,44100,1,0.999909,true,true,
門脇舞以,まいた,単独音_PLANE,ぐ.wav,research/data/raw/reference/utau-samples/門脇舞以/単独音_PLANE/ぐ.wav,ぐ,,0,cv,44100,1,1.062404,true,true,
門脇舞以,まいた,単独音_PLANE,ぐぁ.wav,research/data/raw/reference/utau-samples/門脇舞以/単独音_PLANE/ぐぁ.wav,ぐぁ,,0,cv,44100,1,1.062404,true,true,
門脇舞以,まいた,単独音_PLANE,ぐぃ.wav,research/data/raw/reference/utau-samples/門脇舞以/単独音_PLANE/ぐぃ.wav,ぐぃ,,0,cv,44100,1,0.999909,true,true,
門脇舞以,まいた,単独音_PLANE,ぐぇ.wav,research/data/raw/reference/utau-samples/門脇舞以/単独音_PLANE/ぐぇ.wav,ぐぇ,,0,cv,44100,1,0.999909,true,true,
門脇舞以,まいた,単独音_PLANE,ぐぉ.wav,research/data/raw/reference/utau-samples/門脇舞以/単独音_PLANE/ぐぉ.wav,ぐぉ,,0,cv,44100,1,1.062404,true,true,
門脇舞以,まいた,単独音_PLANE,け.wav,research/data/raw/reference/utau-samples/門脇舞以/単独音_PLANE/け.wav,け,けP,1,cv,44100,1,1.062404,true,true,
門脇舞以,まいた,単独音_PLANE,げ.wav,research/data/raw/reference/utau-samples/門脇舞以/単独音_PLANE/げ.wav,げ,,0,cv,44100,1,1.062404,true,true,
門脇舞以,まいた,単独音_PLANE,こ.wav,research/data/raw/reference/utau-samples/門脇舞以/単独音_PLANE/こ.wav,こ,こP,1,cv,44100,1,0.999909,true,true,
門脇舞以,まいた,単独音_PLANE,ご.wav,research/data/raw/reference/utau-samples/門脇舞以/単独音_PLANE/ご.wav,ご,,0,cv,44100,1,0.999909,true,true,
門脇舞以,まいた,単独音_PLANE,さ.wav,research/data/raw/reference/utau-samples/門脇舞以/単独音_PLANE/さ.wav,さ,さP,1,cv,44100,1,0.999909,true,true,
門脇舞以,まいた,単独音_PLANE,ざ.wav,research/data/raw/reference/utau-samples/門脇舞以/単独音_PLANE/ざ.wav,ざ,,0,cv,44100,1,0.999909,true,true,
門脇舞以,まいた,単独音_PLANE,し.wav,research/data/raw/reference/utau-samples/門脇舞以/単独音_PLANE/し.wav,し,しP,1,cv,44100,1,1.062404,true,true,
門脇舞以,まいた,単独音_PLANE,しぇ.wav,research/data/raw/reference/utau-samples/門脇舞以/単独音_PLANE/しぇ.wav,しぇ,しぇP,1,cv,44100,1,0.999909,true,true,
門脇舞以,まいた,単独音_PLANE,しゃ.wav,research/data/raw/reference/utau-samples/門脇舞以/単独音_PLANE/しゃ.wav,しゃ,しゃP,1,cv,44100,1,1.062404,true,true,
門脇舞以,まいた,単独音_PLANE,しゅ.wav,research/data/raw/reference/utau-samples/門脇舞以/単独音_PLANE/しゅ.wav,しゅ,しゅP,1,cv,44100,1,0.999909,true,true,
門脇舞以,まいた,単独音_PLANE,しょ.wav,research/data/raw/reference/utau-samples/門脇舞以/単独音_PLANE/しょ.wav,しょ,しょP,1,cv,44100,1,1.062404,true,true,
門脇舞以,まいた,単独音_PLANE,じ.wav,research/data/raw/reference/utau-samples/門脇舞以/単独音_PLANE/じ.wav,じ,,0,cv,44100,1,1.062404,true,true,
門脇舞以,まいた,単独音_PLANE,じぇ.wav,research/data/raw/reference/utau-samples/門脇舞以/単独音_PLANE/じぇ.wav,じぇ,,0,cv,44100,1,0.999909,true,true,
門脇舞以,まいた,単独音_PLANE,じゃ.wav,research/data/raw/reference/utau-samples/門脇舞以/単独音_PLANE/じゃ.wav,じゃ,,0,cv,44100,1,1.062404,true,true,
門脇舞以,まいた,単独音_PLANE,じゅ.wav,research/data/raw/reference/utau-samples/門脇舞以/単独音_PLANE/じゅ.wav,じゅ,,0,cv,44100,1,0.999909,true,true,
門脇舞以,まいた,単独音_PLANE,じょ.wav,research/data/raw/reference/utau-samples/門脇舞以/単独音_PLANE/じょ.wav,じょ,,0,cv,44100,1,0.999909,true,true,
門脇舞以,まいた,単独音_PLANE,す.wav,research/data/raw/reference/utau-samples/門脇舞以/単独音_PLANE/す.wav,す,すP,1,cv,44100,1,0.999909,true,true,
門脇舞以,まいた,単独音_PLANE,すぁ.wav,research/data/raw/reference/utau-samples/門脇舞以/単独音_PLANE/すぁ.wav,すぁ,すぁP,1,cv,44100,1,1.062404,true,true,
門脇舞以,まいた,単独音_PLANE,すぃ.wav,research/data/raw/reference/utau-samples/門脇舞以/単独音_PLANE/すぃ.wav,すぃ,すぃP,1,cv,44100,1,1.062404,true,true,
門脇舞以,まいた,単独音_PLANE,すぇ.wav,research/data/raw/reference/utau-samples/門脇舞以/単独音_PLANE/すぇ.wav,すぇ,すぇP,1,cv,44100,1,0.999909,true,true,
門脇舞以,まいた,単独音_PLANE,すぉ.wav,research/data/raw/reference/utau-samples/門脇舞以/単独音_PLANE/すぉ.wav,すぉ,すぉP,1,cv,44100,1,0.999909,true,true,
門脇舞以,まいた,単独音_PLANE,ず.wav,research/data/raw/reference/utau-samples/門脇舞以/単独音_PLANE/ず.wav,ず,,0,cv,44100,1,0.999909,true,true,
門脇舞以,まいた,単独音_PLANE,ずぁ.wav,research/data/raw/reference/utau-samples/門脇舞以/単独音_PLANE/ずぁ.wav,ずぁ,,0,cv,44100,1,0.999909,true,true,
門脇舞以,まいた,単独音_PLANE,ずぃ.wav,research/data/raw/reference/utau-samples/門脇舞以/単独音_PLANE/ずぃ.wav,ずぃ,,0,cv,44100,1,0.999909,true,true,
門脇舞以,まいた,単独音_PLANE,ずぇ.wav,research/data/raw/reference/utau-samples/門脇舞以/単独音_PLANE/ずぇ.wav,ずぇ,,0,cv,44100,1,1.062404,true,true,
門脇舞以,まいた,単独音_PLANE,ずぉ.wav,research/data/raw/reference/utau-samples/門脇舞以/単独音_PLANE/ずぉ.wav,ずぉ,,0,cv,44100,1,1.062404,true,true,
門脇舞以,まいた,単独音_PLANE,せ.wav,research/data/raw/reference/utau-samples/門脇舞以/単独音_PLANE/せ.wav,せ,せP,1,cv,44100,1,0.999909,true,true,
門脇舞以,まいた,単独音_PLANE,ぜ.wav,research/data/raw/reference/utau-samples/門脇舞以/単独音_PLANE/ぜ.wav,ぜ,,0,cv,44100,1,0.999909,true,true,
門脇舞以,まいた,単独音_PLANE,そ.wav,research/data/raw/reference/utau-samples/門脇舞以/単独音_PLANE/そ.wav,そ,そP,1,cv,44100,1,1.062404,true,true,
門脇舞以,まいた,単独音_PLANE,ぞ.wav,research/data/raw/reference/utau-samples/門脇舞以/単独音_PLANE/ぞ.wav,ぞ,,0,cv,44100,1,1.062404,true,true,
門脇舞以,まいた,単独音_PLANE,た.wav,research/data/raw/reference/utau-samples/門脇舞以/単独音_PLANE/た.wav,た,たP,1,cv,44100,1,1.062404,true,true,
門脇舞以,まいた,単独音_PLANE,だ.wav,research/data/raw/reference/utau-samples/門脇舞以/単独音_PLANE/だ.wav,だ,,0,cv,44100,1,0.999909,true,true,
門脇舞以,まいた,単独音_PLANE,ち.wav,research/data/raw/reference/utau-samples/門脇舞以/単独音_PLANE/ち.wav,ち,ちP,1,cv,44100,1,0.999909,true,true,
門脇舞以,まいた,単独音_PLANE,ちぇ.wav,research/data/raw/reference/utau-samples/門脇舞以/単独音_PLANE/ちぇ.wav,ちぇ,ちぇP,1,cv,44100,1,0.999909,true,true,
門脇舞以,まいた,単独音_PLANE,ちゃ.wav,research/data/raw/reference/utau-samples/門脇舞以/単独音_PLANE/ちゃ.wav,ちゃ,ちゃP,1,cv,44100,1,1.062404,true,true,
門脇舞以,まいた,単独音_PLANE,ちゅ.wav,research/data/raw/reference/utau-samples/門脇舞以/単独音_PLANE/ちゅ.wav,ちゅ,ちゅP,1,cv,44100,1,1.062404,true,true,
門脇舞以,まいた,単独音_PLANE,ちょ.wav,research/data/raw/reference/utau-samples/門脇舞以/単独音_PLANE/ちょ.wav,ちょ,ちょP,1,cv,44100,1,0.999909,true,true,
門脇舞以,まいた,単独音_PLANE,つ.wav,research/data/raw/reference/utau-samples/門脇舞以/単独音_PLANE/つ.wav,つ,つP,1,cv,44100,1,0.999909,true,true,
門脇舞以,まいた,単独音_PLANE,つぁ.wav,research/data/raw/reference/utau-samples/門脇舞以/単独音_PLANE/つぁ.wav,つぁ,つぁP,1,cv,44100,1,1.062404,true,true,
門脇舞以,まいた,単独音_PLANE,つぃ.wav,research/data/raw/reference/utau-samples/門脇舞以/単独音_PLANE/つぃ.wav,つぃ,つぃP,1,cv,44100,1,1.062404,true,true,
門脇舞以,まいた,単独音_PLANE,つぇ.wav,research/data/raw/reference/utau-samples/門脇舞以/単独音_PLANE/つぇ.wav,つぇ,つぇP,1,cv,44100,1,0.999909,true,true,
門脇舞以,まいた,単独音_PLANE,つぉ.wav,research/data/raw/reference/utau-samples/門脇舞以/単独音_PLANE/つぉ.wav,つぉ,つぉP,1,cv,44100,1,0.999909,true,true,
門脇舞以,まいた,単独音_PLANE,て.wav,research/data/raw/reference/utau-samples/門脇舞以/単独音_PLANE/て.wav,て,てP,1,cv,44100,1,1.062404,true,true,
門脇舞以,まいた,単独音_PLANE,てぃ.wav,research/data/raw/reference/utau-samples/門脇舞以/単独音_PLANE/てぃ.wav,てぃ,てぃP,1,cv,44100,1,1.062404,true,true,
門脇舞以,まいた,単独音_PLANE,てゅ.wav,research/data/raw/reference/utau-samples/門脇舞以/単独音_PLANE/てゅ.wav,てゅ,てゅP,1,cv,44100,1,0.999909,true,true,
門脇舞以,まいた,単独音_PLANE,で.wav,research/data/raw/reference/utau-samples/門脇舞以/単独音_PLANE/で.wav,で,,0,cv,44100,1,0.999909,true,true,
門脇舞以,まいた,単独音_PLANE,でぃ.wav,research/data/raw/reference/utau-samples/門脇舞以/単独音_PLANE/でぃ.wav,でぃ,,0,cv,44100,1,0.999909,true,true,
門脇舞以,まいた,単独音_PLANE,でゅ.wav,research/data/raw/reference/utau-samples/門脇舞以/単独音_PLANE/でゅ.wav,でゅ,,0,cv,44100,1,1.062404,true,true,
門脇舞以,まいた,単独音_PLANE,と.wav,research/data/raw/reference/utau-samples/門脇舞以/単独音_PLANE/と.wav,と,とP,1,cv,44100,1,0.999909,true,true,
門脇舞以,まいた,単独音_PLANE,とぅ.wav,research/data/raw/reference/utau-samples/門脇舞以/単独音_PLANE/とぅ.wav,とぅ,とぅP,1,cv,44100,1,1.062404,true,true,
門脇舞以,まいた,単独音_PLANE,ど.wav,research/data/raw/reference/utau-samples/門脇舞以/単独音_PLANE/ど.wav,ど,,0,cv,44100,1,1.062404,true,true,
門脇舞以,まいた,単独音_PLANE,どぅ.wav,research/data/raw/reference/utau-samples/門脇舞以/単独音_PLANE/どぅ.wav,どぅ,,0,cv,44100,1,0.999909,true,true,
門脇舞以,まいた,単独音_PLANE,な.wav,research/data/raw/reference/utau-samples/門脇舞以/単独音_PLANE/な.wav,な,なP,1,cv,44100,1,0.999909,true,true,
門脇舞以,まいた,単独音_PLANE,に.wav,research/data/raw/reference/utau-samples/門脇舞以/単独音_PLANE/に.wav,に,にP,1,cv,44100,1,1.062404,true,true,
門脇舞以,まいた,単独音_PLANE,にぇ.wav,research/data/raw/reference/utau-samples/門脇舞以/単独音_PLANE/にぇ.wav,にぇ,にぇP,1,cv,44100,1,0.937415,true,true,
門脇舞以,まいた,単独音_PLANE,にゃ.wav,research/data/raw/reference/utau-samples/門脇舞以/単独音_PLANE/にゃ.wav,にゃ,にゃP,1,cv,44100,1,1.062404,true,true,
門脇舞以,まいた,単独音_PLANE,にゅ.wav,research/data/raw/reference/utau-samples/門脇舞以/単独音_PLANE/にゅ.wav,にゅ,にゅP,1,cv,44100,1,0.999909,true,true,
門脇舞以,まいた,単独音_PLANE,にょ.wav,research/data/raw/reference/utau-samples/門脇舞以/単独音_PLANE/にょ.wav,にょ,にょP,1,cv,44100,1,1.062404,true,true,
門脇舞以,まいた,単独音_PLANE,ぬ.wav,research/data/raw/reference/utau-samples/門脇舞以/単独音_PLANE/ぬ.wav,ぬ,ぬP,1,cv,44100,1,1.062404,true,true,
門脇舞以,まいた,単独音_PLANE,ね.wav,research/data/raw/reference/utau-samples/門脇舞以/単独音_PLANE/ね.wav,ね,ねP,1,cv,44100,1,0.999909,true,true,
門脇舞以,まいた,単独音_PLANE,の.wav,research/data/raw/reference/utau-samples/門脇舞以/単独音_PLANE/の.wav,の,のP,1,cv,44100,1,1.062404,true,true,
門脇舞以,まいた,単独音_PLANE,は.wav,research/data/raw/reference/utau-samples/門脇舞以/単独音_PLANE/は.wav,は,はP,1,cv,44100,1,0.999909,true,true,
門脇舞以,まいた,単独音_PLANE,ば.wav,research/data/raw/reference/utau-samples/門脇舞以/単独音_PLANE/ば.wav,ば,,0,cv,44100,1,1.062404,true,true,
門脇舞以,まいた,単独音_PLANE,ぱ.wav,research/data/raw/reference/utau-samples/門脇舞以/単独音_PLANE/ぱ.wav,ぱ,,0,cv,44100,1,0.999909,true,true,
門脇舞以,まいた,単独音_PLANE,ひ.wav,research/data/raw/reference/utau-samples/門脇舞以/単独音_PLANE/ひ.wav,ひ,ひP,1,cv,44100,1,0.999909,true,true,
門脇舞以,まいた,単独音_PLANE,ひぇ.wav,research/data/raw/reference/utau-samples/門脇舞以/単独音_PLANE/ひぇ.wav,ひぇ,ひぇP,1,cv,44100,1,0.999909,true,true,
門脇舞以,まいた,単独音_PLANE,ひゃ.wav,research/data/raw/reference/utau-samples/門脇舞以/単独音_PLANE/ひゃ.wav,ひゃ,ひゃP,1,cv,44100,1,1.062404,true,true,
門脇舞以,まいた,単独音_PLANE,ひゅ.wav,research/data/raw/reference/utau-samples/門脇舞以/単独音_PLANE/ひゅ.wav,ひゅ,ひゅP,1,cv,44100,1,0.999909,true,true,
門脇舞以,まいた,単独音_PLANE,ひょ.wav,research/data/raw/reference/utau-samples/門脇舞以/単独音_PLANE/ひょ.wav,ひょ,ひょP,1,cv,44100,1,1.062404,true,true,
門脇舞以,まいた,単独音_PLANE,び.wav,research/data/raw/reference/utau-samples/門脇舞以/単独音_PLANE/び.wav,び,,0,cv,44100,1,0.999909,true,true,
門脇舞以,まいた,単独音_PLANE,びぇ.wav,research/data/raw/reference/utau-samples/門脇舞以/単独音_PLANE/びぇ.wav,びぇ,,0,cv,44100,1,1.062404,true,true,
門脇舞以,まいた,単独音_PLANE,びゃ.wav,research/data/raw/reference/utau-samples/門脇舞以/単独音_PLANE/びゃ.wav,びゃ,,0,cv,44100,1,0.999909,true,true,
門脇舞以,まいた,単独音_PLANE,びゅ.wav,research/data/raw/reference/utau-samples/門脇舞以/単独音_PLANE/びゅ.wav,びゅ,,0,cv,44100,1,1.062404,true,true,
門脇舞以,まいた,単独音_PLANE,びょ.wav,research/data/raw/reference/utau-samples/門脇舞以/単独音_PLANE/びょ.wav,びょ,,0,cv,44100,1,0.999909,true,true,
門脇舞以,まいた,単独音_PLANE,ぴ.wav,research/data/raw/reference/utau-samples/門脇舞以/単独音_PLANE/ぴ.wav,ぴ,,0,cv,44100,1,1.062404,true,true,
門脇舞以,まいた,単独音_PLANE,ぴぇ.wav,research/data/raw/reference/utau-samples/門脇舞以/単独音_PLANE/ぴぇ.wav,ぴぇ,,0,cv,44100,1,0.999909,true,true,
門脇舞以,まいた,単独音_PLANE,ぴゃ.wav,research/data/raw/reference/utau-samples/門脇舞以/単独音_PLANE/ぴゃ.wav,ぴゃ,,0,cv,44100,1,0.999909,true,true,
門脇舞以,まいた,単独音_PLANE,ぴゅ.wav,research/data/raw/reference/utau-samples/門脇舞以/単独音_PLANE/ぴゅ.wav,ぴゅ,,0,cv,44100,1,1.062404,true,true,
門脇舞以,まいた,単独音_PLANE,ぴょ.wav,research/data/raw/reference/utau-samples/門脇舞以/単独音_PLANE/ぴょ.wav,ぴょ,,0,cv,44100,1,0.999909,true,true,
門脇舞以,まいた,単独音_PLANE,ふ.wav,research/data/raw/reference/utau-samples/門脇舞以/単独音_PLANE/ふ.wav,ふ,ふP,1,cv,44100,1,1.062404,true,true,
門脇舞以,まいた,単独音_PLANE,ふぁ.wav,research/data/raw/reference/utau-samples/門脇舞以/単独音_PLANE/ふぁ.wav,ふぁ,ふぁP,1,cv,44100,1,0.999909,true,true,
門脇舞以,まいた,単独音_PLANE,ふぃ.wav,research/data/raw/reference/utau-samples/門脇舞以/単独音_PLANE/ふぃ.wav,ふぃ,ふぃP,1,cv,44100,1,1.062404,true,true,
門脇舞以,まいた,単独音_PLANE,ふぇ.wav,research/data/raw/reference/utau-samples/門脇舞以/単独音_PLANE/ふぇ.wav,ふぇ,ふぇP,1,cv,44100,1,0.999909,true,true,
門脇舞以,まいた,単独音_PLANE,ふぉ.wav,research/data/raw/reference/utau-samples/門脇舞以/単独音_PLANE/ふぉ.wav,ふぉ,ふぉP,1,cv,44100,1,0.999909,true,true,
門脇舞以,まいた,単独音_PLANE,ぶ.wav,research/data/raw/reference/utau-samples/門脇舞以/単独音_PLANE/ぶ.wav,ぶ,,0,cv,44100,1,0.999909,true,true,
門脇舞以,まいた,単独音_PLANE,ぶぁ.wav,research/data/raw/reference/utau-samples/門脇舞以/単独音_PLANE/ぶぁ.wav,ぶぁ,,0,cv,44100,1,0.999909,true,true,
門脇舞以,まいた,単独音_PLANE,ぶぃ.wav,research/data/raw/reference/utau-samples/門脇舞以/単独音_PLANE/ぶぃ.wav,ぶぃ,,0,cv,44100,1,0.999909,true,true,
門脇舞以,まいた,単独音_PLANE,ぶぇ.wav,research/data/raw/reference/utau-samples/門脇舞以/単独音_PLANE/ぶぇ.wav,ぶぇ,,0,cv,44100,1,1.062404,true,true,
門脇舞以,まいた,単独音_PLANE,ぶぉ.wav,research/data/raw/reference/utau-samples/門脇舞以/単独音_PLANE/ぶぉ.wav,ぶぉ,,0,cv,44100,1,1.062404,true,true,
門脇舞以,まいた,単独音_PLANE,ぷ.wav,research/data/raw/reference/utau-samples/門脇舞以/単独音_PLANE/ぷ.wav,ぷ,,0,cv,44100,1,1.062404,true,true,
門脇舞以,まいた,単独音_PLANE,ぷぁ.wav,research/data/raw/reference/utau-samples/門脇舞以/単独音_PLANE/ぷぁ.wav,ぷぁ,,0,cv,44100,1,0.999909,true,true,
門脇舞以,まいた,単独音_PLANE,ぷぃ.wav,research/data/raw/reference/utau-samples/門脇舞以/単独音_PLANE/ぷぃ.wav,ぷぃ,,0,cv,44100,1,0.999909,true,true,
門脇舞以,まいた,単独音_PLANE,ぷぇ.wav,research/data/raw/reference/utau-samples/門脇舞以/単独音_PLANE/ぷぇ.wav,ぷぇ,,0,cv,44100,1,1.062404,true,true,
門脇舞以,まいた,単独音_PLANE,ぷぉ.wav,research/data/raw/reference/utau-samples/門脇舞以/単独音_PLANE/ぷぉ.wav,ぷぉ,,0,cv,44100,1,1.062404,true,true,
門脇舞以,まいた,単独音_PLANE,へ.wav,research/data/raw/reference/utau-samples/門脇舞以/単独音_PLANE/へ.wav,へ,へP,1,cv,44100,1,0.999909,true,true,
門脇舞以,まいた,単独音_PLANE,べ.wav,research/data/raw/reference/utau-samples/門脇舞以/単独音_PLANE/べ.wav,べ,,0,cv,44100,1,1.062404,true,true,
門脇舞以,まいた,単独音_PLANE,ぺ.wav,research/data/raw/reference/utau-samples/門脇舞以/単独音_PLANE/ぺ.wav,ぺ,,0,cv,44100,1,0.999909,true,true,
門脇舞以,まいた,単独音_PLANE,ほ.wav,research/data/raw/reference/utau-samples/門脇舞以/単独音_PLANE/ほ.wav,ほ,ほP,1,cv,44100,1,0.999909,true,true,
門脇舞以,まいた,単独音_PLANE,ぼ.wav,research/data/raw/reference/utau-samples/門脇舞以/単独音_PLANE/ぼ.wav,ぼ,,0,cv,44100,1,0.999909,true,true,
門脇舞以,まいた,単独音_PLANE,ぽ.wav,research/data/raw/reference/utau-samples/門脇舞以/単独音_PLANE/ぽ.wav,ぽ,,0,cv,44100,1,0.999909,true,true,
門脇舞以,まいた,単独音_PLANE,ま.wav,research/data/raw/reference/utau-samples/門脇舞以/単独音_PLANE/ま.wav,ま,まP,1,cv,44100,1,1.062404,true,true,
門脇舞以,まいた,単独音_PLANE,み.wav,research/data/raw/reference/utau-samples/門脇舞以/単独音_PLANE/み.wav,み,みP,1,cv,44100,1,1.062404,true,true,
門脇舞以,まいた,単独音_PLANE,みぇ.wav,research/data/raw/reference/utau-samples/門脇舞以/単独音_PLANE/みぇ.wav,みぇ,みぇP,1,cv,44100,1,1.062404,true,true,
門脇舞以,まいた,単独音_PLANE,みゃ.wav,research/data/raw/reference/utau-samples/門脇舞以/単独音_PLANE/みゃ.wav,みゃ,みゃP,1,cv,44100,1,0.999909,true,true,
門脇舞以,まいた,単独音_PLANE,みゅ.wav,research/data/raw/reference/utau-samples/門脇舞以/単独音_PLANE/みゅ.wav,みゅ,みゅP,1,cv,44100,1,0.999909,true,true,
門脇舞以,まいた,単独音_PLANE,みょ.wav,research/data/raw/reference/utau-samples/門脇舞以/単独音_PLANE/みょ.wav,みょ,みょP,1,cv,44100,1,0.999909,true,true,
門脇舞以,まいた,単独音_PLANE,む.wav,research/data/raw/reference/utau-samples/門脇舞以/単独音_PLANE/む.wav,む,むP,1,cv,44100,1,0.999909,true,true,
門脇舞以,まいた,単独音_PLANE,め.wav,research/data/raw/reference/utau-samples/門脇舞以/単独音_PLANE/め.wav,め,めP,1,cv,44100,1,0.999909,true,true,
門脇舞以,まいた,単独音_PLANE,も.wav,research/data/raw/reference/utau-samples/門脇舞以/単独音_PLANE/も.wav,も,もP,1,cv,44100,1,1.062404,true,true,
門脇舞以,まいた,単独音_PLANE,や.wav,research/data/raw/reference/utau-samples/門脇舞以/単独音_PLANE/や.wav,や,やP,1,cv,44100,1,1.062404,true,true,
門脇舞以,まいた,単独音_PLANE,ゆ.wav,research/data/raw/reference/utau-samples/門脇舞以/単独音_PLANE/ゆ.wav,ゆ,ゆP,1,cv,44100,1,0.999909,true,true,
門脇舞以,まいた,単独音_PLANE,よ.wav,research/data/raw/reference/utau-samples/門脇舞以/単独音_PLANE/よ.wav,よ,よP,1,cv,44100,1,0.999909,true,true,
門脇舞以,まいた,単独音_PLANE,ら.wav,research/data/raw/reference/utau-samples/門脇舞以/単独音_PLANE/ら.wav,ら,らP,1,cv,44100,1,1.062404,true,true,
門脇舞以,まいた,単独音_PLANE,り.wav,research/data/raw/reference/utau-samples/門脇舞以/単独音_PLANE/り.wav,り,りP,1,cv,44100,1,1.062404,true,true,
門脇舞以,まいた,単独音_PLANE,りぇ.wav,research/data/raw/reference/utau-samples/門脇舞以/単独音_PLANE/りぇ.wav,りぇ,りぇP,1,cv,44100,1,1.062404,true,true,
門脇舞以,まいた,単独音_PLANE,りゃ.wav,research/data/raw/reference/utau-samples/門脇舞以/単独音_PLANE/りゃ.wav,りゃ,りゃP,1,cv,44100,1,0.999909,true,true,
門脇舞以,まいた,単独音_PLANE,りゅ.wav,research/data/raw/reference/utau-samples/門脇舞以/単独音_PLANE/りゅ.wav,りゅ,りゅP,1,cv,44100,1,1.062404,true,true,
門脇舞以,まいた,単独音_PLANE,りょ.wav,research/data/raw/reference/utau-samples/門脇舞以/単独音_PLANE/りょ.wav,りょ,りょP,1,cv,44100,1,0.999909,true,true,
門脇舞以,まいた,単独音_PLANE,る.wav,research/data/raw/reference/utau-samples/門脇舞以/単独音_PLANE/る.wav,る,るP,1,cv,44100,1,0.999909,true,true,
門脇舞以,まいた,単独音_PLANE,れ.wav,research/data/raw/reference/utau-samples/門脇舞以/単独音_PLANE/れ.wav,れ,れP,1,cv,44100,1,0.999909,true,true,
門脇舞以,まいた,単独音_PLANE,ろ.wav,research/data/raw/reference/utau-samples/門脇舞以/単独音_PLANE/ろ.wav,ろ,ろP,1,cv,44100,1,1.062404,true,true,
門脇舞以,まいた,単独音_PLANE,わ.wav,research/data/raw/reference/utau-samples/門脇舞以/単独音_PLANE/わ.wav,わ,わP,1,cv,44100,1,1.062404,true,true,
門脇舞以,まいた,単独音_PLANE,を.wav,research/data/raw/reference/utau-samples/門脇舞以/単独音_PLANE/を.wav,を,をP,1,cv,44100,1,0.999909,true,true,
門脇舞以,まいた,単独音_PLANE,ん.wav,research/data/raw/reference/utau-samples/門脇舞以/単独音_PLANE/ん.wav,ん,んP,1,cv,44100,1,0.999909,true,true,
門脇舞以,まいた,単独音_PLANE,ヴ.wav,research/data/raw/reference/utau-samples/門脇舞以/単独音_PLANE/ヴ.wav,ヴ,,0,cv,44100,1,1.062404,true,true,
門脇舞以,まいた,単独音_PLANE,ヴぁ.wav,research/data/raw/reference/utau-samples/門脇舞以/単独音_PLANE/ヴぁ.wav,ヴぁ,,0,cv,44100,1,0.999909,true,true,
門脇舞以,まいた,単独音_PLANE,ヴぃ.wav,research/data/raw/reference/utau-samples/門脇舞以/単独音_PLANE/ヴぃ.wav,ヴぃ,,0,cv,44100,1,1.062404,true,true,
門脇舞以,まいた,単独音_PLANE,ヴぇ.wav,research/data/raw/reference/utau-samples/門脇舞以/単独音_PLANE/ヴぇ.wav,ヴぇ,,0,cv,44100,1,0.999909,true,true,
門脇舞以,まいた,単独音_PLANE,ヴぉ.wav,research/data/raw/reference/utau-samples/門脇舞以/単独音_PLANE/ヴぉ.wav,ヴぉ,,0,cv,44100,1,0.999909,true,true,
門脇舞以,まいた,息,息1.wav,research/data/raw/reference/utau-samples/門脇舞以/息/息1.wav,息1,息1,1,breath,44100,1,0.348299,true,true,
門脇舞以,まいた,息,息2.wav,research/data/raw/reference/utau-samples/門脇舞以/息/息2.wav,息2,息2,1,breath,44100,1,0.650159,true,true,
門脇舞以,まいた,連続音,_ああいあうあ.wav,research/data/raw/reference/utau-samples/門脇舞以/連続音/_ああいあうあ.wav,_ああいあうあ,- あ,7,vcv,44100,1,4.124626,true,true,
門脇舞以,まいた,連続音,_いいういえい.wav,research/data/raw/reference/utau-samples/門脇舞以/連続音/_いいういえい.wav,_いいういえい,- い,7,vcv,44100,1,4.249615,true,true,
門脇舞以,まいた,連続音,_いいゆいよい.wav,research/data/raw/reference/utau-samples/門脇舞以/連続音/_いいゆいよい.wav,_いいゆいよい,i ゆ,3,vcv,44100,1,4.249615,true,true,
門脇舞以,まいた,連続音,_いぇいぇいいぇゆいぇ.wav,research/data/raw/reference/utau-samples/門脇舞以/連続音/_いぇいぇいいぇゆいぇ.wav,_いぇいぇいいぇゆいぇ,- いぇ,6,vcv,44100,1,4.187120,true,true,
門脇舞以,まいた,連続音,_うぃうぃううぃうぉうぃ.wav,research/data/raw/reference/utau-samples/門脇舞以/連続音/_うぃうぃううぃうぉうぃ.wav,_うぃうぃううぃうぉうぃ,- うぃ,6,vcv,44100,1,4.187120,true,true,
門脇舞以,まいた,連続音,_うううぉうわう.wav,research/data/raw/reference/utau-samples/門脇舞以/連続音/_うううぉうわう.wav,_うううぉうわう,- う,6,vcv,44100,1,4.124626,true,true,
門脇舞以,まいた,連続音,_ううえうおう.wav,research/data/raw/reference/utau-samples/門脇舞以/連続音/_ううえうおう.wav,_ううえうおう,u え,4,vcv,44100,1,4.124626,true,true,
門脇舞以,まいた,連続音,_うぇうぇうぃうぇううぇ.wav,research/data/raw/reference/utau-samples/門脇舞以/連続音/_うぇうぇうぃうぇううぇ.wav,_うぇうぇうぃうぇううぇ,- うぇ,6,vcv,44100,1,4.249615,true,true,
門脇舞以,まいた,連続音,_うぉうぉわうぉうぇうぉ.wav,research/data/raw/reference/utau-samples/門脇舞以/連続音/_うぉうぉわうぉうぇうぉ.wav,_うぉうぉわうぉうぇうぉ,- うぉ,7,vcv,44100,1,4.249615,true,true,
門脇舞以,まいた,連続音,_ええおえあえ.wav,research/data/raw/reference/utau-samples/門脇舞以/連続音/_ええおえあえ.wav,_ええおえあえ,- え,8,vcv,44100,1,4.187120,true,true,
門脇舞以,まいた,連続音,_おおあおいお.wav,research/data/raw/reference/utau-samples/門脇舞以/連続音/_おおあおいお.wav,_おおあおいお,- お,10,vcv,44100,1,4.249615,true,true,
門脇舞以,まいた,連続音,_かかけかきか.wav,research/data/raw/reference/utau-samples/門脇舞以/連続音/_かかけかきか.wav,_かかけかきか,- か,7,vcv,44100,1,4.124626,true,true,
門脇舞以,まいた,連続音,_ががげがぎが.wav,research/data/raw/reference/utau-samples/門脇舞以/連続音/_ががげがぎが.wav,_ががげがぎが,,0,vcv,44100,1,4.124626,true,true,
門脇舞以,まいた,連続音,_きぇきぇききぇきゅきぇ.wav,research/data/raw/reference/utau-samples/門脇舞以/連続音/_きぇきぇききぇきゅきぇ.wav,_きぇきぇききぇきゅきぇ,- きぇ,7,vcv,44100,1,4.124626,true,true,
門脇舞以,まいた,連続音,_きききゅききょき.wav,research/data/raw/reference/utau-samples/門脇舞以/連続音/_きききゅききょき.wav,_きききゅききょき,- き,7,vcv,44100,1,4.124626,true,true,
門脇舞以,まいた,連続音,_ききくきこき.wav,research/data/raw/reference/utau-samples/門脇舞以/連続音/_ききくきこき.wav,_ききくきこき,i く,2,vcv,44100,1,4.187120,true,true,
門脇舞以,まいた,連続音,_きゃきゃきぇきゃききゃ.wav,research/data/raw/reference/utau-samples/門脇舞以/連続音/_きゃきゃきぇきゃききゃ.wav,_きゃきゃきぇきゃききゃ,- きゃ,6,vcv,44100,1,4.124626,true,true,
門脇舞以,まいた,連続音,_きゅきゅきょきゅきゃきゅ.wav,research/data/raw/reference/utau-samples/門脇舞以/連続音/_きゅきゅきょきゅきゃきゅ.wav,_きゅきゅきょきゅきゃきゅ,- きゅ,7,vcv,44100,1,4.249615,true,true,
門脇舞以,まいた,連続音,_きょきょきゃきょきぇきょ.wav,research/data/raw/reference/utau-samples/門脇舞以/連続音/_きょきょきゃきょきぇきょ.wav,_きょきょきゃきょきぇきょ,- きょ,7,vcv,44100,1,4.124626,true,true,
門脇舞以,まいた,連続音,_ぎぇぎぇぎぎぇぎゅぎぇ.wav,research/data/raw/reference/utau-samples/門脇舞以/連続音/_ぎぇぎぇぎぎぇぎゅぎぇ.wav,_ぎぇぎぇぎぎぇぎゅぎぇ,,0,vcv,44100,1,4.124626,true,true,
門脇舞以,まいた,連続音,_ぎぎぎゅぎぎょぎ.wav,research/data/raw/reference/utau-samples/門脇舞以/連続音/_ぎぎぎゅぎぎょぎ.wav,_ぎぎぎゅぎぎょぎ,,0,vcv,44100,1,4.187120,true,true,
門脇舞以,まいた,連続音,_ぎぎぐぎごぎ.wav,research/data/raw/reference/utau-samples/門脇舞以/連続音/_ぎぎぐぎごぎ.wav,_ぎぎぐぎごぎ,,0,vcv,44100,1,4.249615,true,true,
門脇舞以,まいた,連続音,_ぎゃぎゃぎぇぎゃぎぎゃ.wav,research/data/raw/reference/utau-samples/門脇舞以/連続音/_ぎゃぎゃぎぇぎゃぎぎゃ.wav,_ぎゃぎゃぎぇぎゃぎぎゃ,,0,vcv,44100,1,4.124626,true,true,
門脇舞以,まいた,連続音,_ぎゅぎゅぎょぎゅぎゃぎゅ.wav,research/data/raw/reference/utau-samples/門脇舞以/連続音/_ぎゅぎゅぎょぎゅぎゃぎゅ.wav,_ぎゅぎゅぎょぎゅぎゃぎゅ,,0,vcv,44100,1,4.187120,true,true,
門脇舞以,まいた,連続音,_ぎょぎょぎゃぎょぎぇぎょ.wav,research/data/raw/reference/utau-samples/門脇舞以/連続音/_ぎょぎょぎゃぎょぎぇぎょ.wav,_ぎょぎょぎゃぎょぎぇぎょ,,0,vcv,44100,1,4.249615,true,true,
門脇舞以,まいた,連続音,_くくこくかく.wav,research/data/raw/reference/utau-samples/門脇舞以/連続音/_くくこくかく.wav,_くくこくかく,- く,7,vcv,44100,1,4.249615,true,true,
門脇舞以,まいた,連続音,_ぐぐごぐがぐ.wav,research/data/raw/reference/utau-samples/門脇舞以/連続音/_ぐぐごぐがぐ.wav,_ぐぐごぐがぐ,,0,vcv,44100,1,4.124626,true,true,
門脇舞以,まいた,連続音,_けけきけくけ.wav,research/data/raw/reference/utau-samples/門脇舞以/連続音/_けけきけくけ.wav,_けけきけくけ,- け,6,vcv,44100,1,4.187120,true,true,
門脇舞以,まいた,連続音,_げげぎげぐげ.wav,research/data/raw/reference/utau-samples/門脇舞以/連続音/_げげぎげぐげ.wav,_げげぎげぐげ,,0,vcv,44100,1,4.124626,true,true,
門脇舞以,まいた,連続音,_ここかこけこ.wav,research/data/raw/reference/utau-samples/門脇舞以/連続音/_ここかこけこ.wav,_ここかこけこ,- こ,7,vcv,44100,1,4.124626,true,true,
門脇舞以,まいた,連続音,_ごごがごげご.wav,research/data/raw/reference/utau-samples/門脇舞以/連続音/_ごごがごげご.wav,_ごごがごげご,,0,vcv,44100,1,4.124626,true,true,
門脇舞以,まいた,連続音,_ささせさすぃさ.wav,research/data/raw/reference/utau-samples/門脇舞以/連続音/_ささせさすぃさ.wav,_ささせさすぃさ,- さ,7,vcv,44100,1,4.124626,true,true,
門脇舞以,まいた,連続音,_ざざぜざずぃざ.wav,research/data/raw/reference/utau-samples/門脇舞以/連続音/_ざざぜざずぃざ.wav,_ざざぜざずぃざ,,0,vcv,44100,1,4.124626,true,true,
門脇舞以,まいた,連続音,_しぇしぇししぇしゅしぇ.wav,research/data/raw/reference/utau-samples/門脇舞以/連続音/_しぇしぇししぇしゅしぇ.wav,_しぇしぇししぇしゅしぇ,- しぇ,7,vcv,44100,1,4.249615,true,true,
門脇舞以,まいた,連続音,_しししゅししょし.wav,research/data/raw/reference/utau-samples/門脇舞以/連続音/_しししゅししょし.wav,_しししゅししょし,- し,7,vcv,44100,1,4.124626,true,true,
門脇舞以,まいた,連続音,_しゃしゃしぇしゃししゃ.wav,research/data/raw/reference/utau-samples/門脇舞以/連続音/_しゃしゃしぇしゃししゃ.wav,_しゃしゃしぇしゃししゃ,- しゃ,7,vcv,44100,1,4.124626,true,true,
門脇舞以,まいた,連続音,_しゅしゅしょしゅしゃしゅ.wav,research/data/raw/reference/utau-samples/門脇舞以/連続音/_しゅしゅしょしゅしゃしゅ.wav,_しゅしゅしょしゅしゃしゅ,- しゅ,7,vcv,44100,1,4.249615,true,true,
門脇舞以,まいた,連続音,_しょしょしゃしょしぇしょ.wav,research/data/raw/reference/utau-samples/門脇舞以/連続音/_しょしょしゃしょしぇしょ.wav,_しょしょしゃしょしぇしょ,- しょ,7,vcv,44100,1,4.249615,true,true,
門脇舞以,まいた,連続音,_じぇじぇじじぇじゅじぇ.wav,research/data/raw/reference/utau-samples/門脇舞以/連続音/_じぇじぇじじぇじゅじぇ.wav,_じぇじぇじじぇじゅじぇ,,0,vcv,44100,1,4.187120,true,true,
門脇舞以,まいた,連続音,_じじじゅじじょじ.wav,research/data/raw/reference/utau-samples/門脇舞以/連続音/_じじじゅじじょじ.wav,_じじじゅじじょじ,,0,vcv,44100,1,4.187120,true,true,
門脇舞以,まいた,連続音,_じゃじゃじぇじゃじじゃ.wav,research/data/raw/reference/utau-samples/門脇舞以/連続音/_じゃじゃじぇじゃじじゃ.wav,_じゃじゃじぇじゃじじゃ,,0,vcv,44100,1,4.187120,true,true,
門脇舞以,まいた,連続音,_じゅじゅじょじゅじゃじゅ.wav,research/data/raw/reference/utau-samples/門脇舞以/連続音/_じゅじゅじょじゅじゃじゅ.wav,_じゅじゅじょじゅじゃじゅ,,0,vcv,44100,1,4.187120,true,true,
門脇舞以,まいた,連続音,_じょじょじゃじょじぇじょ.wav,research/data/raw/reference/utau-samples/門脇舞以/連続音/_じょじょじゃじょじぇじょ.wav,_じょじょじゃじょじぇじょ,,0,vcv,44100,1,4.249615,true,true,
門脇舞以,まいた,連続音,_すぃすぃすすぃそすぃ.wav,research/data/raw/reference/utau-samples/門脇舞以/連続音/_すぃすぃすすぃそすぃ.wav,_すぃすぃすすぃそすぃ,- すぃ,7,vcv,44100,1,4.249615,true,true,
門脇舞以,まいた,連続音,_すすそすさす.wav,research/data/raw/reference/utau-samples/門脇舞以/連続音/_すすそすさす.wav,_すすそすさす,- す,7,vcv,44100,1,4.124626,true,true,
門脇舞以,まいた,連続音,_ずぃずぃずずぃぞずぃ.wav,research/data/raw/reference/utau-samples/門脇舞以/連続音/_ずぃずぃずずぃぞずぃ.wav,_ずぃずぃずずぃぞずぃ,,0,vcv,44100,1,4.124626,true,true,
門脇舞以,まいた,連続音,_ずずぞずざず.wav,research/data/raw/reference/utau-samples/門脇舞以/連続音/_ずずぞずざず.wav,_ずずぞずざず,,0,vcv,44100,1,4.249615,true,true,
門脇舞以,まいた,連続音,_せせすぃせすせ.wav,research/data/raw/reference/utau-samples/門脇舞以/連続音/_せせすぃせすせ.wav,_せせすぃせすせ,- せ,7,vcv,44100,1,4.249615,true,true,
門脇舞以,まいた,連続音,_ぜぜずぃぜずぜ.wav,research/data/raw/reference/utau-samples/門脇舞以/連続音/_ぜぜずぃぜずぜ.wav,_ぜぜずぃぜずぜ,,0,vcv,44100,1,4.249615,true,true,
門脇舞以,まいた,連続音,_そそさそせそ.wav,research/data/raw/reference/utau-samples/門脇舞以/連続音/_そそさそせそ.wav,_そそさそせそ,- そ,7,vcv,44100,1,4.249615,true,true,
門脇舞以,まいた,連続音,_ぞぞざぞぜぞ.wav,research/data/raw/reference/utau-samples/門脇舞以/連続音/_ぞぞざぞぜぞ.wav,_ぞぞざぞぜぞ,,0,vcv,44100,1,4.124626,true,true,
門脇舞以,まいた,連続音,_たたてたてぃた.wav,research/data/raw/reference/utau-samples/門脇舞以/連続音/_たたてたてぃた.wav,_たたてたてぃた,- た,7,vcv,44100,1,4.124626,true,true,
門脇舞以,まいた,連続音,_だだでだでぃだ.wav,research/data/raw/reference/utau-samples/門脇舞以/連続音/_だだでだでぃだ.wav,_だだでだでぃだ,,0,vcv,44100,1,4.124626,true,true,
門脇舞以,まいた,連続音,_ちぇちぇちちぇちゅちぇ.wav,research/data/raw/reference/utau-samples/門脇舞以/連続音/_ちぇちぇちちぇちゅちぇ.wav,_ちぇちぇちちぇちゅちぇ,- ちぇ,7,vcv,44100,1,4.124626,true,true,
門脇舞以,まいた,連続音,_ちちちゅちちょち.wav,research/data/raw/reference/utau-samples/門脇舞以/連続音/_ちちちゅちちょち.wav,_ちちちゅちちょち,- ち,7,vcv,44100,1,4.249615,true,true,
門脇舞以,まいた,連続音,_ちゃちゃちぇちゃちちゃ.wav,research/data/raw/reference/utau-samples/門脇舞以/連続音/_ちゃちゃちぇちゃちちゃ.wav,_ちゃちゃちぇちゃちちゃ,- ちゃ,7,vcv,44100,1,4.124626,true,true,
門脇舞以,まいた,連続音,_ちゅちゅちょちゅちゃちゅ.wav,research/data/raw/reference/utau-samples/門脇舞以/連続音/_ちゅちゅちょちゅちゃちゅ.wav,_ちゅちゅちょちゅちゃちゅ,- ちゅ,7,vcv,44100,1,4.124626,true,true,
門脇舞以,まいた,連続音,_ちょちょちゃちょちぇちょ.wav,research/data/raw/reference/utau-samples/門脇舞以/連続音/_ちょちょちゃちょちぇちょ.wav,_ちょちょちゃちょちぇちょ,- ちょ,7,vcv,44100,1,4.124626,true,true,
門脇舞以,まいた,連続音,_つぁつぁつぇつぁつぃつぁ.wav,research/data/raw/reference/utau-samples/門脇舞以/連続音/_つぁつぁつぇつぁつぃつぁ.wav,_つぁつぁつぇつぁつぃつぁ,- つぁ,7,vcv,44100,1,4.124626,true,true,
門脇舞以,まいた,連続音,_つぃつぃつつぃつぉつぃ.wav,research/data/raw/reference/utau-samples/門脇舞以/連続音/_つぃつぃつつぃつぉつぃ.wav,_つぃつぃつつぃつぉつぃ,- つぃ,7,vcv,44100,1,4.124626,true,true,
門脇舞以,まいた,連続音,_つぇつぇつぃつぇつつぇ.wav,research/data/raw/reference/utau-samples/門脇舞以/連続音/_つぇつぇつぃつぇつつぇ.wav,_つぇつぇつぃつぇつつぇ,- つぇ,7,vcv,44100,1,4.124626,true,true,
門脇舞以,まいた,連続音,_つぉつぉつぁつぉつぇつぉ.wav,research/data/raw/reference/utau-samples/門脇舞以/連続音/_つぉつぉつぁつぉつぇつぉ.wav,_つぉつぉつぁつぉつぇつぉ,- つぉ,7,vcv,44100,1,4.187120,true,true,
門脇舞以,まいた,連続音,_つつつぉつつぁつ.wav,research/data/raw/reference/utau-samples/門脇舞以/連続音/_つつつぉつつぁつ.wav,_つつつぉつつぁつ,- つ,7,vcv,44100,1,4.124626,true,true,
門脇舞以,まいた,連続音,_てぃてぃとぅてぃとてぃ.wav,research/data/raw/reference/utau-samples/門脇舞以/連続音/_てぃてぃとぅてぃとてぃ.wav,_てぃてぃとぅてぃとてぃ,- てぃ,7,vcv,44100,1,4.124626,true,true,
門脇舞以,まいた,連続音,_てててぃてとぅて.wav,research/data/raw/reference/utau-samples/門脇舞以/連続音/_てててぃてとぅて.wav,_てててぃてとぅて,- て,7,vcv,44100,1,4.249615,true,true,
門脇舞以,まいた,連続音,_でぃでぃどぅでぃどでぃ.wav,research/data/raw/reference/utau-samples/門脇舞以/連続音/_でぃでぃどぅでぃどでぃ.wav,_でぃでぃどぅでぃどでぃ,,0,vcv,44100,1,4.124626,true,true,
門脇舞以,まいた,連続音,_でででぃでどぅで.wav,research/data/raw/reference/utau-samples/門脇舞以/連続音/_でででぃでどぅで.wav,_でででぃでどぅで,,0,vcv,44100,1,4.249615,true,true,
門脇舞以,まいた,連続音,_とぅとぅととぅたとぅ.wav,research/data/raw/reference/utau-samples/門脇舞以/連続音/_とぅとぅととぅたとぅ.wav,_とぅとぅととぅたとぅ,- とぅ,7,vcv,44100,1,4.124626,true,true,
門脇舞以,まいた,連続音,_ととたとてと.wav,research/data/raw/reference/utau-samples/門脇舞以/連続音/_ととたとてと.wav,_ととたとてと,- と,7,vcv,44100,1,4.124626,true,true,
門脇舞以,まいた,連続音,_どぅどぅどどぅだどぅ.wav,research/data/raw/reference/utau-samples/門脇舞以/連続音/_どぅどぅどどぅだどぅ.wav,_どぅどぅどどぅだどぅ,,0,vcv,44100,1,4.187120,true,true,
門脇舞以,まいた,連続音,_どどだどでど.wav,research/data/raw/reference/utau-samples/門脇舞以/連続音/_どどだどでど.wav,_どどだどでど,,0,vcv,44100,1,4.249615,true,true,
門脇舞以,まいた,連続音,_ななねなにな.wav,research/data/raw/reference/utau-samples/門脇舞以/連続音/_ななねなにな.wav,_ななねなにな,- な,7,vcv,44100,1,4.124626,true,true,
門脇舞以,まいた,連続音,_にぇにぇににぇにゅにぇ.wav,research/data/raw/reference/utau-samples/門脇舞以/連続音/_にぇにぇににぇにゅにぇ.wav,_にぇにぇににぇにゅにぇ,- にぇ,7,vcv,44100,1,4.187120,true,true,
門脇舞以,まいた,連続音,_にににゅににょに.wav,research/data/raw/reference/utau-samples/門脇舞以/連続音/_にににゅににょに.wav,_にににゅににょに,- に,7,vcv,44100,1,4.249615,true,true,
門脇舞以,まいた,連続音,_ににぬにのに.wav,research/data/raw/reference/utau-samples/門脇舞以/連続音/_ににぬにのに.wav,_ににぬにのに,i ぬ,2,vcv,44100,1,4.124626,true,true,
門脇舞以,まいた,連続音,_にゃにゃにぇにゃににゃ.wav,research/data/raw/reference/utau-samples/門脇舞以/連続音/_にゃにゃにぇにゃににゃ.wav,_にゃにゃにぇにゃににゃ,- にゃ,6,vcv,44100,1,4.124626,true,true,
門脇舞以,まいた,連続音,_にゅにゅにょにゅにゃにゅ.wav,research/data/raw/reference/utau-samples/門脇舞以/連続音/_にゅにゅにょにゅにゃにゅ.wav,_にゅにゅにょにゅにゃにゅ,- にゅ,7,vcv,44100,1,4.124626,true,true,
門脇舞以,まいた,連続音,_にょにょにゃにょにぇにょ.wav,research/data/raw/reference/utau-samples/門脇舞以/連続音/_にょにょにゃにょにぇにょ.wav,_にょにょにゃにょにぇにょ,- にょ,7,vcv,44100,1,4.249615,true,true,
門脇舞以,まいた,連続音,_ぬぬのぬなぬ.wav,research/data/raw/reference/utau-samples/門脇舞以/連続音/_ぬぬのぬなぬ.wav,_ぬぬのぬなぬ,- ぬ,7,vcv,44100,1,4.124626,true,true,
門脇舞以,まいた,連続音,_ねねにねぬね.wav,research/data/raw/reference/utau-samples/門脇舞以/連続音/_ねねにねぬね.wav,_ねねにねぬね,- ね,6,vcv,44100,1,4.249615,true,true,
門脇舞以,まいた,連続音,_ののなのねの.wav,research/data/raw/reference/utau-samples/門脇舞以/連続音/_ののなのねの.wav,_ののなのねの,- の,7,vcv,44100,1,4.249615,true,true,
門脇舞以,まいた,連続音,_ははへはひは.wav,research/data/raw/reference/utau-samples/門脇舞以/連続音/_ははへはひは.wav,_ははへはひは,- は,7,vcv,44100,1,4.124626,true,true,
門脇舞以,まいた,連続音,_ばばべばびば.wav,research/data/raw/reference/utau-samples/門脇舞以/連続音/_ばばべばびば.wav,_ばばべばびば,,0,vcv,44100,1,4.124626,true,true,
門脇舞以,まいた,連続音,_ぱぱぺぱぴぱ.wav,research/data/raw/reference/utau-samples/門脇舞以/連続音/_ぱぱぺぱぴぱ.wav,_ぱぱぺぱぴぱ,,0,vcv,44100,1,4.124626,true,true,
門脇舞以,まいた,連続音,_ひぇひぇひひぇひゅひぇ.wav,research/data/raw/reference/utau-samples/門脇舞以/連続音/_ひぇひぇひひぇひゅひぇ.wav,_ひぇひぇひひぇひゅひぇ,- ひぇ,7,vcv,44100,1,4.249615,true,true,
門脇舞以,まいた,連続音,_ひひひゅひひょひ.wav,research/data/raw/reference/utau-samples/門脇舞以/連続音/_ひひひゅひひょひ.wav,_ひひひゅひひょひ,- ひ,7,vcv,44100,1,4.124626,true,true,
門脇舞以,まいた,連続音,_ひひふひほひ.wav,research/data/raw/reference/utau-samples/門脇舞以/連続音/_ひひふひほひ.wav,_ひひふひほひ,i ふ,2,vcv,44100,1,4.124626,true,true,
門脇舞以,まいた,連続音,_ひゃひゃひぇひゃひひゃ.wav,research/data/raw/reference/utau-samples/門脇舞以/連続音/_ひゃひゃひぇひゃひひゃ.wav,_ひゃひゃひぇひゃひひゃ,- ひゃ,6,vcv,44100,1,4.124626,true,true,
門脇舞以,まいた,連続音,_ひゅひゅひょひゅひゃひゅ.wav,research/data/raw/reference/utau-samples/門脇舞以/連続音/_ひゅひゅひょひゅひゃひゅ.wav,_ひゅひゅひょひゅひゃひゅ,- ひゅ,7,vcv,44100,1,4.249615,true,true,
門脇舞以,まいた,連続音,_ひょひょひゃひょひぇひょ.wav,research/data/raw/reference/utau-samples/門脇舞以/連続音/_ひょひょひゃひょひぇひょ.wav,_ひょひょひゃひょひぇひょ,- ひょ,7,vcv,44100,1,4.124626,true,true,
門脇舞以,まいた,連続音,_びぇびぇびびぇびゅびぇ.wav,research/data/raw/reference/utau-samples/門脇舞以/連続音/_びぇびぇびびぇびゅびぇ.wav,_びぇびぇびびぇびゅびぇ,,0,vcv,44100,1,4.187120,true,true,
門脇舞以,まいた,連続音,_びびびゅびびょび.wav,research/data/raw/reference/utau-samples/門脇舞以/連続音/_びびびゅびびょび.wav,_びびびゅびびょび,,0,vcv,44100,1,4.249615,true,true,
門脇舞以,まいた,連続音,_びびぶびぼび.wav,research/data/raw/reference/utau-samples/門脇舞以/連続音/_びびぶびぼび.wav,_びびぶびぼび,,0,vcv,44100,1,4.124626,true,true,
門脇舞以,まいた,連続音,_びゃびゃびぇびゃびびゃ.wav,research/data/raw/reference/utau-samples/門脇舞以/連続音/_びゃびゃびぇびゃびびゃ.wav,_びゃびゃびぇびゃびびゃ,,0,vcv,44100,1,4.124626,true,true,
門脇舞以,まいた,連続音,_びゅびゅびょびゅびゃびゅ.wav,research/data/raw/reference/utau-samples/門脇舞以/連続音/_びゅびゅびょびゅびゃびゅ.wav,_びゅびゅびょびゅびゃびゅ,,0,vcv,44100,1,4.249615,true,true,
門脇舞以,まいた,連続音,_びょびょびゃびょびぇびょ.wav,research/data/raw/reference/utau-samples/門脇舞以/連続音/_びょびょびゃびょびぇびょ.wav,_びょびょびゃびょびぇびょ,,0,vcv,44100,1,4.124626,true,true,
門脇舞以,まいた,連続音,_ぴぇぴぇぴぴぇぴゅぴぇ.wav,research/data/raw/reference/utau-samples/門脇舞以/連続音/_ぴぇぴぇぴぴぇぴゅぴぇ.wav,_ぴぇぴぇぴぴぇぴゅぴぇ,,0,vcv,44100,1,4.249615,true,true,
門脇舞以,まいた,連続音,_ぴぴぴゅぴぴょぴ.wav,research/data/raw/reference/utau-samples/門脇舞以/連続音/_ぴぴぴゅぴぴょぴ.wav,_ぴぴぴゅぴぴょぴ,,0,vcv,44100,1,4.187120,true,true,
門脇舞以,まいた,連続音,_ぴぴぷぴぽぴ.wav,research/data/raw/reference/utau-samples/門脇舞以/連続音/_ぴぴぷぴぽぴ.wav,_ぴぴぷぴぽぴ,,0,vcv,44100,1,4.124626,true,true,
門脇舞以,まいた,連続音,_ぴゃぴゃぴぇぴゃぴぴゃ.wav,research/data/raw/reference/utau-samples/門脇舞以/連続音/_ぴゃぴゃぴぇぴゃぴぴゃ.wav,_ぴゃぴゃぴぇぴゃぴぴゃ,,0,vcv,44100,1,4.124626,true,true,
門脇舞以,まいた,連続音,_ぴゅぴゅぴょぴゅぴゃぴゅ.wav,research/data/raw/reference/utau-samples/門脇舞以/連続音/_ぴゅぴゅぴょぴゅぴゃぴゅ.wav,_ぴゅぴゅぴょぴゅぴゃぴゅ,,0,vcv,44100,1,4.187120,true,true,
門脇舞以,まいた,連続音,_ぴょぴょぴゃぴょぴぇぴょ.wav,research/data/raw/reference/utau-samples/門脇舞以/連続音/_ぴょぴょぴゃぴょぴぇぴょ.wav,_ぴょぴょぴゃぴょぴぇぴょ,,0,vcv,44100,1,4.124626,true,true,
門脇舞以,まいた,連続音,_ふぁふぁふぇふぁふぃふぁ.wav,research/data/raw/reference/utau-samples/門脇舞以/連続音/_ふぁふぁふぇふぁふぃふぁ.wav,_ふぁふぁふぇふぁふぃふぁ,- ふぁ,7,vcv,44100,1,4.187120,true,true,
門脇舞以,まいた,連続音,_ふぃふぃふふぃふぉふぃ.wav,research/data/raw/reference/utau-samples/門脇舞以/連続音/_ふぃふぃふふぃふぉふぃ.wav,_ふぃふぃふふぃふぉふぃ,- ふぃ,6,vcv,44100,1,4.124626,true,true,
門脇舞以,まいた,連続音,_ふぇふぇふぃふぇふふぇ.wav,research/data/raw/reference/utau-samples/門脇舞以/連続音/_ふぇふぇふぃふぇふふぇ.wav,_ふぇふぇふぃふぇふふぇ,- ふぇ,7,vcv,44100,1,4.124626,true,true,
門脇舞以,まいた,連続音,_ふぉふぉふぁふぉふぇふぉ.wav,research/data/raw/reference/utau-samples/門脇舞以/連続音/_ふぉふぉふぁふぉふぇふぉ.wav,_ふぉふぉふぁふぉふぇふぉ,- ふぉ,7,vcv,44100,1,4.124626,true,true,
門脇舞以,まいた,連続音,_ふふふぉふふぁふ.wav,research/data/raw/reference/utau-samples/門脇舞以/連続音/_ふふふぉふふぁふ.wav,_ふふふぉふふぁふ,- ふ,7,vcv,44100,1,4.124626,true,true,
門脇舞以,まいた,連続音,_ふふほふはふ.wav,research/data/raw/reference/utau-samples/門脇舞以/連続音/_ふふほふはふ.wav,_ふふほふはふ,u ほ,2,vcv,44100,1,4.249615,true,true,
門脇舞以,まいた,連続音,_ぶぶぼぶばぶ.wav,research/data/raw/reference/utau-samples/門脇舞以/連続音/_ぶぶぼぶばぶ.wav,_ぶぶぼぶばぶ,,0,vcv,44100,1,4.249615,true,true,
門脇舞以,まいた,連続音,_ぷぷぽぷぱぷ.wav,research/data/raw/reference/utau-samples/門脇舞以/連続音/_ぷぷぽぷぱぷ.wav,_ぷぷぽぷぱぷ,,0,vcv,44100,1,4.124626,true,true,
門脇舞以,まいた,連続音,_へへひへふへ.wav,research/data/raw/reference/utau-samples/門脇舞以/連続音/_へへひへふへ.wav,_へへひへふへ,- へ,5,vcv,44100,1,4.249615,true,true,
門脇舞以,まいた,連続音,_べべびべぶべ.wav,research/data/raw/reference/utau-samples/門脇舞以/連続音/_べべびべぶべ.wav,_べべびべぶべ,,0,vcv,44100,1,4.249615,true,true,
門脇舞以,まいた,連続音,_ぺぺぴぺぷぺ.wav,research/data/raw/reference/utau-samples/門脇舞以/連続音/_ぺぺぴぺぷぺ.wav,_ぺぺぴぺぷぺ,,0,vcv,44100,1,4.249615,true,true,
門脇舞以,まいた,連続音,_ほほはほへほ.wav,research/data/raw/reference/utau-samples/門脇舞以/連続音/_ほほはほへほ.wav,_ほほはほへほ,- ほ,7,vcv,44100,1,4.249615,true,true,
門脇舞以,まいた,連続音,_ぼぼばぼべぼ.wav,research/data/raw/reference/utau-samples/門脇舞以/連続音/_ぼぼばぼべぼ.wav,_ぼぼばぼべぼ,,0,vcv,44100,1,4.187120,true,true,
門脇舞以,まいた,連続音,_ぽぽぱぽぺぽ.wav,research/data/raw/reference/utau-samples/門脇舞以/連続音/_ぽぽぱぽぺぽ.wav,_ぽぽぱぽぺぽ,,0,vcv,44100,1,4.249615,true,true,
門脇舞以,まいた,連続音,_ままめまみま.wav,research/data/raw/reference/utau-samples/門脇舞以/連続音/_ままめまみま.wav,_ままめまみま,- ま,7,vcv,44100,1,4.124626,true,true,
門脇舞以,まいた,連続音,_みぇみぇみみぇみゅみぇ.wav,research/data/raw/reference/utau-samples/門脇舞以/連続音/_みぇみぇみみぇみゅみぇ.wav,_みぇみぇみみぇみゅみぇ,- みぇ,7,vcv,44100,1,4.249615,true,true,
門脇舞以,まいた,連続音,_みみみゅみみょみ.wav,research/data/raw/reference/utau-samples/門脇舞以/連続音/_みみみゅみみょみ.wav,_みみみゅみみょみ,- み,7,vcv,44100,1,4.124626,true,true,
門脇舞以,まいた,連続音,_みみむみもみ.wav,research/data/raw/reference/utau-samples/門脇舞以/連続音/_みみむみもみ.wav,_みみむみもみ,i む,2,vcv,44100,1,4.187120,true,true,
門脇舞以,まいた,連続音,_みゃみゃみぇみゃみみゃ.wav,research/data/raw/reference/utau-samples/門脇舞以/連続音/_みゃみゃみぇみゃみみゃ.wav,_みゃみゃみぇみゃみみゃ,- みゃ,6,vcv,44100,1,4.124626,true,true,
門脇舞以,まいた,連続音,_みゅみゅみょみゅみゃみゅ.wav,research/data/raw/reference/utau-samples/門脇舞以/連続音/_みゅみゅみょみゅみゃみゅ.wav,_みゅみゅみょみゅみゃみゅ,- みゅ,7,vcv,44100,1,4.249615,true,true,
門脇舞以,まいた,連続音,_みょみょみゃみょみぇみょ.wav,research/data/raw/reference/utau-samples/門脇舞以/連続音/_みょみょみゃみょみぇみょ.wav,_みょみょみゃみょみぇみょ,- みょ,7,vcv,44100,1,4.124626,true,true,
門脇舞以,まいた,連続音,_むむもむまむ.wav,research/data/raw/reference/utau-samples/門脇舞以/連続音/_むむもむまむ.wav,_むむもむまむ,- む,7,vcv,44100,1,4.187120,true,true,
門脇舞以,まいた,連続音,_めめみめむめ.wav,research/data/raw/reference/utau-samples/門脇舞以/連続音/_めめみめむめ.wav,_めめみめむめ,- め,6,vcv,44100,1,4.187120,true,true,
門脇舞以,まいた,連続音,_ももまもめも.wav,research/data/raw/reference/utau-samples/門脇舞以/連続音/_ももまもめも.wav,_ももまもめも,- も,7,vcv,44100,1,4.124626,true,true,
門脇舞以,まいた,連続音,_ややいぇやいや.wav,research/data/raw/reference/utau-samples/門脇舞以/連続音/_ややいぇやいや.wav,_ややいぇやいや,- や,6,vcv,44100,1,4.124626,true,true,
門脇舞以,まいた,連続音,_ゆゆよゆやゆ.wav,research/data/raw/reference/utau-samples/門脇舞以/連続音/_ゆゆよゆやゆ.wav,_ゆゆよゆやゆ,- ゆ,7,vcv,44100,1,4.124626,true,true,
門脇舞以,まいた,連続音,_よよやよいぇよ.wav,research/data/raw/reference/utau-samples/門脇舞以/連続音/_よよやよいぇよ.wav,_よよやよいぇよ,- よ,7,vcv,44100,1,4.249615,true,true,
門脇舞以,まいた,連続音,_らられらりら.wav,research/data/raw/reference/utau-samples/門脇舞以/連続音/_らられらりら.wav,_らられらりら,- ら,7,vcv,44100,1,4.124626,true,true,
門脇舞以,まいた,連続音,_りぇりぇりりぇりゅりぇ.wav,research/data/raw/reference/utau-samples/門脇舞以/連続音/_りぇりぇりりぇりゅりぇ.wav,_りぇりぇりりぇりゅりぇ,- りぇ,7,vcv,44100,1,4.187120,true,true,
門脇舞以,まいた,連続音,_りゃりゃりぇりゃりりゃ.wav,research/data/raw/reference/utau-samples/門脇舞以/連続音/_りゃりゃりぇりゃりりゃ.wav,_りゃりゃりぇりゃりりゃ,- りゃ,6,vcv,44100,1,4.124626,true,true,
門脇舞以,まいた,連続音,_りゅりゅりょりゅりゃりゅ.wav,research/data/raw/reference/utau-samples/門脇舞以/連続音/_りゅりゅりょりゅりゃりゅ.wav,_りゅりゅりょりゅりゃりゅ,- りゅ,7,vcv,44100,1,4.187120,true,true,
門脇舞以,まいた,連続音,_りょりょりゃりょりぇりょ.wav,research/data/raw/reference/utau-samples/門脇舞以/連続音/_りょりょりゃりょりぇりょ.wav,_りょりょりゃりょりぇりょ,- りょ,7,vcv,44100,1,4.187120,true,true,
門脇舞以,まいた,連続音,_りりりゅりりょり.wav,research/data/raw/reference/utau-samples/門脇舞以/連続音/_りりりゅりりょり.wav,_りりりゅりりょり,- り,7,vcv,44100,1,4.124626,true,true,
門脇舞以,まいた,連続音,_りりるりろり.wav,research/data/raw/reference/utau-samples/門脇舞以/連続音/_りりるりろり.wav,_りりるりろり,i る,2,vcv,44100,1,4.124626,true,true,
門脇舞以,まいた,連続音,_るるろるらる.wav,research/data/raw/reference/utau-samples/門脇舞以/連続音/_るるろるらる.wav,_るるろるらる,- る,7,vcv,44100,1,4.187120,true,true,
門脇舞以,まいた,連続音,_れれりれるれ.wav,research/data/raw/reference/utau-samples/門脇舞以/連続音/_れれりれるれ.wav,_れれりれるれ,- れ,6,vcv,44100,1,4.249615,true,true,
門脇舞以,まいた,連続音,_ろろらろれろ.wav,research/data/raw/reference/utau-samples/門脇舞以/連続音/_ろろらろれろ.wav,_ろろらろれろ,- ろ,7,vcv,44100,1,4.124626,true,true,
門脇舞以,まいた,連続音,_わわうぇわうぃわ.wav,research/data/raw/reference/utau-samples/門脇舞以/連続音/_わわうぇわうぃわ.wav,_わわうぇわうぃわ,- わ,7,vcv,44100,1,4.124626,true,true,
門脇舞以,まいた,連続音,_んあんいんう.wav,research/data/raw/reference/utau-samples/門脇舞以/連続音/_んあんいんう.wav,_んあんいんう,- ん,7,vcv,44100,1,4.124626,true,true,
門脇舞以,まいた,連続音,_んいんゆんよ.wav,research/data/raw/reference/utau-samples/門脇舞以/連続音/_んいんゆんよ.wav,_んいんゆんよ,n ゆ,3,vcv,44100,1,4.249615,true,true,
門脇舞以,まいた,連続音,_んうぃんうんうぉ.wav,research/data/raw/reference/utau-samples/門脇舞以/連続音/_んうぃんうんうぉ.wav,_んうぃんうんうぉ,n うぃ,2,vcv,44100,1,4.124626,true,true,
門脇舞以,まいた,連続音,_んえんおんん.wav,research/data/raw/reference/utau-samples/門脇舞以/連続音/_んえんおんん.wav,_んえんおんん,n え,6,vcv,44100,1,4.124626,true,true,
門脇舞以,まいた,連続音,_んかんけんき.wav,research/data/raw/reference/utau-samples/門脇舞以/連続音/_んかんけんき.wav,_んかんけんき,n か,3,vcv,44100,1,4.249615,true,true,
門脇舞以,まいた,連続音,_んがんげんぎ.wav,research/data/raw/reference/utau-samples/門脇舞以/連続音/_んがんげんぎ.wav,_んがんげんぎ,,0,vcv,44100,1,4.249615,true,true,
門脇舞以,まいた,連続音,_んきゃんきぇんき.wav,research/data/raw/reference/utau-samples/門脇舞以/連続音/_んきゃんきぇんき.wav,_んきゃんきぇんき,n きゃ,2,vcv,44100,1,4.249615,true,true,
門脇舞以,まいた,連続音,_んきんきゅんきょ.wav,research/data/raw/reference/utau-samples/門脇舞以/連続音/_んきんきゅんきょ.wav,_んきんきゅんきょ,n きゅ,2,vcv,44100,1,4.249615,true,true,
門脇舞以,まいた,連続音,_んきんくんこ.wav,research/data/raw/reference/utau-samples/門脇舞以/連続音/_んきんくんこ.wav,_んきんくんこ,n く,2,vcv,44100,1,4.124626,true,true,
門脇舞以,まいた,連続音,_んぎゃんぎぇんぎ.wav,research/data/raw/reference/utau-samples/門脇舞以/連続音/_んぎゃんぎぇんぎ.wav,_んぎゃんぎぇんぎ,,0,vcv,44100,1,4.124626,true,true,
門脇舞以,まいた,連続音,_んぎんぎゅんぎょ.wav,research/data/raw/reference/utau-samples/門脇舞以/連続音/_んぎんぎゅんぎょ.wav,_んぎんぎゅんぎょ,,0,vcv,44100,1,4.124626,true,true,
門脇舞以,まいた,連続音,_んぎんぐんご.wav,research/data/raw/reference/utau-samples/門脇舞以/連続音/_んぎんぐんご.wav,_んぎんぐんご,,0,vcv,44100,1,4.124626,true,true,
門脇舞以,まいた,連続音,_んさんせんすぃ.wav,research/data/raw/reference/utau-samples/門脇舞以/連続音/_んさんせんすぃ.wav,_んさんせんすぃ,n さ,3,vcv,44100,1,4.249615,true,true,
門脇舞以,まいた,連続音,_んざんぜんずぃ.wav,research/data/raw/reference/utau-samples/門脇舞以/連続音/_んざんぜんずぃ.wav,_んざんぜんずぃ,,0,vcv,44100,1,4.249615,true,true,
門脇舞以,まいた,連続音,_んしゃんしぇんし.wav,research/data/raw/reference/utau-samples/門脇舞以/連続音/_んしゃんしぇんし.wav,_んしゃんしぇんし,n しゃ,3,vcv,44100,1,4.124626,true,true,
門脇舞以,まいた,連続音,_んしんしゅんしょ.wav,research/data/raw/reference/utau-samples/門脇舞以/連続音/_んしんしゅんしょ.wav,_んしんしゅんしょ,n しゅ,2,vcv,44100,1,4.187120,true,true,
門脇舞以,まいた,連続音,_んじゃんじぇんじ.wav,research/data/raw/reference/utau-samples/門脇舞以/連続音/_んじゃんじぇんじ.wav,_んじゃんじぇんじ,,0,vcv,44100,1,4.249615,true,true,
門脇舞以,まいた,連続音,_んじんじゅんじょ.wav,research/data/raw/reference/utau-samples/門脇舞以/連続音/_んじんじゅんじょ.wav,_んじんじゅんじょ,,0,vcv,44100,1,4.124626,true,true,
門脇舞以,まいた,連続音,_んすぃんすんそ.wav,research/data/raw/reference/utau-samples/門脇舞以/連続音/_んすぃんすんそ.wav,_んすぃんすんそ,n す,2,vcv,44100,1,4.187120,true,true,
門脇舞以,まいた,連続音,_んずぃんずんぞ.wav,research/data/raw/reference/utau-samples/門脇舞以/連続音/_んずぃんずんぞ.wav,_んずぃんずんぞ,,0,vcv,44100,1,4.249615,true,true,
門脇舞以,まいた,連続音,_んたんてんてぃ.wav,research/data/raw/reference/utau-samples/門脇舞以/連続音/_んたんてんてぃ.wav,_んたんてんてぃ,n た,3,vcv,44100,1,4.249615,true,true,
門脇舞以,まいた,連続音,_んだんでんでぃ.wav,research/data/raw/reference/utau-samples/門脇舞以/連続音/_んだんでんでぃ.wav,_んだんでんでぃ,,0,vcv,44100,1,4.124626,true,true,
門脇舞以,まいた,連続音,_んちゃんちぇんち.wav,research/data/raw/reference/utau-samples/門脇舞以/連続音/_んちゃんちぇんち.wav,_んちゃんちぇんち,n ちゃ,3,vcv,44100,1,4.249615,true,true,
門脇舞以,まいた,連続音,_んちんちゅんちょ.wav,research/data/raw/reference/utau-samples/門脇舞以/連続音/_んちんちゅんちょ.wav,_んちんちゅんちょ,n ちゅ,2,vcv,44100,1,4.124626,true,true,
門脇舞以,まいた,連続音,_んつぁんつぇんつぃ.wav,research/data/raw/reference/utau-samples/門脇舞以/連続音/_んつぁんつぇんつぃ.wav,_んつぁんつぇんつぃ,n つぁ,3,vcv,44100,1,4.249615,true,true,
門脇舞以,まいた,連続音,_んつぃんつんつぉ.wav,research/data/raw/reference/utau-samples/門脇舞以/連続音/_んつぃんつんつぉ.wav,_んつぃんつんつぉ,n つ,2,vcv,44100,1,4.124626,true,true,
門脇舞以,まいた,連続音,_んてぃんとぅんと.wav,research/data/raw/reference/utau-samples/門脇舞以/連続音/_んてぃんとぅんと.wav,_んてぃんとぅんと,n とぅ,2,vcv,44100,1,4.124626,true,true,
門脇舞以,まいた,連続音,_んでぃんどぅんど.wav,research/data/raw/reference/utau-samples/門脇舞以/連続音/_んでぃんどぅんど.wav,_んでぃんどぅんど,,0,vcv,44100,1,4.124626,true,true,
門脇舞以,まいた,連続音,_んなんねんに.wav,research/data/raw/reference/utau-samples/門脇舞以/連続音/_んなんねんに.wav,_んなんねんに,n な,3,vcv,44100,1,4.249615,true,true,
門脇舞以,まいた,連続音,_んにゃんにぇんに.wav,research/data/raw/reference/utau-samples/門脇舞以/連続音/_んにゃんにぇんに.wav,_んにゃんにぇんに,n にゃ,2,vcv,44100,1,4.187120,true,true,
門脇舞以,まいた,連続音,_んにんにゅんにょ.wav,research/data/raw/reference/utau-samples/門脇舞以/連続音/_んにんにゅんにょ.wav,_んにんにゅんにょ,n にゅ,2,vcv,44100,1,4.124626,true,true,
門脇舞以,まいた,連続音,_んにんぬんの.wav,research/data/raw/reference/utau-samples/門脇舞以/連続音/_んにんぬんの.wav,_んにんぬんの,n ぬ,2,vcv,44100,1,4.249615,true,true,
門脇舞以,まいた,連続音,_んはんへんひ.wav,research/data/raw/reference/utau-samples/門脇舞以/連続音/_んはんへんひ.wav,_んはんへんひ,n は,3,vcv,44100,1,4.124626,true,true,
門脇舞以,まいた,連続音,_んばんべんび.wav,research/data/raw/reference/utau-samples/門脇舞以/連続音/_んばんべんび.wav,_んばんべんび,,0,vcv,44100,1,4.187120,true,true,
門脇舞以,まいた,連続音,_んぱんぺんぴ.wav,research/data/raw/reference/utau-samples/門脇舞以/連続音/_んぱんぺんぴ.wav,_んぱんぺんぴ,,0,vcv,44100,1,4.249615,true,true,
門脇舞以,まいた,連続音,_んひゃんひぇんひ.wav,research/data/raw/reference/utau-samples/門脇舞以/連続音/_んひゃんひぇんひ.wav,_んひゃんひぇんひ,n ひゃ,2,vcv,44100,1,4.249615,true,true,
門脇舞以,まいた,連続音,_んひんひゅんひょ.wav,research/data/raw/reference/utau-samples/門脇舞以/連続音/_んひんひゅんひょ.wav,_んひんひゅんひょ,n ひゅ,2,vcv,44100,1,4.187120,true,true,
門脇舞以,まいた,連続音,_んひんふんほ.wav,research/data/raw/reference/utau-samples/門脇舞以/連続音/_んひんふんほ.wav,_んひんふんほ,n ふ,2,vcv,44100,1,4.249615,true,true,
門脇舞以,まいた,連続音,_んびゃんびぇんび.wav,research/data/raw/reference/utau-samples/門脇舞以/連続音/_んびゃんびぇんび.wav,_んびゃんびぇんび,,0,vcv,44100,1,4.124626,true,true,
門脇舞以,まいた,連続音,_んびんびゅんびょ.wav,research/data/raw/reference/utau-samples/門脇舞以/連続音/_んびんびゅんびょ.wav,_んびんびゅんびょ,,0,vcv,44100,1,4.249615,true,true,
門脇舞以,まいた,連続音,_んびんぶんぼ.wav,research/data/raw/reference/utau-samples/門脇舞以/連続音/_んびんぶんぼ.wav,_んびんぶんぼ,,0,vcv,44100,1,4.249615,true,true,
門脇舞以,まいた,連続音,_んぴゃんぴぇんぴ.wav,research/data/raw/reference/utau-samples/門脇舞以/連続音/_んぴゃんぴぇんぴ.wav,_んぴゃんぴぇんぴ,,0,vcv,44100,1,4.249615,true,true,
門脇舞以,まいた,連続音,_んぴんぴゅんぴょ.wav,research/data/raw/reference/utau-samples/門脇舞以/連続音/_んぴんぴゅんぴょ.wav,_んぴんぴゅんぴょ,,0,vcv,44100,1,4.124626,true,true,
門脇舞以,まいた,連続音,_んぴんぷんぽ.wav,research/data/raw/reference/utau-samples/門脇舞以/連続音/_んぴんぷんぽ.wav,_んぴんぷんぽ,,0,vcv,44100,1,4.187120,true,true,
門脇舞以,まいた,連続音,_んふぁんふぇんふぃ.wav,research/data/raw/reference/utau-samples/門脇舞以/連続音/_んふぁんふぇんふぃ.wav,_んふぁんふぇんふぃ,n ふぁ,3,vcv,44100,1,4.187120,true,true,
門脇舞以,まいた,連続音,_んふぃんふんふぉ.wav,research/data/raw/reference/utau-samples/門脇舞以/連続音/_んふぃんふんふぉ.wav,_んふぃんふんふぉ,n ふぉ,1,vcv,44100,1,4.249615,true,true,
門脇舞以,まいた,連続音,_んまんめんみ.wav,research/data/raw/reference/utau-samples/門脇舞以/連続音/_んまんめんみ.wav,_んまんめんみ,n ま,3,vcv,44100,1,4.124626,true,true,
門脇舞以,まいた,連続音,_んみゃんみぇんみ.wav,research/data/raw/reference/utau-samples/門脇舞以/連続音/_んみゃんみぇんみ.wav,_んみゃんみぇんみ,n みゃ,2,vcv,44100,1,4.249615,true,true,
門脇舞以,まいた,連続音,_んみんみゅんみょ.wav,research/data/raw/reference/utau-samples/門脇舞以/連続音/_んみんみゅんみょ.wav,_んみんみゅんみょ,n みゅ,2,vcv,44100,1,4.124626,true,true,
門脇舞以,まいた,連続音,_んみんむんも.wav,research/data/raw/reference/utau-samples/門脇舞以/連続音/_んみんむんも.wav,_んみんむんも,n む,2,vcv,44100,1,4.249615,true,true,
門脇舞以,まいた,連続音,_んやんいぇんい.wav,research/data/raw/reference/utau-samples/門脇舞以/連続音/_んやんいぇんい.wav,_んやんいぇんい,n や,2,vcv,44100,1,4.124626,true,true,
門脇舞以,まいた,連続音,_んらんれんり.wav,research/data/raw/reference/utau-samples/門脇舞以/連続音/_んらんれんり.wav,_んらんれんり,n ら,3,vcv,44100,1,4.249615,true,true,
門脇舞以,まいた,連続音,_んりゃんりぇんり.wav,research/data/raw/reference/utau-samples/門脇舞以/連続音/_んりゃんりぇんり.wav,_んりゃんりぇんり,n りゃ,2,vcv,44100,1,4.187120,true,true,
門脇舞以,まいた,連続音,_んりんりゅんりょ.wav,research/data/raw/reference/utau-samples/門脇舞以/連続音/_んりんりゅんりょ.wav,_んりんりゅんりょ,n りゅ,2,vcv,44100,1,4.124626,true,true,
門脇舞以,まいた,連続音,_んりんるんろ.wav,research/data/raw/reference/utau-samples/門脇舞以/連続音/_んりんるんろ.wav,_んりんるんろ,n る,2,vcv,44100,1,4.187120,true,true,
門脇舞以,まいた,連続音,_んわんうぇんうぃ.wav,research/data/raw/reference/utau-samples/門脇舞以/連続音/_んわんうぇんうぃ.wav,_んわんうぇんうぃ,n わ,2,vcv,44100,1,4.249615,true,true,
門脇舞以,まいた,連続音_PLANE,_ああいあうあ.wav,research/data/raw/reference/utau-samples/門脇舞以/連続音_PLANE/_ああいあうあ.wav,_ああいあうあ,- あP,6,vcv,44100,1,4.124626,true,true,
門脇舞以,まいた,連続音_PLANE,_いいういえい.wav,research/data/raw/reference/utau-samples/門脇舞以/連続音_PLANE/_いいういえい.wav,_いいういえい,- いP,6,vcv,44100,1,4.187120,true,true,
門脇舞以,まいた,連続音_PLANE,_いいゆいよい.wav,research/data/raw/reference/utau-samples/門脇舞以/連続音_PLANE/_いいゆいよい.wav,_いいゆいよい,i ゆP,3,vcv,44100,1,4.187120,true,true,
門脇舞以,まいた,連続音_PLANE,_いぇいぇいいぇゆいぇ.wav,research/data/raw/reference/utau-samples/門脇舞以/連続音_PLANE/_いぇいぇいいぇゆいぇ.wav,_いぇいぇいいぇゆいぇ,- いぇP,5,vcv,44100,1,4.249615,true,true,
門脇舞以,まいた,連続音_PLANE,_うぃうぃううぃうぉうぃ.wav,research/data/raw/reference/utau-samples/門脇舞以/連続音_PLANE/_うぃうぃううぃうぉうぃ.wav,_うぃうぃううぃうぉうぃ,- うぃP,5,vcv,44100,1,4.187120,true,true,
門脇舞以,まいた,連続音_PLANE,_うううぉうわう.wav,research/data/raw/reference/utau-samples/門脇舞以/連続音_PLANE/_うううぉうわう.wav,_うううぉうわう,- うP,5,vcv,44100,1,4.124626,true,true,
門脇舞以,まいた,連続音_PLANE,_ううえうおう.wav,research/data/raw/reference/utau-samples/門脇舞以/連続音_PLANE/_ううえうおう.wav,_ううえうおう,u えP,3,vcv,44100,1,4.249615,true,true,
門脇舞以,まいた,連続音_PLANE,_うぇうぇうぃうぇううぇ.wav,research/data/raw/reference/utau-samples/門脇舞以/連続音_PLANE/_うぇうぇうぃうぇううぇ.wav,_うぇうぇうぃうぇううぇ,- うぇP,5,vcv,44100,1,4.187120,true,true,
門脇舞以,まいた,連続音_PLANE,_うぉうぉわうぉうぇうぉ.wav,research/data/raw/reference/utau-samples/門脇舞以/連続音_PLANE/_うぉうぉわうぉうぇうぉ.wav,_うぉうぉわうぉうぇうぉ,- うぉP,6,vcv,44100,1,4.124626,true,true,
門脇舞以,まいた,連続音_PLANE,_ええおえあえ.wav,research/data/raw/reference/utau-samples/門脇舞以/連続音_PLANE/_ええおえあえ.wav,_ええおえあえ,- えP,6,vcv,44100,1,4.124626,true,true,
門脇舞以,まいた,連続音_PLANE,_おおあおいお.wav,research/data/raw/reference/utau-samples/門脇舞以/連続音_PLANE/_おおあおいお.wav,_おおあおいお,- おP,5,vcv,44100,1,4.249615,true,true,
門脇舞以,まいた,連続音_PLANE,_かかけかきか.wav,research/data/raw/reference/utau-samples/門脇舞以/連続音_PLANE/_かかけかきか.wav,_かかけかきか,- かP,6,vcv,44100,1,4.124626,true,true,
門脇舞以,まいた,連続音_PLANE,_ががげがぎが.wav,research/data/raw/reference/utau-samples/門脇舞以/連続音_PLANE/_ががげがぎが.wav,_ががげがぎが,,0,vcv,44100,1,4.249615,true,true,
門脇舞以,まいた,連続音_PLANE,_きぇきぇききぇきゅきぇ.wav,research/data/raw/reference/utau-samples/門脇舞以/連続音_PLANE/_きぇきぇききぇきゅきぇ.wav,_きぇきぇききぇきゅきぇ,- きぇP,6,vcv,44100,1,4.249615,true,true,
門脇舞以,まいた,連続音_PLANE,_きききゅききょき.wav,research/data/raw/reference/utau-samples/門脇舞以/連続音_PLANE/_きききゅききょき.wav,_きききゅききょき,- きP,6,vcv,44100,1,4.124626,true,true,
門脇舞以,まいた,連続音_PLANE,_ききくきこき.wav,research/data/raw/reference/utau-samples/門脇舞以/連続音_PLANE/_ききくきこき.wav,_ききくきこき,i くP,2,vcv,44100,1,4.249615,true,true,
門脇舞以,まいた,連続音_PLANE,_きゃきゃきぇきゃききゃ.wav,research/data/raw/reference/utau-samples/門脇舞以/連続音_PLANE/_きゃきゃきぇきゃききゃ.wav,_きゃきゃきぇきゃききゃ,- きゃP,5,vcv,44100,1,4.124626,true,true,
門脇舞以,まいた,連続音_PLANE,_きゅきゅきょきゅきゃきゅ.wav,research/data/raw/reference/utau-samples/門脇舞以/連続音_PLANE/_きゅきゅきょきゅきゃきゅ.wav,_きゅきゅきょきゅきゃきゅ,- きゅP,6,vcv,44100,1,4.124626,true,true,
門脇舞以,まいた,連続音_PLANE,_きょきょきゃきょきぇきょ.wav,research/data/raw/reference/utau-samples/門脇舞以/連続音_PLANE/_きょきょきゃきょきぇきょ.wav,_きょきょきゃきょきぇきょ,- きょP,6,vcv,44100,1,4.187120,true,true,
門脇舞以,まいた,連続音_PLANE,_ぎぇぎぇぎぎぇぎゅぎぇ.wav,research/data/raw/reference/utau-samples/門脇舞以/連続音_PLANE/_ぎぇぎぇぎぎぇぎゅぎぇ.wav,_ぎぇぎぇぎぎぇぎゅぎぇ,,0,vcv,44100,1,4.249615,true,true,
門脇舞以,まいた,連続音_PLANE,_ぎぎぎゅぎぎょぎ.wav,research/data/raw/reference/utau-samples/門脇舞以/連続音_PLANE/_ぎぎぎゅぎぎょぎ.wav,_ぎぎぎゅぎぎょぎ,,0,vcv,44100,1,4.187120,true,true,
門脇舞以,まいた,連続音_PLANE,_ぎぎぐぎごぎ.wav,research/data/raw/reference/utau-samples/門脇舞以/連続音_PLANE/_ぎぎぐぎごぎ.wav,_ぎぎぐぎごぎ,,0,vcv,44100,1,4.249615,true,true,
門脇舞以,まいた,連続音_PLANE,_ぎゃぎゃぎぇぎゃぎぎゃ.wav,research/data/raw/reference/utau-samples/門脇舞以/連続音_PLANE/_ぎゃぎゃぎぇぎゃぎぎゃ.wav,_ぎゃぎゃぎぇぎゃぎぎゃ,,0,vcv,44100,1,4.124626,true,true,
門脇舞以,まいた,連続音_PLANE,_ぎゅぎゅぎょぎゅぎゃぎゅ.wav,research/data/raw/reference/utau-samples/門脇舞以/連続音_PLANE/_ぎゅぎゅぎょぎゅぎゃぎゅ.wav,_ぎゅぎゅぎょぎゅぎゃぎゅ,,0,vcv,44100,1,4.249615,true,true,
門脇舞以,まいた,連続音_PLANE,_ぎょぎょぎゃぎょぎぇぎょ.wav,research/data/raw/reference/utau-samples/門脇舞以/連続音_PLANE/_ぎょぎょぎゃぎょぎぇぎょ.wav,_ぎょぎょぎゃぎょぎぇぎょ,,0,vcv,44100,1,4.124626,true,true,
門脇舞以,まいた,連続音_PLANE,_くくこくかく.wav,research/data/raw/reference/utau-samples/門脇舞以/連続音_PLANE/_くくこくかく.wav,_くくこくかく,- くP,6,vcv,44100,1,4.187120,true,true,
門脇舞以,まいた,連続音_PLANE,_ぐぐごぐがぐ.wav,research/data/raw/reference/utau-samples/門脇舞以/連続音_PLANE/_ぐぐごぐがぐ.wav,_ぐぐごぐがぐ,,0,vcv,44100,1,4.249615,true,true,
門脇舞以,まいた,連続音_PLANE,_けけきけくけ.wav,research/data/raw/reference/utau-samples/門脇舞以/連続音_PLANE/_けけきけくけ.wav,_けけきけくけ,- けP,5,vcv,44100,1,4.187120,true,true,
門脇舞以,まいた,連続音_PLANE,_げげぎげぐげ.wav,research/data/raw/reference/utau-samples/門脇舞以/連続音_PLANE/_げげぎげぐげ.wav,_げげぎげぐげ,,0,vcv,44100,1,4.124626,true,true,
門脇舞以,まいた,連続音_PLANE,_ここかこけこ.wav,research/data/raw/reference/utau-samples/門脇舞以/連続音_PLANE/_ここかこけこ.wav,_ここかこけこ,- こP,6,vcv,44100,1,4.124626,true,true,
門脇舞以,まいた,連続音_PLANE,_ごごがごげご.wav,research/data/raw/reference/utau-samples/門脇舞以/連続音_PLANE/_ごごがごげご.wav,_ごごがごげご,,0,vcv,44100,1,4.187120,true,true,
門脇舞以,まいた,連続音_PLANE,_ささせさすぃさ.wav,research/data/raw/reference/utau-samples/門脇舞以/連続音_PLANE/_ささせさすぃさ.wav,_ささせさすぃさ,- さP,6,vcv,44100,1,4.124626,true,true,
門脇舞以,まいた,連続音_PLANE,_ざざぜざずぃざ.wav,research/data/raw/reference/utau-samples/門脇舞以/連続音_PLANE/_ざざぜざずぃざ.wav,_ざざぜざずぃざ,,0,vcv,44100,1,4.124626,true,true,
門脇舞以,まいた,連続音_PLANE,_しぇしぇししぇしゅしぇ.wav,research/data/raw/reference/utau-samples/門脇舞以/連続音_PLANE/_しぇしぇししぇしゅしぇ.wav,_しぇしぇししぇしゅしぇ,- しぇP,6,vcv,44100,1,4.187120,true,true,
門脇舞以,まいた,連続音_PLANE,_しししゅししょし.wav,research/data/raw/reference/utau-samples/門脇舞以/連続音_PLANE/_しししゅししょし.wav,_しししゅししょし,- しP,6,vcv,44100,1,4.124626,true,true,
門脇舞以,まいた,連続音_PLANE,_しゃしゃしぇしゃししゃ.wav,research/data/raw/reference/utau-samples/門脇舞以/連続音_PLANE/_しゃしゃしぇしゃししゃ.wav,_しゃしゃしぇしゃししゃ,- しゃP,6,vcv,44100,1,4.124626,true,true,
門脇舞以,まいた,連続音_PLANE,_しゅしゅしょしゅしゃしゅ.wav,research/data/raw/reference/utau-samples/門脇舞以/連続音_PLANE/_しゅしゅしょしゅしゃしゅ.wav,_しゅしゅしょしゅしゃしゅ,- しゅP,6,vcv,44100,1,4.187120,true,true,
門脇舞以,まいた,連続音_PLANE,_しょしょしゃしょしぇしょ.wav,research/data/raw/reference/utau-samples/門脇舞以/連続音_PLANE/_しょしょしゃしょしぇしょ.wav,_しょしょしゃしょしぇしょ,- しょP,6,vcv,44100,1,4.187120,true,true,
門脇舞以,まいた,連続音_PLANE,_じぇじぇじじぇじゅじぇ.wav,research/data/raw/reference/utau-samples/門脇舞以/連続音_PLANE/_じぇじぇじじぇじゅじぇ.wav,_じぇじぇじじぇじゅじぇ,,0,vcv,44100,1,4.249615,true,true,
門脇舞以,まいた,連続音_PLANE,_じじじゅじじょじ.wav,research/data/raw/reference/utau-samples/門脇舞以/連続音_PLANE/_じじじゅじじょじ.wav,_じじじゅじじょじ,,0,vcv,44100,1,4.124626,true,true,
門脇舞以,まいた,連続音_PLANE,_じゃじゃじぇじゃじじゃ.wav,research/data/raw/reference/utau-samples/門脇舞以/連続音_PLANE/_じゃじゃじぇじゃじじゃ.wav,_じゃじゃじぇじゃじじゃ,,0,vcv,44100,1,4.124626,true,true,
門脇舞以,まいた,連続音_PLANE,_じゅじゅじょじゅじゃじゅ.wav,research/data/raw/reference/utau-samples/門脇舞以/連続音_PLANE/_じゅじゅじょじゅじゃじゅ.wav,_じゅじゅじょじゅじゃじゅ,,0,vcv,44100,1,4.187120,true,true,
門脇舞以,まいた,連続音_PLANE,_じょじょじゃじょじぇじょ.wav,research/data/raw/reference/utau-samples/門脇舞以/連続音_PLANE/_じょじょじゃじょじぇじょ.wav,_じょじょじゃじょじぇじょ,,0,vcv,44100,1,4.249615,true,true,
門脇舞以,まいた,連続音_PLANE,_すぃすぃすすぃそすぃ.wav,research/data/raw/reference/utau-samples/門脇舞以/連続音_PLANE/_すぃすぃすすぃそすぃ.wav,_すぃすぃすすぃそすぃ,- すぃP,6,vcv,44100,1,4.249615,true,true,
門脇舞以,まいた,連続音_PLANE,_すすそすさす.wav,research/data/raw/reference/utau-samples/門脇舞以/連続音_PLANE/_すすそすさす.wav,_すすそすさす,- すP,6,vcv,44100,1,4.249615,true,true,
門脇舞以,まいた,連続音_PLANE,_ずぃずぃずずぃぞずぃ.wav,research/data/raw/reference/utau-samples/門脇舞以/連続音_PLANE/_ずぃずぃずずぃぞずぃ.wav,_ずぃずぃずずぃぞずぃ,,0,vcv,44100,1,4.124626,true,true,
門脇舞以,まいた,連続音_PLANE,_ずずぞずざず.wav,research/data/raw/reference/utau-samples/門脇舞以/連続音_PLANE/_ずずぞずざず.wav,_ずずぞずざず,,0,vcv,44100,1,4.187120,true,true,
門脇舞以,まいた,連続音_PLANE,_せせすぃせすせ.wav,research/data/raw/reference/utau-samples/門脇舞以/連続音_PLANE/_せせすぃせすせ.wav,_せせすぃせすせ,- せP,6,vcv,44100,1,4.124626,true,true,
門脇舞以,まいた,連続音_PLANE,_ぜぜずぃぜずぜ.wav,research/data/raw/reference/utau-samples/門脇舞以/連続音_PLANE/_ぜぜずぃぜずぜ.wav,_ぜぜずぃぜずぜ,,0,vcv,44100,1,4.249615,true,true,
門脇舞以,まいた,連続音_PLANE,_そそさそせそ.wav,research/data/raw/reference/utau-samples/門脇舞以/連続音_PLANE/_そそさそせそ.wav,_そそさそせそ,- そP,6,vcv,44100,1,4.124626,true,true,
門脇舞以,まいた,連続音_PLANE,_ぞぞざぞぜぞ.wav,research/data/raw/reference/utau-samples/門脇舞以/連続音_PLANE/_ぞぞざぞぜぞ.wav,_ぞぞざぞぜぞ,,0,vcv,44100,1,4.124626,true,true,
門脇舞以,まいた,連続音_PLANE,_たたてたてぃた.wav,research/data/raw/reference/utau-samples/門脇舞以/連続音_PLANE/_たたてたてぃた.wav,_たたてたてぃた,- たP,6,vcv,44100,1,4.124626,true,true,
門脇舞以,まいた,連続音_PLANE,_だだでだでぃだ.wav,research/data/raw/reference/utau-samples/門脇舞以/連続音_PLANE/_だだでだでぃだ.wav,_だだでだでぃだ,,0,vcv,44100,1,4.124626,true,true,
門脇舞以,まいた,連続音_PLANE,_ちぇちぇちちぇちゅちぇ.wav,research/data/raw/reference/utau-samples/門脇舞以/連続音_PLANE/_ちぇちぇちちぇちゅちぇ.wav,_ちぇちぇちちぇちゅちぇ,- ちぇP,6,vcv,44100,1,4.249615,true,true,
門脇舞以,まいた,連続音_PLANE,_ちちちゅちちょち.wav,research/data/raw/reference/utau-samples/門脇舞以/連続音_PLANE/_ちちちゅちちょち.wav,_ちちちゅちちょち,- ちP,6,vcv,44100,1,4.124626,true,true,
門脇舞以,まいた,連続音_PLANE,_ちゃちゃちぇちゃちちゃ.wav,research/data/raw/reference/utau-samples/門脇舞以/連続音_PLANE/_ちゃちゃちぇちゃちちゃ.wav,_ちゃちゃちぇちゃちちゃ,- ちゃP,6,vcv,44100,1,4.124626,true,true,
門脇舞以,まいた,連続音_PLANE,_ちゅちゅちょちゅちゃちゅ.wav,research/data/raw/reference/utau-samples/門脇舞以/連続音_PLANE/_ちゅちゅちょちゅちゃちゅ.wav,_ちゅちゅちょちゅちゃちゅ,- ちゅP,6,vcv,44100,1,4.124626,true,true,
門脇舞以,まいた,連続音_PLANE,_ちょちょちゃちょちぇちょ.wav,research/data/raw/reference/utau-samples/門脇舞以/連続音_PLANE/_ちょちょちゃちょちぇちょ.wav,_ちょちょちゃちょちぇちょ,- ちょP,6,vcv,44100,1,4.249615,true,true,
門脇舞以,まいた,連続音_PLANE,_つぁつぁつぇつぁつぃつぁ.wav,research/data/raw/reference/utau-samples/門脇舞以/連続音_PLANE/_つぁつぁつぇつぁつぃつぁ.wav,_つぁつぁつぇつぁつぃつぁ,- つぁP,6,vcv,44100,1,4.124626,true,true,
門脇舞以,まいた,連続音_PLANE,_つぃつぃつつぃつぉつぃ.wav,research/data/raw/reference/utau-samples/門脇舞以/連続音_PLANE/_つぃつぃつつぃつぉつぃ.wav,_つぃつぃつつぃつぉつぃ,- つぃP,6,vcv,44100,1,4.124626,true,true,
門脇舞以,まいた,連続音_PLANE,_つぇつぇつぃつぇつつぇ.wav,research/data/raw/reference/utau-samples/門脇舞以/連続音_PLANE/_つぇつぇつぃつぇつつぇ.wav,_つぇつぇつぃつぇつつぇ,- つぇP,6,vcv,44100,1,4.249615,true,true,
門脇舞以,まいた,連続音_PLANE,_つぉつぉつぁつぉつぇつぉ.wav,research/data/raw/reference/utau-samples/門脇舞以/連続音_PLANE/_つぉつぉつぁつぉつぇつぉ.wav,_つぉつぉつぁつぉつぇつぉ,- つぉP,6,vcv,44100,1,4.249615,true,true,
門脇舞以,まいた,連続音_PLANE,_つつつぉつつぁつ.wav,research/data/raw/reference/utau-samples/門脇舞以/連続音_PLANE/_つつつぉつつぁつ.wav,_つつつぉつつぁつ,- つP,6,vcv,44100,1,4.124626,true,true,
門脇舞以,まいた,連続音_PLANE,_てぃてぃとぅてぃとてぃ.wav,research/data/raw/reference/utau-samples/門脇舞以/連続音_PLANE/_てぃてぃとぅてぃとてぃ.wav,_てぃてぃとぅてぃとてぃ,- てぃP,6,vcv,44100,1,4.124626,true,true,
門脇舞以,まいた,連続音_PLANE,_てててぃてとぅて.wav,research/data/raw/reference/utau-samples/門脇舞以/連続音_PLANE/_てててぃてとぅて.wav,_てててぃてとぅて,- てP,6,vcv,44100,1,4.187120,true,true,
門脇舞以,まいた,連続音_PLANE,_でぃでぃどぅでぃどでぃ.wav,research/data/raw/reference/utau-samples/門脇舞以/連続音_PLANE/_でぃでぃどぅでぃどでぃ.wav,_でぃでぃどぅでぃどでぃ,,0,vcv,44100,1,4.187120,true,true,
門脇舞以,まいた,連続音_PLANE,_でででぃでどぅで.wav,research/data/raw/reference/utau-samples/門脇舞以/連続音_PLANE/_でででぃでどぅで.wav,_でででぃでどぅで,,0,vcv,44100,1,4.187120,true,true,
門脇舞以,まいた,連続音_PLANE,_とぅとぅととぅたとぅ.wav,research/data/raw/reference/utau-samples/門脇舞以/連続音_PLANE/_とぅとぅととぅたとぅ.wav,_とぅとぅととぅたとぅ,- とぅP,6,vcv,44100,1,4.124626,true,true,
門脇舞以,まいた,連続音_PLANE,_ととたとてと.wav,research/data/raw/reference/utau-samples/門脇舞以/連続音_PLANE/_ととたとてと.wav,_ととたとてと,- とP,6,vcv,44100,1,4.249615,true,true,
門脇舞以,まいた,連続音_PLANE,_どぅどぅどどぅだどぅ.wav,research/data/raw/reference/utau-samples/門脇舞以/連続音_PLANE/_どぅどぅどどぅだどぅ.wav,_どぅどぅどどぅだどぅ,,0,vcv,44100,1,4.124626,true,true,
門脇舞以,まいた,連続音_PLANE,_どどだどでど.wav,research/data/raw/reference/utau-samples/門脇舞以/連続音_PLANE/_どどだどでど.wav,_どどだどでど,,0,vcv,44100,1,4.124626,true,true,
門脇舞以,まいた,連続音_PLANE,_ななねなにな.wav,research/data/raw/reference/utau-samples/門脇舞以/連続音_PLANE/_ななねなにな.wav,_ななねなにな,- なP,6,vcv,44100,1,4.124626,true,true,
門脇舞以,まいた,連続音_PLANE,_にぇにぇににぇにゅにぇ.wav,research/data/raw/reference/utau-samples/門脇舞以/連続音_PLANE/_にぇにぇににぇにゅにぇ.wav,_にぇにぇににぇにゅにぇ,- にぇP,6,vcv,44100,1,4.249615,true,true,
門脇舞以,まいた,連続音_PLANE,_にににゅににょに.wav,research/data/raw/reference/utau-samples/門脇舞以/連続音_PLANE/_にににゅににょに.wav,_にににゅににょに,- にP,6,vcv,44100,1,4.187120,true,true,
門脇舞以,まいた,連続音_PLANE,_ににぬにのに.wav,research/data/raw/reference/utau-samples/門脇舞以/連続音_PLANE/_ににぬにのに.wav,_ににぬにのに,i ぬP,2,vcv,44100,1,4.249615,true,true,
門脇舞以,まいた,連続音_PLANE,_にゃにゃにぇにゃににゃ.wav,research/data/raw/reference/utau-samples/門脇舞以/連続音_PLANE/_にゃにゃにぇにゃににゃ.wav,_にゃにゃにぇにゃににゃ,- にゃP,5,vcv,44100,1,4.124626,true,true,
門脇舞以,まいた,連続音_PLANE,_にゅにゅにょにゅにゃにゅ.wav,research/data/raw/reference/utau-samples/門脇舞以/連続音_PLANE/_にゅにゅにょにゅにゃにゅ.wav,_にゅにゅにょにゅにゃにゅ,- にゅP,6,vcv,44100,1,4.249615,true,true,
門脇舞以,まいた,連続音_PLANE,_にょにょにゃにょにぇにょ.wav,research/data/raw/reference/utau-samples/門脇舞以/連続音_PLANE/_にょにょにゃにょにぇにょ.wav,_にょにょにゃにょにぇにょ,- にょP,6,vcv,44100,1,4.124626,true,true,
門脇舞以,まいた,連続音_PLANE,_ぬぬのぬなぬ.wav,research/data/raw/reference/utau-samples/門脇舞以/連続音_PLANE/_ぬぬのぬなぬ.wav,_ぬぬのぬなぬ,- ぬP,6,vcv,44100,1,4.124626,true,true,
門脇舞以,まいた,連続音_PLANE,_ねねにねぬね.wav,research/data/raw/reference/utau-samples/門脇舞以/連続音_PLANE/_ねねにねぬね.wav,_ねねにねぬね,- ねP,5,vcv,44100,1,4.249615,true,true,
門脇舞以,まいた,連続音_PLANE,_ののなのねの.wav,research/data/raw/reference/utau-samples/門脇舞以/連続音_PLANE/_ののなのねの.wav,_ののなのねの,- のP,6,vcv,44100,1,4.249615,true,true,
門脇舞以,まいた,連続音_PLANE,_ははへはひは.wav,research/data/raw/reference/utau-samples/門脇舞以/連続音_PLANE/_ははへはひは.wav,_ははへはひは,- はP,6,vcv,44100,1,4.124626,true,true,
門脇舞以,まいた,連続音_PLANE,_ばばべばびば.wav,research/data/raw/reference/utau-samples/門脇舞以/連続音_PLANE/_ばばべばびば.wav,_ばばべばびば,,0,vcv,44100,1,4.124626,true,true,
門脇舞以,まいた,連続音_PLANE,_ぱぱぺぱぴぱ.wav,research/data/raw/reference/utau-samples/門脇舞以/連続音_PLANE/_ぱぱぺぱぴぱ.wav,_ぱぱぺぱぴぱ,,0,vcv,44100,1,4.124626,true,true,
門脇舞以,まいた,連続音_PLANE,_ひぇひぇひひぇひゅひぇ.wav,research/data/raw/reference/utau-samples/門脇舞以/連続音_PLANE/_ひぇひぇひひぇひゅひぇ.wav,_ひぇひぇひひぇひゅひぇ,- ひぇP,6,vcv,44100,1,4.249615,true,true,
門脇舞以,まいた,連続音_PLANE,_ひひひゅひひょひ.wav,research/data/raw/reference/utau-samples/門脇舞以/連続音_PLANE/_ひひひゅひひょひ.wav,_ひひひゅひひょひ,- ひP,6,vcv,44100,1,4.124626,true,true,
門脇舞以,まいた,連続音_PLANE,_ひひふひほひ.wav,research/data/raw/reference/utau-samples/門脇舞以/連続音_PLANE/_ひひふひほひ.wav,_ひひふひほひ,i ふP,2,vcv,44100,1,4.124626,true,true,
門脇舞以,まいた,連続音_PLANE,_ひゃひゃひぇひゃひひゃ.wav,research/data/raw/reference/utau-samples/門脇舞以/連続音_PLANE/_ひゃひゃひぇひゃひひゃ.wav,_ひゃひゃひぇひゃひひゃ,- ひゃP,5,vcv,44100,1,4.124626,true,true,
門脇舞以,まいた,連続音_PLANE,_ひゅひゅひょひゅひゃひゅ.wav,research/data/raw/reference/utau-samples/門脇舞以/連続音_PLANE/_ひゅひゅひょひゅひゃひゅ.wav,_ひゅひゅひょひゅひゃひゅ,- ひゅP,6,vcv,44100,1,4.249615,true,true,
門脇舞以,まいた,連続音_PLANE,_ひょひょひゃひょひぇひょ.wav,research/data/raw/reference/utau-samples/門脇舞以/連続音_PLANE/_ひょひょひゃひょひぇひょ.wav,_ひょひょひゃひょひぇひょ,- ひょP,6,vcv,44100,1,4.249615,true,true,
門脇舞以,まいた,連続音_PLANE,_びぇびぇびびぇびゅびぇ.wav,research/data/raw/reference/utau-samples/門脇舞以/連続音_PLANE/_びぇびぇびびぇびゅびぇ.wav,_びぇびぇびびぇびゅびぇ,,0,vcv,44100,1,4.249615,true,true,
門脇舞以,まいた,連続音_PLANE,_びびびゅびびょび.wav,research/data/raw/reference/utau-samples/門脇舞以/連続音_PLANE/_びびびゅびびょび.wav,_びびびゅびびょび,,0,vcv,44100,1,4.124626,true,true,
門脇舞以,まいた,連続音_PLANE,_びびぶびぼび.wav,research/data/raw/reference/utau-samples/門脇舞以/連続音_PLANE/_びびぶびぼび.wav,_びびぶびぼび,,0,vcv,44100,1,4.124626,true,true,
門脇舞以,まいた,連続音_PLANE,_びゃびゃびぇびゃびびゃ.wav,research/data/raw/reference/utau-samples/門脇舞以/連続音_PLANE/_びゃびゃびぇびゃびびゃ.wav,_びゃびゃびぇびゃびびゃ,,0,vcv,44100,1,4.124626,true,true,
門脇舞以,まいた,連続音_PLANE,_びゅびゅびょびゅびゃびゅ.wav,research/data/raw/reference/utau-samples/門脇舞以/連続音_PLANE/_びゅびゅびょびゅびゃびゅ.wav,_びゅびゅびょびゅびゃびゅ,,0,vcv,44100,1,4.249615,true,true,
門脇舞以,まいた,連続音_PLANE,_びょびょびゃびょびぇびょ.wav,research/data/raw/reference/utau-samples/門脇舞以/連続音_PLANE/_びょびょびゃびょびぇびょ.wav,_びょびょびゃびょびぇびょ,,0,vcv,44100,1,4.124626,true,true,
門脇舞以,まいた,連続音_PLANE,_ぴぇぴぇぴぴぇぴゅぴぇ.wav,research/data/raw/reference/utau-samples/門脇舞以/連続音_PLANE/_ぴぇぴぇぴぴぇぴゅぴぇ.wav,_ぴぇぴぇぴぴぇぴゅぴぇ,,0,vcv,44100,1,4.249615,true,true,
門脇舞以,まいた,連続音_PLANE,_ぴぴぴゅぴぴょぴ.wav,research/data/raw/reference/utau-samples/門脇舞以/連続音_PLANE/_ぴぴぴゅぴぴょぴ.wav,_ぴぴぴゅぴぴょぴ,,0,vcv,44100,1,4.249615,true,true,
門脇舞以,まいた,連続音_PLANE,_ぴぴぷぴぽぴ.wav,research/data/raw/reference/utau-samples/門脇舞以/連続音_PLANE/_ぴぴぷぴぽぴ.wav,_ぴぴぷぴぽぴ,,0,vcv,44100,1,4.249615,true,true,
門脇舞以,まいた,連続音_PLANE,_ぴゃぴゃぴぇぴゃぴぴゃ.wav,research/data/raw/reference/utau-samples/門脇舞以/連続音_PLANE/_ぴゃぴゃぴぇぴゃぴぴゃ.wav,_ぴゃぴゃぴぇぴゃぴぴゃ,,0,vcv,44100,1,4.124626,true,true,
門脇舞以,まいた,連続音_PLANE,_ぴゅぴゅぴょぴゅぴゃぴゅ.wav,research/data/raw/reference/utau-samples/門脇舞以/連続音_PLANE/_ぴゅぴゅぴょぴゅぴゃぴゅ.wav,_ぴゅぴゅぴょぴゅぴゃぴゅ,,0,vcv,44100,1,4.124626,true,true,
門脇舞以,まいた,連続音_PLANE,_ぴょぴょぴゃぴょぴぇぴょ.wav,research/data/raw/reference/utau-samples/門脇舞以/連続音_PLANE/_ぴょぴょぴゃぴょぴぇぴょ.wav,_ぴょぴょぴゃぴょぴぇぴょ,,0,vcv,44100,1,4.124626,true,true,
門脇舞以,まいた,連続音_PLANE,_ふぁふぁふぇふぁふぃふぁ.wav,research/data/raw/reference/utau-samples/門脇舞以/連続音_PLANE/_ふぁふぁふぇふぁふぃふぁ.wav,_ふぁふぁふぇふぁふぃふぁ,- ふぁP,6,vcv,44100,1,4.249615,true,true,
門脇舞以,まいた,連続音_PLANE,_ふぃふぃふふぃふぉふぃ.wav,research/data/raw/reference/utau-samples/門脇舞以/連続音_PLANE/_ふぃふぃふふぃふぉふぃ.wav,_ふぃふぃふふぃふぉふぃ,- ふぃP,5,vcv,44100,1,4.124626,true,true,
門脇舞以,まいた,連続音_PLANE,_ふぇふぇふぃふぇふふぇ.wav,research/data/raw/reference/utau-samples/門脇舞以/連続音_PLANE/_ふぇふぇふぃふぇふふぇ.wav,_ふぇふぇふぃふぇふふぇ,- ふぇP,6,vcv,44100,1,4.249615,true,true,
門脇舞以,まいた,連続音_PLANE,_ふぉふぉふぁふぉふぇふぉ.wav,research/data/raw/reference/utau-samples/門脇舞以/連続音_PLANE/_ふぉふぉふぁふぉふぇふぉ.wav,_ふぉふぉふぁふぉふぇふぉ,- ふぉP,6,vcv,44100,1,4.124626,true,true,
門脇舞以,まいた,連続音_PLANE,_ふふふぉふふぁふ.wav,research/data/raw/reference/utau-samples/門脇舞以/連続音_PLANE/_ふふふぉふふぁふ.wav,_ふふふぉふふぁふ,- ふP,6,vcv,44100,1,4.187120,true,true,
門脇舞以,まいた,連続音_PLANE,_ふふほふはふ.wav,research/data/raw/reference/utau-samples/門脇舞以/連続音_PLANE/_ふふほふはふ.wav,_ふふほふはふ,u ほP,2,vcv,44100,1,4.124626,true,true,
門脇舞以,まいた,連続音_PLANE,_ぶぶぼぶばぶ.wav,research/data/raw/reference/utau-samples/門脇舞以/連続音_PLANE/_ぶぶぼぶばぶ.wav,_ぶぶぼぶばぶ,,0,vcv,44100,1,4.249615,true,true,
門脇舞以,まいた,連続音_PLANE,_ぷぷぽぷぱぷ.wav,research/data/raw/reference/utau-samples/門脇舞以/連続音_PLANE/_ぷぷぽぷぱぷ.wav,_ぷぷぽぷぱぷ,,0,vcv,44100,1,4.124626,true,true,
門脇舞以,まいた,連続音_PLANE,_へへひへふへ.wav,research/data/raw/reference/utau-samples/門脇舞以/連続音_PLANE/_へへひへふへ.wav,_へへひへふへ,- へP,4,vcv,44100,1,4.249615,true,true,
門脇舞以,まいた,連続音_PLANE,_べべびべぶべ.wav,research/data/raw/reference/utau-samples/門脇舞以/連続音_PLANE/_べべびべぶべ.wav,_べべびべぶべ,,0,vcv,44100,1,4.124626,true,true,
門脇舞以,まいた,連続音_PLANE,_ぺぺぴぺぷぺ.wav,research/data/raw/reference/utau-samples/門脇舞以/連続音_PLANE/_ぺぺぴぺぷぺ.wav,_ぺぺぴぺぷぺ,,0,vcv,44100,1,4.249615,true,true,
門脇舞以,まいた,連続音_PLANE,_ほほはほへほ.wav,research/data/raw/reference/utau-samples/門脇舞以/連続音_PLANE/_ほほはほへほ.wav,_ほほはほへほ,- ほP,6,vcv,44100,1,4.249615,true,true,
門脇舞以,まいた,連続音_PLANE,_ぼぼばぼべぼ.wav,research/data/raw/reference/utau-samples/門脇舞以/連続音_PLANE/_ぼぼばぼべぼ.wav,_ぼぼばぼべぼ,,0,vcv,44100,1,4.124626,true,true,
門脇舞以,まいた,連続音_PLANE,_ぽぽぱぽぺぽ.wav,research/data/raw/reference/utau-samples/門脇舞以/連続音_PLANE/_ぽぽぱぽぺぽ.wav,_ぽぽぱぽぺぽ,,0,vcv,44100,1,4.249615,true,true,
門脇舞以,まいた,連続音_PLANE,_ままめまみま.wav,research/data/raw/reference/utau-samples/門脇舞以/連続音_PLANE/_ままめまみま.wav,_ままめまみま,- まP,6,vcv,44100,1,4.124626,true,true,
門脇舞以,まいた,連続音_PLANE,_みぇみぇみみぇみゅみぇ.wav,research/data/raw/reference/utau-samples/門脇舞以/連続音_PLANE/_みぇみぇみみぇみゅみぇ.wav,_みぇみぇみみぇみゅみぇ,- みぇP,6,vcv,44100,1,4.249615,true,true,
門脇舞以,まいた,連続音_PLANE,_みみみゅみみょみ.wav,research/data/raw/reference/utau-samples/門脇舞以/連続音_PLANE/_みみみゅみみょみ.wav,_みみみゅみみょみ,- みP,6,vcv,44100,1,4.124626,true,true,
門脇舞以,まいた,連続音_PLANE,_みみむみもみ.wav,research/data/raw/reference/utau-samples/門脇舞以/連続音_PLANE/_みみむみもみ.wav,_みみむみもみ,i むP,2,vcv,44100,1,4.249615,true,true,
門脇舞以,まいた,連続音_PLANE,_みゃみゃみぇみゃみみゃ.wav,research/data/raw/reference/utau-samples/門脇舞以/連続音_PLANE/_みゃみゃみぇみゃみみゃ.wav,_みゃみゃみぇみゃみみゃ,- みゃP,5,vcv,44100,1,4.249615,true,true,
門脇舞以,まいた,連続音_PLANE,_みゅみゅみょみゅみゃみゅ.wav,research/data/raw/reference/utau-samples/門脇舞以/連続音_PLANE/_みゅみゅみょみゅみゃみゅ.wav,_みゅみゅみょみゅみゃみゅ,- みゅP,6,vcv,44100,1,4.249615,true,true,
門脇舞以,まいた,連続音_PLANE,_みょみょみゃみょみぇみょ.wav,research/data/raw/reference/utau-samples/門脇舞以/連続音_PLANE/_みょみょみゃみょみぇみょ.wav,_みょみょみゃみょみぇみょ,- みょP,6,vcv,44100,1,4.187120,true,true,
門脇舞以,まいた,連続音_PLANE,_むむもむまむ.wav,research/data/raw/reference/utau-samples/門脇舞以/連続音_PLANE/_むむもむまむ.wav,_むむもむまむ,- むP,6,vcv,44100,1,4.249615,true,true,
門脇舞以,まいた,連続音_PLANE,_めめみめむめ.wav,research/data/raw/reference/utau-samples/門脇舞以/連続音_PLANE/_めめみめむめ.wav,_めめみめむめ,- めP,5,vcv,44100,1,4.124626,true,true,
門脇舞以,まいた,連続音_PLANE,_ももまもめも.wav,research/data/raw/reference/utau-samples/門脇舞以/連続音_PLANE/_ももまもめも.wav,_ももまもめも,- もP,6,vcv,44100,1,4.187120,true,true,
門脇舞以,まいた,連続音_PLANE,_ややいぇやいや.wav,research/data/raw/reference/utau-samples/門脇舞以/連続音_PLANE/_ややいぇやいや.wav,_ややいぇやいや,- やP,5,vcv,44100,1,4.124626,true,true,
門脇舞以,まいた,連続音_PLANE,_ゆゆよゆやゆ.wav,research/data/raw/reference/utau-samples/門脇舞以/連続音_PLANE/_ゆゆよゆやゆ.wav,_ゆゆよゆやゆ,- ゆP,6,vcv,44100,1,4.187120,true,true,
門脇舞以,まいた,連続音_PLANE,_よよやよいぇよ.wav,research/data/raw/reference/utau-samples/門脇舞以/連続音_PLANE/_よよやよいぇよ.wav,_よよやよいぇよ,- よP,6,vcv,44100,1,4.124626,true,true,
門脇舞以,まいた,連続音_PLANE,_らられらりら.wav,research/data/raw/reference/utau-samples/門脇舞以/連続音_PLANE/_らられらりら.wav,_らられらりら,- らP,6,vcv,44100,1,4.124626,true,true,
門脇舞以,まいた,連続音_PLANE,_りぇりぇりりぇりゅりぇ.wav,research/data/raw/reference/utau-samples/門脇舞以/連続音_PLANE/_りぇりぇりりぇりゅりぇ.wav,_りぇりぇりりぇりゅりぇ,- りぇP,6,vcv,44100,1,4.124626,true,true,
門脇舞以,まいた,連続音_PLANE,_りゃりゃりぇりゃりりゃ.wav,research/data/raw/reference/utau-samples/門脇舞以/連続音_PLANE/_りゃりゃりぇりゃりりゃ.wav,_りゃりゃりぇりゃりりゃ,- りゃP,5,vcv,44100,1,4.124626,true,true,
門脇舞以,まいた,連続音_PLANE,_りゅりゅりょりゅりゃりゅ.wav,research/data/raw/reference/utau-samples/門脇舞以/連続音_PLANE/_りゅりゅりょりゅりゃりゅ.wav,_りゅりゅりょりゅりゃりゅ,- りゅP,6,vcv,44100,1,4.124626,true,true,
門脇舞以,まいた,連続音_PLANE,_りょりょりゃりょりぇりょ.wav,research/data/raw/reference/utau-samples/門脇舞以/連続音_PLANE/_りょりょりゃりょりぇりょ.wav,_りょりょりゃりょりぇりょ,- りょP,6,vcv,44100,1,4.187120,true,true,
門脇舞以,まいた,連続音_PLANE,_りりりゅりりょり.wav,research/data/raw/reference/utau-samples/門脇舞以/連続音_PLANE/_りりりゅりりょり.wav,_りりりゅりりょり,- りP,6,vcv,44100,1,4.249615,true,true,
門脇舞以,まいた,連続音_PLANE,_りりるりろり.wav,research/data/raw/reference/utau-samples/門脇舞以/連続音_PLANE/_りりるりろり.wav,_りりるりろり,i るP,2,vcv,44100,1,4.249615,true,true,
門脇舞以,まいた,連続音_PLANE,_るるろるらる.wav,research/data/raw/reference/utau-samples/門脇舞以/連続音_PLANE/_るるろるらる.wav,_るるろるらる,- るP,6,vcv,44100,1,4.124626,true,true,
門脇舞以,まいた,連続音_PLANE,_れれりれるれ.wav,research/data/raw/reference/utau-samples/門脇舞以/連続音_PLANE/_れれりれるれ.wav,_れれりれるれ,- れP,5,vcv,44100,1,4.124626,true,true,
門脇舞以,まいた,連続音_PLANE,_ろろらろれろ.wav,research/data/raw/reference/utau-samples/門脇舞以/連続音_PLANE/_ろろらろれろ.wav,_ろろらろれろ,- ろP,6,vcv,44100,1,4.124626,true,true,
門脇舞以,まいた,連続音_PLANE,_わわうぇわうぃわ.wav,research/data/raw/reference/utau-samples/門脇舞以/連続音_PLANE/_わわうぇわうぃわ.wav,_わわうぇわうぃわ,- わP,6,vcv,44100,1,4.124626,true,true,
門脇舞以,まいた,連続音_PLANE,_んあんいんう.wav,research/data/raw/reference/utau-samples/門脇舞以/連続音_PLANE/_んあんいんう.wav,_んあんいんう,- んP,6,vcv,44100,1,4.249615,true,true,
門脇舞以,まいた,連続音_PLANE,_んいんゆんよ.wav,research/data/raw/reference/utau-samples/門脇舞以/連続音_PLANE/_んいんゆんよ.wav,_んいんゆんよ,n ゆP,3,vcv,44100,1,4.187120,true,true,
門脇舞以,まいた,連続音_PLANE,_んうぃんうんうぉ.wav,research/data/raw/reference/utau-samples/門脇舞以/連続音_PLANE/_んうぃんうんうぉ.wav,_んうぃんうんうぉ,n うぃP,2,vcv,44100,1,4.249615,true,true,
門脇舞以,まいた,連続音_PLANE,_んえんおんん.wav,research/data/raw/reference/utau-samples/門脇舞以/連続音_PLANE/_んえんおんん.wav,_んえんおんん,n えP,5,vcv,44100,1,4.187120,true,true,
門脇舞以,まいた,連続音_PLANE,_んかんけんき.wav,research/data/raw/reference/utau-samples/門脇舞以/連続音_PLANE/_んかんけんき.wav,_んかんけんき,n かP,3,vcv,44100,1,4.187120,true,true,
門脇舞以,まいた,連続音_PLANE,_んがんげんぎ.wav,research/data/raw/reference/utau-samples/門脇舞以/連続音_PLANE/_んがんげんぎ.wav,_んがんげんぎ,,0,vcv,44100,1,4.124626,true,true,
門脇舞以,まいた,連続音_PLANE,_んきゃんきぇんき.wav,research/data/raw/reference/utau-samples/門脇舞以/連続音_PLANE/_んきゃんきぇんき.wav,_んきゃんきぇんき,n きゃP,2,vcv,44100,1,4.249615,true,true,
門脇舞以,まいた,連続音_PLANE,_んきんきゅんきょ.wav,research/data/raw/reference/utau-samples/門脇舞以/連続音_PLANE/_んきんきゅんきょ.wav,_んきんきゅんきょ,n きゅP,2,vcv,44100,1,4.187120,true,true,
門脇舞以,まいた,連続音_PLANE,_んきんくんこ.wav,research/data/raw/reference/utau-samples/門脇舞以/連続音_PLANE/_んきんくんこ.wav,_んきんくんこ,n くP,2,vcv,44100,1,4.124626,true,true,
門脇舞以,まいた,連続音_PLANE,_んぎゃんぎぇんぎ.wav,research/data/raw/reference/utau-samples/門脇舞以/連続音_PLANE/_んぎゃんぎぇんぎ.wav,_んぎゃんぎぇんぎ,,0,vcv,44100,1,4.187120,true,true,
門脇舞以,まいた,連続音_PLANE,_んぎんぎゅんぎょ.wav,research/data/raw/reference/utau-samples/門脇舞以/連続音_PLANE/_んぎんぎゅんぎょ.wav,_んぎんぎゅんぎょ,,0,vcv,44100,1,4.124626,true,true,
門脇舞以,まいた,連続音_PLANE,_んぎんぐんご.wav,research/data/raw/reference/utau-samples/門脇舞以/連続音_PLANE/_んぎんぐんご.wav,_んぎんぐんご,,0,vcv,44100,1,4.249615,true,true,
門脇舞以,まいた,連続音_PLANE,_んさんせんすぃ.wav,research/data/raw/reference/utau-samples/門脇舞以/連続音_PLANE/_んさんせんすぃ.wav,_んさんせんすぃ,n さP,3,vcv,44100,1,4.249615,true,true,
門脇舞以,まいた,連続音_PLANE,_んざんぜんずぃ.wav,research/data/raw/reference/utau-samples/門脇舞以/連続音_PLANE/_んざんぜんずぃ.wav,_んざんぜんずぃ,,0,vcv,44100,1,4.187120,true,true,
門脇舞以,まいた,連続音_PLANE,_んしゃんしぇんし.wav,research/data/raw/reference/utau-samples/門脇舞以/連続音_PLANE/_んしゃんしぇんし.wav,_んしゃんしぇんし,n しゃP,3,vcv,44100,1,4.249615,true,true,
門脇舞以,まいた,連続音_PLANE,_んしんしゅんしょ.wav,research/data/raw/reference/utau-samples/門脇舞以/連続音_PLANE/_んしんしゅんしょ.wav,_んしんしゅんしょ,n しゅP,2,vcv,44100,1,4.124626,true,true,
門脇舞以,まいた,連続音_PLANE,_んじゃんじぇんじ.wav,research/data/raw/reference/utau-samples/門脇舞以/連続音_PLANE/_んじゃんじぇんじ.wav,_んじゃんじぇんじ,,0,vcv,44100,1,4.187120,true,true,
門脇舞以,まいた,連続音_PLANE,_んじんじゅんじょ.wav,research/data/raw/reference/utau-samples/門脇舞以/連続音_PLANE/_んじんじゅんじょ.wav,_んじんじゅんじょ,,0,vcv,44100,1,4.187120,true,true,
門脇舞以,まいた,連続音_PLANE,_んすぃんすんそ.wav,research/data/raw/reference/utau-samples/門脇舞以/連続音_PLANE/_んすぃんすんそ.wav,_んすぃんすんそ,n すP,2,vcv,44100,1,4.249615,true,true,
門脇舞以,まいた,連続音_PLANE,_んずぃんずんぞ.wav,research/data/raw/reference/utau-samples/門脇舞以/連続音_PLANE/_んずぃんずんぞ.wav,_んずぃんずんぞ,,0,vcv,44100,1,4.249615,true,true,
門脇舞以,まいた,連続音_PLANE,_んたんてんてぃ.wav,research/data/raw/reference/utau-samples/門脇舞以/連続音_PLANE/_んたんてんてぃ.wav,_んたんてんてぃ,n たP,3,vcv,44100,1,4.187120,true,true,
門脇舞以,まいた,連続音_PLANE,_んだんでんでぃ.wav,research/data/raw/reference/utau-samples/門脇舞以/連続音_PLANE/_んだんでんでぃ.wav,_んだんでんでぃ,,0,vcv,44100,1,4.249615,true,true,
門脇舞以,まいた,連続音_PLANE,_んちゃんちぇんち.wav,research/data/raw/reference/utau-samples/門脇舞以/連続音_PLANE/_んちゃんちぇんち.wav,_んちゃんちぇんち,n ちゃP,3,vcv,44100,1,4.249615,true,true,
門脇舞以,まいた,連続音_PLANE,_んちんちゅんちょ.wav,research/data/raw/reference/utau-samples/門脇舞以/連続音_PLANE/_んちんちゅんちょ.wav,_んちんちゅんちょ,n ちゅP,2,vcv,44100,1,4.124626,true,true,
門脇舞以,まいた,連続音_PLANE,_んつぁんつぇんつぃ.wav,research/data/raw/reference/utau-samples/門脇舞以/連続音_PLANE/_んつぁんつぇんつぃ.wav,_んつぁんつぇんつぃ,n つぁP,3,vcv,44100,1,4.124626,true,true,
門脇舞以,まいた,連続音_PLANE,_んつぃんつんつぉ.wav,research/data/raw/reference/utau-samples/門脇舞以/連続音_PLANE/_んつぃんつんつぉ.wav,_んつぃんつんつぉ,n つP,2,vcv,44100,1,4.124626,true,true,
門脇舞以,まいた,連続音_PLANE,_んてぃんとぅんと.wav,research/data/raw/reference/utau-samples/門脇舞以/連続音_PLANE/_んてぃんとぅんと.wav,_んてぃんとぅんと,n とぅP,2,vcv,44100,1,4.124626,true,true,
門脇舞以,まいた,連続音_PLANE,_んでぃんどぅんど.wav,research/data/raw/reference/utau-samples/門脇舞以/連続音_PLANE/_んでぃんどぅんど.wav,_んでぃんどぅんど,,0,vcv,44100,1,4.187120,true,true,
門脇舞以,まいた,連続音_PLANE,_んなんねんに.wav,research/data/raw/reference/utau-samples/門脇舞以/連続音_PLANE/_んなんねんに.wav,_んなんねんに,n なP,3,vcv,44100,1,4.187120,true,true,
門脇舞以,まいた,連続音_PLANE,_んにゃんにぇんに.wav,research/data/raw/reference/utau-samples/門脇舞以/連続音_PLANE/_んにゃんにぇんに.wav,_んにゃんにぇんに,n にゃP,2,vcv,44100,1,4.124626,true,true,
門脇舞以,まいた,連続音_PLANE,_んにんにゅんにょ.wav,research/data/raw/reference/utau-samples/門脇舞以/連続音_PLANE/_んにんにゅんにょ.wav,_んにんにゅんにょ,n にゅP,2,vcv,44100,1,4.187120,true,true,
門脇舞以,まいた,連続音_PLANE,_んにんぬんの.wav,research/data/raw/reference/utau-samples/門脇舞以/連続音_PLANE/_んにんぬんの.wav,_んにんぬんの,n ぬP,2,vcv,44100,1,4.249615,true,true,
門脇舞以,まいた,連続音_PLANE,_んはんへんひ.wav,research/data/raw/reference/utau-samples/門脇舞以/連続音_PLANE/_んはんへんひ.wav,_んはんへんひ,n はP,3,vcv,44100,1,4.124626,true,true,
門脇舞以,まいた,連続音_PLANE,_んばんべんび.wav,research/data/raw/reference/utau-samples/門脇舞以/連続音_PLANE/_んばんべんび.wav,_んばんべんび,,0,vcv,44100,1,4.249615,true,true,
門脇舞以,まいた,連続音_PLANE,_んぱんぺんぴ.wav,research/data/raw/reference/utau-samples/門脇舞以/連続音_PLANE/_んぱんぺんぴ.wav,_んぱんぺんぴ,,0,vcv,44100,1,4.124626,true,true,
門脇舞以,まいた,連続音_PLANE,_んひゃんひぇんひ.wav,research/data/raw/reference/utau-samples/門脇舞以/連続音_PLANE/_んひゃんひぇんひ.wav,_んひゃんひぇんひ,n ひゃP,2,vcv,44100,1,4.124626,true,true,
門脇舞以,まいた,連続音_PLANE,_んひんひゅんひょ.wav,research/data/raw/reference/utau-samples/門脇舞以/連続音_PLANE/_んひんひゅんひょ.wav,_んひんひゅんひょ,n ひゅP,2,vcv,44100,1,4.187120,true,true,
門脇舞以,まいた,連続音_PLANE,_んひんふんほ.wav,research/data/raw/reference/utau-samples/門脇舞以/連続音_PLANE/_んひんふんほ.wav,_んひんふんほ,n ふP,2,vcv,44100,1,4.124626,true,true,
門脇舞以,まいた,連続音_PLANE,_んびゃんびぇんび.wav,research/data/raw/reference/utau-samples/門脇舞以/連続音_PLANE/_んびゃんびぇんび.wav,_んびゃんびぇんび,,0,vcv,44100,1,4.249615,true,true,
門脇舞以,まいた,連続音_PLANE,_んびんびゅんびょ.wav,research/data/raw/reference/utau-samples/門脇舞以/連続音_PLANE/_んびんびゅんびょ.wav,_んびんびゅんびょ,,0,vcv,44100,1,4.249615,true,true,
門脇舞以,まいた,連続音_PLANE,_んびんぶんぼ.wav,research/data/raw/reference/utau-samples/門脇舞以/連続音_PLANE/_んびんぶんぼ.wav,_んびんぶんぼ,,0,vcv,44100,1,4.187120,true,true,
門脇舞以,まいた,連続音_PLANE,_んぴゃんぴぇんぴ.wav,research/data/raw/reference/utau-samples/門脇舞以/連続音_PLANE/_んぴゃんぴぇんぴ.wav,_んぴゃんぴぇんぴ,,0,vcv,44100,1,4.249615,true,true,
門脇舞以,まいた,連続音_PLANE,_んぴんぴゅんぴょ.wav,research/data/raw/reference/utau-samples/門脇舞以/連続音_PLANE/_んぴんぴゅんぴょ.wav,_んぴんぴゅんぴょ,,0,vcv,44100,1,4.187120,true,true,
門脇舞以,まいた,連続音_PLANE,_んぴんぷんぽ.wav,research/data/raw/reference/utau-samples/門脇舞以/連続音_PLANE/_んぴんぷんぽ.wav,_んぴんぷんぽ,,0,vcv,44100,1,4.124626,true,true,
門脇舞以,まいた,連続音_PLANE,_んふぁんふぇんふぃ.wav,research/data/raw/reference/utau-samples/門脇舞以/連続音_PLANE/_んふぁんふぇんふぃ.wav,_んふぁんふぇんふぃ,n ふぁP,3,vcv,44100,1,4.249615,true,true,
門脇舞以,まいた,連続音_PLANE,_んふぃんふんふぉ.wav,research/data/raw/reference/utau-samples/門脇舞以/連続音_PLANE/_んふぃんふんふぉ.wav,_んふぃんふんふぉ,n ふぉP,1,vcv,44100,1,4.187120,true,true,
門脇舞以,まいた,連続音_PLANE,_んまんめんみ.wav,research/data/raw/reference/utau-samples/門脇舞以/連続音_PLANE/_んまんめんみ.wav,_んまんめんみ,n まP,3,vcv,44100,1,4.124626,true,true,
門脇舞以,まいた,連続音_PLANE,_んみゃんみぇんみ.wav,research/data/raw/reference/utau-samples/門脇舞以/連続音_PLANE/_んみゃんみぇんみ.wav,_んみゃんみぇんみ,n みゃP,2,vcv,44100,1,4.124626,true,true,
門脇舞以,まいた,連続音_PLANE,_んみんみゅんみょ.wav,research/data/raw/reference/utau-samples/門脇舞以/連続音_PLANE/_んみんみゅんみょ.wav,_んみんみゅんみょ,n みゅP,2,vcv,44100,1,4.124626,true,true,
門脇舞以,まいた,連続音_PLANE,_んみんむんも.wav,research/data/raw/reference/utau-samples/門脇舞以/連続音_PLANE/_んみんむんも.wav,_んみんむんも,n むP,2,vcv,44100,1,4.249615,true,true,
門脇舞以,まいた,連続音_PLANE,_んやんいぇんい.wav,research/data/raw/reference/utau-samples/門脇舞以/連続音_PLANE/_んやんいぇんい.wav,_んやんいぇんい,n やP,2,vcv,44100,1,4.124626,true,true,
門脇舞以,まいた,連続音_PLANE,_んらんれんり.wav,research/data/raw/reference/utau-samples/門脇舞以/連続音_PLANE/_んらんれんり.wav,_んらんれんり,n らP,3,vcv,44100,1,4.249615,true,true,
門脇舞以,まいた,連続音_PLANE,_んりゃんりぇんり.wav,research/data/raw/reference/utau-samples/門脇舞以/連続音_PLANE/_んりゃんりぇんり.wav,_んりゃんりぇんり,n りゃP,2,vcv,44100,1,4.124626,true,true,
門脇舞以,まいた,連続音_PLANE,_んりんりゅんりょ.wav,research/data/raw/reference/utau-samples/門脇舞以/連続音_PLANE/_んりんりゅんりょ.wav,_んりんりゅんりょ,n りゅP,2,vcv,44100,1,4.187120,true,true,
門脇舞以,まいた,連続音_PLANE,_んりんるんろ.wav,research/data/raw/reference/utau-samples/門脇舞以/連続音_PLANE/_んりんるんろ.wav,_んりんるんろ,n るP,2,vcv,44100,1,4.249615,true,true,
門脇舞以,まいた,連続音_PLANE,_んわんうぇんうぃ.wav,research/data/raw/reference/utau-samples/門脇舞以/連続音_PLANE/_んわんうぇんうぃ.wav,_んわんうぇんうぃ,n わP,2,vcv,44100,1,4.249615,true,true,
